This job can be monitored from: https://job.c3se.chalmers.se/alvis/6351717
============================================================
Run started: 2026-04-07 18:50:15
Log file:    /mimer/NOBACKUP/groups/caim1/dafne/checkpoints/32_condchannels/training.log
============================================================
Using device: cuda
Train=425, Val=75, Test=100
Loaded DVF stats: mean=-3.174312, std=10.820530
No checkpoint found — starting from scratch
Epoch 001/1000 | λ=1.00e-04 | LR=1.00e-04 | Train [Total=1.19560 MSE=0.94528 Smooth=0.25032] | Val   [Total=1.64186 MSE=0.84618 Smooth=0.79568] *** BEST ***
Epoch 002/1000 | λ=1.00e-04 | LR=1.00e-04 | Train [Total=0.93015 MSE=0.72682 Smooth=0.20333] | Val   [Total=1.17468 MSE=0.64370 Smooth=0.53098] *** BEST ***
Epoch 003/1000 | λ=1.00e-04 | LR=1.00e-04 | Train [Total=0.71376 MSE=0.57513 Smooth=0.13863] | Val   [Total=0.92534 MSE=0.53462 Smooth=0.39072] *** BEST ***
Epoch 004/1000 | λ=1.00e-04 | LR=1.00e-04 | Train [Total=0.53526 MSE=0.45938 Smooth=0.07588] | Val   [Total=0.71388 MSE=0.43626 Smooth=0.27762] *** BEST ***
Epoch 005/1000 | λ=1.00e-04 | LR=1.00e-04 | Train [Total=0.41900 MSE=0.36304 Smooth=0.05596] | Val   [Total=0.55761 MSE=0.36454 Smooth=0.19307] *** BEST ***
Epoch 006/1000 | λ=1.00e-04 | LR=1.00e-04 | Train [Total=0.34448 MSE=0.30414 Smooth=0.04033] | Val   [Total=0.43365 MSE=0.30361 Smooth=0.13005] *** BEST ***
Epoch 007/1000 | λ=1.00e-04 | LR=1.00e-04 | Train [Total=0.26778 MSE=0.24382 Smooth=0.02397] | Val   [Total=0.35392 MSE=0.26339 Smooth=0.09054] *** BEST ***
Epoch 008/1000 | λ=1.00e-04 | LR=1.00e-04 | Train [Total=0.22450 MSE=0.20309 Smooth=0.02141] | Val   [Total=0.30285 MSE=0.23822 Smooth=0.06464] *** BEST ***
Epoch 009/1000 | λ=1.00e-04 | LR=1.00e-04 | Train [Total=0.20263 MSE=0.18774 Smooth=0.01489] | Val   [Total=0.26567 MSE=0.21467 Smooth=0.05100] *** BEST ***
Epoch 010/1000 | λ=1.00e-04 | LR=1.00e-04 | Train [Total=0.16161 MSE=0.14920 Smooth=0.01241] | Val   [Total=0.24064 MSE=0.19879 Smooth=0.04185] *** BEST ***
Epoch 011/1000 | λ=1.00e-04 | LR=1.00e-04 | Train [Total=0.16545 MSE=0.15593 Smooth=0.00952] | Val   [Total=0.22414 MSE=0.18899 Smooth=0.03515] *** BEST ***
Epoch 012/1000 | λ=1.00e-04 | LR=1.00e-04 | Train [Total=0.14334 MSE=0.13415 Smooth=0.00919] | Val   [Total=0.21530 MSE=0.18488 Smooth=0.03042] *** BEST ***
Epoch 013/1000 | λ=1.00e-04 | LR=1.00e-04 | Train [Total=0.18835 MSE=0.18167 Smooth=0.00668] | Val   [Total=0.21310 MSE=0.18614 Smooth=0.02696] *** BEST ***
Epoch 014/1000 | λ=1.00e-04 | LR=1.00e-04 | Train [Total=0.12166 MSE=0.11444 Smooth=0.00723] | Val   [Total=0.19028 MSE=0.16766 Smooth=0.02262] *** BEST ***
Epoch 015/1000 | λ=1.00e-04 | LR=9.99e-05 | Train [Total=0.13090 MSE=0.12620 Smooth=0.00470] | Val   [Total=0.18187 MSE=0.16220 Smooth=0.01966] *** BEST ***
Epoch 016/1000 | λ=1.00e-04 | LR=9.99e-05 | Train [Total=0.12758 MSE=0.12318 Smooth=0.00441] | Val   [Total=0.17513 MSE=0.15768 Smooth=0.01744] *** BEST ***
Epoch 017/1000 | λ=1.00e-04 | LR=9.99e-05 | Train [Total=0.12575 MSE=0.12091 Smooth=0.00485] | Val   [Total=0.17055 MSE=0.15554 Smooth=0.01502] *** BEST ***
Epoch 018/1000 | λ=1.00e-04 | LR=9.99e-05 | Train [Total=0.12031 MSE=0.11712 Smooth=0.00319] | Val   [Total=0.16409 MSE=0.15007 Smooth=0.01402] *** BEST ***
Epoch 019/1000 | λ=1.00e-04 | LR=9.99e-05 | Train [Total=0.10095 MSE=0.09696 Smooth=0.00399] | Val   [Total=0.15905 MSE=0.14644 Smooth=0.01260] *** BEST ***
Epoch 020/1000 | λ=1.00e-04 | LR=9.99e-05 | Train [Total=0.09587 MSE=0.09219 Smooth=0.00368] | Val   [Total=0.15413 MSE=0.14279 Smooth=0.01134] *** BEST ***
Epoch 021/1000 | λ=1.00e-04 | LR=9.99e-05 | Train [Total=0.11845 MSE=0.11582 Smooth=0.00263] | Val   [Total=0.15040 MSE=0.13960 Smooth=0.01080] *** BEST ***
Epoch 022/1000 | λ=1.00e-04 | LR=9.99e-05 | Train [Total=0.09103 MSE=0.08882 Smooth=0.00221] | Val   [Total=0.14950 MSE=0.13883 Smooth=0.01067] *** BEST ***
Epoch 023/1000 | λ=1.00e-04 | LR=9.99e-05 | Train [Total=0.09262 MSE=0.09018 Smooth=0.00244] | Val   [Total=0.14385 MSE=0.13382 Smooth=0.01004] *** BEST ***
Epoch 024/1000 | λ=1.00e-04 | LR=9.99e-05 | Train [Total=0.09876 MSE=0.09626 Smooth=0.00250] | Val   [Total=0.14123 MSE=0.13121 Smooth=0.01002] *** BEST ***
Epoch 025/1000 | λ=1.00e-04 | LR=9.98e-05 | Train [Total=0.11277 MSE=0.11035 Smooth=0.00242] | Val   [Total=0.13794 MSE=0.12839 Smooth=0.00955] *** BEST ***
Epoch 026/1000 | λ=1.00e-04 | LR=9.98e-05 | Train [Total=0.08022 MSE=0.07765 Smooth=0.00257] | Val   [Total=0.13620 MSE=0.12699 Smooth=0.00921] *** BEST ***
Epoch 027/1000 | λ=1.00e-04 | LR=9.98e-05 | Train [Total=0.09365 MSE=0.09101 Smooth=0.00265] | Val   [Total=0.13340 MSE=0.12394 Smooth=0.00947] *** BEST ***
Epoch 028/1000 | λ=1.00e-04 | LR=9.98e-05 | Train [Total=0.08814 MSE=0.08594 Smooth=0.00220] | Val   [Total=0.13066 MSE=0.12167 Smooth=0.00899] *** BEST ***
Epoch 029/1000 | λ=1.00e-04 | LR=9.98e-05 | Train [Total=0.09938 MSE=0.09771 Smooth=0.00167] | Val   [Total=0.12819 MSE=0.11934 Smooth=0.00886] *** BEST ***
Epoch 030/1000 | λ=1.00e-04 | LR=9.98e-05 | Train [Total=0.07388 MSE=0.07178 Smooth=0.00210] | Val   [Total=0.12666 MSE=0.11745 Smooth=0.00921] *** BEST ***
Epoch 031/1000 | λ=1.00e-04 | LR=9.98e-05 | Train [Total=0.08684 MSE=0.08415 Smooth=0.00269] | Val   [Total=0.12574 MSE=0.11671 Smooth=0.00902] *** BEST ***
Epoch 032/1000 | λ=1.00e-04 | LR=9.98e-05 | Train [Total=0.08433 MSE=0.08154 Smooth=0.00280] | Val   [Total=0.12300 MSE=0.11407 Smooth=0.00893] *** BEST ***
Epoch 033/1000 | λ=1.00e-04 | LR=9.97e-05 | Train [Total=0.07487 MSE=0.07293 Smooth=0.00194] | Val   [Total=0.12105 MSE=0.11235 Smooth=0.00871] *** BEST ***
Epoch 034/1000 | λ=1.00e-04 | LR=9.97e-05 | Train [Total=0.07192 MSE=0.07016 Smooth=0.00176] | Val   [Total=0.12026 MSE=0.11134 Smooth=0.00892] *** BEST ***
Epoch 035/1000 | λ=1.00e-04 | LR=9.97e-05 | Train [Total=0.06365 MSE=0.06164 Smooth=0.00202] | Val   [Total=0.11737 MSE=0.10866 Smooth=0.00872] *** BEST ***
Epoch 036/1000 | λ=1.00e-04 | LR=9.97e-05 | Train [Total=0.06415 MSE=0.06198 Smooth=0.00217] | Val   [Total=0.11589 MSE=0.10763 Smooth=0.00825] *** BEST ***
Epoch 037/1000 | λ=1.00e-04 | LR=9.97e-05 | Train [Total=0.07186 MSE=0.07010 Smooth=0.00176] | Val   [Total=0.11962 MSE=0.11127 Smooth=0.00835]
Epoch 038/1000 | λ=1.00e-04 | LR=9.96e-05 | Train [Total=0.07602 MSE=0.07401 Smooth=0.00201] | Val   [Total=0.11910 MSE=0.10793 Smooth=0.01118]
Epoch 039/1000 | λ=1.00e-04 | LR=9.96e-05 | Train [Total=0.08319 MSE=0.08077 Smooth=0.00242] | Val   [Total=0.11269 MSE=0.10409 Smooth=0.00860] *** BEST ***
Epoch 040/1000 | λ=1.00e-04 | LR=9.96e-05 | Train [Total=0.06932 MSE=0.06692 Smooth=0.00240] | Val   [Total=0.11191 MSE=0.10364 Smooth=0.00827] *** BEST ***
Epoch 041/1000 | λ=1.00e-04 | LR=9.96e-05 | Train [Total=0.05432 MSE=0.05188 Smooth=0.00245] | Val   [Total=0.10964 MSE=0.10202 Smooth=0.00761] *** BEST ***
Epoch 042/1000 | λ=1.00e-04 | LR=9.96e-05 | Train [Total=0.06145 MSE=0.05951 Smooth=0.00194] | Val   [Total=0.10995 MSE=0.10170 Smooth=0.00825]
Epoch 043/1000 | λ=1.00e-04 | LR=9.95e-05 | Train [Total=0.07288 MSE=0.07060 Smooth=0.00228] | Val   [Total=0.10721 MSE=0.09884 Smooth=0.00836] *** BEST ***
Epoch 044/1000 | λ=1.00e-04 | LR=9.95e-05 | Train [Total=0.06830 MSE=0.06657 Smooth=0.00172] | Val   [Total=0.10684 MSE=0.09845 Smooth=0.00839] *** BEST ***
Epoch 045/1000 | λ=1.00e-04 | LR=9.95e-05 | Train [Total=0.06414 MSE=0.06197 Smooth=0.00217] | Val   [Total=0.10733 MSE=0.09979 Smooth=0.00755]
Epoch 046/1000 | λ=1.00e-04 | LR=9.95e-05 | Train [Total=0.05574 MSE=0.05392 Smooth=0.00182] | Val   [Total=0.10548 MSE=0.09742 Smooth=0.00807] *** BEST ***
Epoch 047/1000 | λ=1.00e-04 | LR=9.95e-05 | Train [Total=0.07763 MSE=0.07630 Smooth=0.00133] | Val   [Total=0.10331 MSE=0.09514 Smooth=0.00817] *** BEST ***
Epoch 048/1000 | λ=1.00e-04 | LR=9.94e-05 | Train [Total=0.06715 MSE=0.06545 Smooth=0.00169] | Val   [Total=0.10348 MSE=0.09429 Smooth=0.00918]
Epoch 049/1000 | λ=1.00e-04 | LR=9.94e-05 | Train [Total=0.06801 MSE=0.06569 Smooth=0.00232] | Val   [Total=0.10174 MSE=0.09359 Smooth=0.00814] *** BEST ***
Epoch 050/1000 | λ=1.00e-04 | LR=9.94e-05 | Train [Total=0.06782 MSE=0.06571 Smooth=0.00211] | Val   [Total=0.10095 MSE=0.09276 Smooth=0.00820] *** BEST ***
Epoch 051/1000 | λ=1.00e-04 | LR=9.94e-05 | Train [Total=0.06321 MSE=0.06136 Smooth=0.00185] | Val   [Total=0.10078 MSE=0.09226 Smooth=0.00852] *** BEST ***
Epoch 052/1000 | λ=1.00e-04 | LR=9.93e-05 | Train [Total=0.05120 MSE=0.04935 Smooth=0.00185] | Val   [Total=0.09888 MSE=0.09147 Smooth=0.00741] *** BEST ***
Epoch 053/1000 | λ=1.00e-04 | LR=9.93e-05 | Train [Total=0.06108 MSE=0.05923 Smooth=0.00185] | Val   [Total=0.09880 MSE=0.09136 Smooth=0.00744] *** BEST ***
Epoch 054/1000 | λ=1.00e-04 | LR=9.93e-05 | Train [Total=0.05593 MSE=0.05416 Smooth=0.00176] | Val   [Total=0.09729 MSE=0.08876 Smooth=0.00854] *** BEST ***
Epoch 055/1000 | λ=1.00e-04 | LR=9.93e-05 | Train [Total=0.06589 MSE=0.06428 Smooth=0.00161] | Val   [Total=0.09548 MSE=0.08804 Smooth=0.00743] *** BEST ***
Epoch 056/1000 | λ=1.00e-04 | LR=9.92e-05 | Train [Total=0.04509 MSE=0.04362 Smooth=0.00147] | Val   [Total=0.09422 MSE=0.08741 Smooth=0.00680] *** BEST ***
Epoch 057/1000 | λ=1.00e-04 | LR=9.92e-05 | Train [Total=0.04429 MSE=0.04271 Smooth=0.00158] | Val   [Total=0.09588 MSE=0.08828 Smooth=0.00760]
Epoch 058/1000 | λ=1.00e-04 | LR=9.92e-05 | Train [Total=0.08259 MSE=0.08048 Smooth=0.00211] | Val   [Total=0.09275 MSE=0.08610 Smooth=0.00666] *** BEST ***
Epoch 059/1000 | λ=1.00e-04 | LR=9.92e-05 | Train [Total=0.05659 MSE=0.05458 Smooth=0.00201] | Val   [Total=0.09087 MSE=0.08440 Smooth=0.00647] *** BEST ***
Epoch 060/1000 | λ=1.00e-04 | LR=9.91e-05 | Train [Total=0.05904 MSE=0.05688 Smooth=0.00216] | Val   [Total=0.09043 MSE=0.08429 Smooth=0.00614] *** BEST ***
Epoch 061/1000 | λ=1.00e-04 | LR=9.91e-05 | Train [Total=0.05475 MSE=0.05318 Smooth=0.00157] | Val   [Total=0.08853 MSE=0.08186 Smooth=0.00668] *** BEST ***
Epoch 062/1000 | λ=1.00e-04 | LR=9.91e-05 | Train [Total=0.04906 MSE=0.04736 Smooth=0.00170] | Val   [Total=0.08688 MSE=0.08086 Smooth=0.00601] *** BEST ***
Epoch 063/1000 | λ=1.00e-04 | LR=9.90e-05 | Train [Total=0.06268 MSE=0.06122 Smooth=0.00146] | Val   [Total=0.08682 MSE=0.08069 Smooth=0.00613] *** BEST ***
Epoch 064/1000 | λ=1.00e-04 | LR=9.90e-05 | Train [Total=0.04965 MSE=0.04826 Smooth=0.00139] | Val   [Total=0.08692 MSE=0.08050 Smooth=0.00641]
Epoch 065/1000 | λ=1.00e-04 | LR=9.90e-05 | Train [Total=0.05911 MSE=0.05765 Smooth=0.00146] | Val   [Total=0.08656 MSE=0.08071 Smooth=0.00586] *** BEST ***
Epoch 066/1000 | λ=1.00e-04 | LR=9.89e-05 | Train [Total=0.04822 MSE=0.04696 Smooth=0.00126] | Val   [Total=0.08342 MSE=0.07744 Smooth=0.00599] *** BEST ***
Epoch 067/1000 | λ=1.00e-04 | LR=9.89e-05 | Train [Total=0.05538 MSE=0.05390 Smooth=0.00149] | Val   [Total=0.08282 MSE=0.07678 Smooth=0.00604] *** BEST ***
Epoch 068/1000 | λ=1.00e-04 | LR=9.89e-05 | Train [Total=0.05899 MSE=0.05747 Smooth=0.00151] | Val   [Total=0.08553 MSE=0.07958 Smooth=0.00594]
Epoch 069/1000 | λ=1.00e-04 | LR=9.88e-05 | Train [Total=0.04213 MSE=0.04056 Smooth=0.00158] | Val   [Total=0.08117 MSE=0.07548 Smooth=0.00569] *** BEST ***
Epoch 070/1000 | λ=1.00e-04 | LR=9.88e-05 | Train [Total=0.04126 MSE=0.03952 Smooth=0.00175] | Val   [Total=0.07916 MSE=0.07392 Smooth=0.00524] *** BEST ***
Epoch 071/1000 | λ=1.00e-04 | LR=9.88e-05 | Train [Total=0.04203 MSE=0.04080 Smooth=0.00123] | Val   [Total=0.07797 MSE=0.07270 Smooth=0.00527] *** BEST ***
Epoch 072/1000 | λ=1.00e-04 | LR=9.87e-05 | Train [Total=0.04013 MSE=0.03845 Smooth=0.00167] | Val   [Total=0.07961 MSE=0.07451 Smooth=0.00510]
Epoch 073/1000 | λ=1.00e-04 | LR=9.87e-05 | Train [Total=0.05503 MSE=0.05374 Smooth=0.00129] | Val   [Total=0.07771 MSE=0.07274 Smooth=0.00497] *** BEST ***
Epoch 074/1000 | λ=1.00e-04 | LR=9.87e-05 | Train [Total=0.04365 MSE=0.04220 Smooth=0.00144] | Val   [Total=0.07578 MSE=0.07088 Smooth=0.00490] *** BEST ***
Epoch 075/1000 | λ=1.00e-04 | LR=9.86e-05 | Train [Total=0.04227 MSE=0.04091 Smooth=0.00136] | Val   [Total=0.07513 MSE=0.07045 Smooth=0.00468] *** BEST ***
Epoch 076/1000 | λ=1.00e-04 | LR=9.86e-05 | Train [Total=0.06216 MSE=0.06084 Smooth=0.00131] | Val   [Total=0.07409 MSE=0.06929 Smooth=0.00480] *** BEST ***
Epoch 077/1000 | λ=1.00e-04 | LR=9.86e-05 | Train [Total=0.04626 MSE=0.04495 Smooth=0.00131] | Val   [Total=0.07463 MSE=0.06995 Smooth=0.00468]
Epoch 078/1000 | λ=1.00e-04 | LR=9.85e-05 | Train [Total=0.06023 MSE=0.05889 Smooth=0.00134] | Val   [Total=0.07223 MSE=0.06751 Smooth=0.00473] *** BEST ***
Epoch 079/1000 | λ=1.00e-04 | LR=9.85e-05 | Train [Total=0.04916 MSE=0.04770 Smooth=0.00145] | Val   [Total=0.07047 MSE=0.06578 Smooth=0.00468] *** BEST ***
Epoch 080/1000 | λ=1.00e-04 | LR=9.84e-05 | Train [Total=0.03896 MSE=0.03774 Smooth=0.00122] | Val   [Total=0.07079 MSE=0.06633 Smooth=0.00446]
Epoch 081/1000 | λ=1.00e-04 | LR=9.84e-05 | Train [Total=0.03780 MSE=0.03633 Smooth=0.00147] | Val   [Total=0.06912 MSE=0.06458 Smooth=0.00455] *** BEST ***
Epoch 082/1000 | λ=1.00e-04 | LR=9.84e-05 | Train [Total=0.04534 MSE=0.04400 Smooth=0.00134] | Val   [Total=0.06741 MSE=0.06294 Smooth=0.00447] *** BEST ***
Epoch 083/1000 | λ=1.00e-04 | LR=9.83e-05 | Train [Total=0.04706 MSE=0.04607 Smooth=0.00099] | Val   [Total=0.06657 MSE=0.06221 Smooth=0.00437] *** BEST ***
Epoch 084/1000 | λ=1.00e-04 | LR=9.83e-05 | Train [Total=0.05357 MSE=0.05238 Smooth=0.00118] | Val   [Total=0.06664 MSE=0.06206 Smooth=0.00459]
Epoch 085/1000 | λ=1.00e-04 | LR=9.82e-05 | Train [Total=0.04123 MSE=0.04001 Smooth=0.00122] | Val   [Total=0.06705 MSE=0.06246 Smooth=0.00459]
Epoch 086/1000 | λ=1.00e-04 | LR=9.82e-05 | Train [Total=0.04179 MSE=0.04046 Smooth=0.00133] | Val   [Total=0.06425 MSE=0.05989 Smooth=0.00436] *** BEST ***
Epoch 087/1000 | λ=1.00e-04 | LR=9.82e-05 | Train [Total=0.05095 MSE=0.04984 Smooth=0.00111] | Val   [Total=0.06283 MSE=0.05863 Smooth=0.00420] *** BEST ***
Epoch 088/1000 | λ=1.00e-04 | LR=9.81e-05 | Train [Total=0.03212 MSE=0.03094 Smooth=0.00118] | Val   [Total=0.06297 MSE=0.05879 Smooth=0.00418]
Epoch 089/1000 | λ=1.00e-04 | LR=9.81e-05 | Train [Total=0.04163 MSE=0.04047 Smooth=0.00116] | Val   [Total=0.06178 MSE=0.05767 Smooth=0.00411] *** BEST ***
Epoch 090/1000 | λ=1.00e-04 | LR=9.80e-05 | Train [Total=0.03380 MSE=0.03280 Smooth=0.00100] | Val   [Total=0.06072 MSE=0.05654 Smooth=0.00418] *** BEST ***
Epoch 091/1000 | λ=1.00e-04 | LR=9.80e-05 | Train [Total=0.02958 MSE=0.02856 Smooth=0.00102] | Val   [Total=0.06040 MSE=0.05646 Smooth=0.00394] *** BEST ***
Epoch 092/1000 | λ=1.00e-04 | LR=9.79e-05 | Train [Total=0.03927 MSE=0.03823 Smooth=0.00104] | Val   [Total=0.05948 MSE=0.05543 Smooth=0.00405] *** BEST ***
Epoch 093/1000 | λ=1.00e-04 | LR=9.79e-05 | Train [Total=0.03593 MSE=0.03498 Smooth=0.00096] | Val   [Total=0.05820 MSE=0.05429 Smooth=0.00392] *** BEST ***
Epoch 094/1000 | λ=1.00e-04 | LR=9.79e-05 | Train [Total=0.04199 MSE=0.04097 Smooth=0.00102] | Val   [Total=0.05897 MSE=0.05503 Smooth=0.00394]
Epoch 095/1000 | λ=1.00e-04 | LR=9.78e-05 | Train [Total=0.03927 MSE=0.03835 Smooth=0.00092] | Val   [Total=0.05826 MSE=0.05433 Smooth=0.00392]
Epoch 096/1000 | λ=1.00e-04 | LR=9.78e-05 | Train [Total=0.03801 MSE=0.03688 Smooth=0.00114] | Val   [Total=0.05802 MSE=0.05335 Smooth=0.00467] *** BEST ***
Epoch 097/1000 | λ=1.00e-04 | LR=9.77e-05 | Train [Total=0.04145 MSE=0.04044 Smooth=0.00101] | Val   [Total=0.05529 MSE=0.05158 Smooth=0.00371] *** BEST ***
Epoch 098/1000 | λ=1.00e-04 | LR=9.77e-05 | Train [Total=0.04333 MSE=0.04244 Smooth=0.00088] | Val   [Total=0.05527 MSE=0.05107 Smooth=0.00420] *** BEST ***
Epoch 099/1000 | λ=1.00e-04 | LR=9.76e-05 | Train [Total=0.03665 MSE=0.03540 Smooth=0.00125] | Val   [Total=0.05438 MSE=0.05075 Smooth=0.00363] *** BEST ***
Epoch 100/1000 | λ=1.00e-04 | LR=9.76e-05 | Train [Total=0.04081 MSE=0.03993 Smooth=0.00088] | Val   [Total=0.05335 MSE=0.04951 Smooth=0.00384] *** BEST ***
Epoch 101/1000 | λ=1.00e-04 | LR=9.75e-05 | Train [Total=0.04461 MSE=0.04327 Smooth=0.00134] | Val   [Total=0.05137 MSE=0.04776 Smooth=0.00361] *** BEST ***
Epoch 102/1000 | λ=1.00e-04 | LR=9.75e-05 | Train [Total=0.03714 MSE=0.03609 Smooth=0.00105] | Val   [Total=0.05341 MSE=0.04967 Smooth=0.00374]
Epoch 103/1000 | λ=1.00e-04 | LR=9.74e-05 | Train [Total=0.03911 MSE=0.03781 Smooth=0.00130] | Val   [Total=0.05028 MSE=0.04655 Smooth=0.00373] *** BEST ***
Epoch 104/1000 | λ=1.00e-04 | LR=9.74e-05 | Train [Total=0.04430 MSE=0.04322 Smooth=0.00108] | Val   [Total=0.05173 MSE=0.04797 Smooth=0.00376]
Epoch 105/1000 | λ=1.00e-04 | LR=9.73e-05 | Train [Total=0.03851 MSE=0.03753 Smooth=0.00099] | Val   [Total=0.04939 MSE=0.04590 Smooth=0.00349] *** BEST ***
Epoch 106/1000 | λ=1.00e-04 | LR=9.73e-05 | Train [Total=0.04830 MSE=0.04733 Smooth=0.00097] | Val   [Total=0.04891 MSE=0.04528 Smooth=0.00363] *** BEST ***
Epoch 107/1000 | λ=1.00e-04 | LR=9.72e-05 | Train [Total=0.03789 MSE=0.03703 Smooth=0.00086] | Val   [Total=0.04867 MSE=0.04513 Smooth=0.00354] *** BEST ***
Epoch 108/1000 | λ=1.00e-04 | LR=9.72e-05 | Train [Total=0.02865 MSE=0.02766 Smooth=0.00099] | Val   [Total=0.04848 MSE=0.04514 Smooth=0.00334] *** BEST ***
Epoch 109/1000 | λ=1.00e-04 | LR=9.71e-05 | Train [Total=0.04090 MSE=0.04024 Smooth=0.00066] | Val   [Total=0.04713 MSE=0.04375 Smooth=0.00338] *** BEST ***
Epoch 110/1000 | λ=1.00e-04 | LR=9.71e-05 | Train [Total=0.03699 MSE=0.03625 Smooth=0.00074] | Val   [Total=0.04786 MSE=0.04422 Smooth=0.00364]
Epoch 111/1000 | λ=1.00e-04 | LR=9.70e-05 | Train [Total=0.03680 MSE=0.03580 Smooth=0.00101] | Val   [Total=0.04523 MSE=0.04191 Smooth=0.00332] *** BEST ***
Epoch 112/1000 | λ=1.00e-04 | LR=9.70e-05 | Train [Total=0.03500 MSE=0.03411 Smooth=0.00088] | Val   [Total=0.04414 MSE=0.04081 Smooth=0.00333] *** BEST ***
Epoch 113/1000 | λ=1.00e-04 | LR=9.69e-05 | Train [Total=0.03766 MSE=0.03694 Smooth=0.00072] | Val   [Total=0.04312 MSE=0.03975 Smooth=0.00337] *** BEST ***
Epoch 114/1000 | λ=1.00e-04 | LR=9.69e-05 | Train [Total=0.03065 MSE=0.02955 Smooth=0.00110] | Val   [Total=0.04472 MSE=0.04140 Smooth=0.00332]
Epoch 115/1000 | λ=1.00e-04 | LR=9.68e-05 | Train [Total=0.03855 MSE=0.03768 Smooth=0.00086] | Val   [Total=0.04415 MSE=0.04076 Smooth=0.00339]
Epoch 116/1000 | λ=1.00e-04 | LR=9.67e-05 | Train [Total=0.03282 MSE=0.03213 Smooth=0.00069] | Val   [Total=0.04351 MSE=0.03974 Smooth=0.00376]
Epoch 117/1000 | λ=1.00e-04 | LR=9.67e-05 | Train [Total=0.03555 MSE=0.03469 Smooth=0.00087] | Val   [Total=0.04265 MSE=0.03932 Smooth=0.00333] *** BEST ***
Epoch 118/1000 | λ=1.00e-04 | LR=9.66e-05 | Train [Total=0.04305 MSE=0.04224 Smooth=0.00081] | Val   [Total=0.04036 MSE=0.03714 Smooth=0.00322] *** BEST ***
Epoch 119/1000 | λ=1.00e-04 | LR=9.66e-05 | Train [Total=0.03405 MSE=0.03316 Smooth=0.00089] | Val   [Total=0.04257 MSE=0.03919 Smooth=0.00339]
Epoch 120/1000 | λ=1.00e-04 | LR=9.65e-05 | Train [Total=0.03075 MSE=0.02994 Smooth=0.00081] | Val   [Total=0.04175 MSE=0.03852 Smooth=0.00323]
Epoch 121/1000 | λ=1.00e-04 | LR=9.65e-05 | Train [Total=0.02754 MSE=0.02661 Smooth=0.00093] | Val   [Total=0.04111 MSE=0.03782 Smooth=0.00329]
Epoch 122/1000 | λ=1.00e-04 | LR=9.64e-05 | Train [Total=0.03450 MSE=0.03380 Smooth=0.00070] | Val   [Total=0.04098 MSE=0.03756 Smooth=0.00341]
Epoch 123/1000 | λ=1.00e-04 | LR=9.64e-05 | Train [Total=0.03716 MSE=0.03633 Smooth=0.00083] | Val   [Total=0.03934 MSE=0.03631 Smooth=0.00303] *** BEST ***
Epoch 124/1000 | λ=1.00e-04 | LR=9.63e-05 | Train [Total=0.03832 MSE=0.03735 Smooth=0.00097] | Val   [Total=0.03779 MSE=0.03476 Smooth=0.00303] *** BEST ***
Epoch 125/1000 | λ=1.00e-04 | LR=9.62e-05 | Train [Total=0.02589 MSE=0.02513 Smooth=0.00077] | Val   [Total=0.03952 MSE=0.03604 Smooth=0.00347]
Epoch 126/1000 | λ=1.00e-04 | LR=9.62e-05 | Train [Total=0.02990 MSE=0.02901 Smooth=0.00089] | Val   [Total=0.03585 MSE=0.03309 Smooth=0.00276] *** BEST ***
Epoch 127/1000 | λ=1.00e-04 | LR=9.61e-05 | Train [Total=0.03445 MSE=0.03374 Smooth=0.00071] | Val   [Total=0.03699 MSE=0.03416 Smooth=0.00283]
Epoch 128/1000 | λ=1.00e-04 | LR=9.61e-05 | Train [Total=0.03091 MSE=0.02995 Smooth=0.00096] | Val   [Total=0.03653 MSE=0.03378 Smooth=0.00275]
Epoch 129/1000 | λ=1.00e-04 | LR=9.60e-05 | Train [Total=0.03584 MSE=0.03532 Smooth=0.00052] | Val   [Total=0.04019 MSE=0.03721 Smooth=0.00297]
Epoch 130/1000 | λ=1.00e-04 | LR=9.59e-05 | Train [Total=0.03109 MSE=0.03016 Smooth=0.00093] | Val   [Total=0.03569 MSE=0.03296 Smooth=0.00274] *** BEST ***
Epoch 131/1000 | λ=1.00e-04 | LR=9.59e-05 | Train [Total=0.03977 MSE=0.03912 Smooth=0.00065] | Val   [Total=0.03554 MSE=0.03278 Smooth=0.00276] *** BEST ***
Epoch 132/1000 | λ=1.00e-04 | LR=9.58e-05 | Train [Total=0.03377 MSE=0.03302 Smooth=0.00075] | Val   [Total=0.03449 MSE=0.03172 Smooth=0.00277] *** BEST ***
Epoch 133/1000 | λ=1.00e-04 | LR=9.57e-05 | Train [Total=0.03540 MSE=0.03463 Smooth=0.00078] | Val   [Total=0.03599 MSE=0.03301 Smooth=0.00298]
Epoch 134/1000 | λ=1.00e-04 | LR=9.57e-05 | Train [Total=0.02503 MSE=0.02436 Smooth=0.00068] | Val   [Total=0.03534 MSE=0.03258 Smooth=0.00275]
Epoch 135/1000 | λ=1.00e-04 | LR=9.56e-05 | Train [Total=0.03233 MSE=0.03148 Smooth=0.00086] | Val   [Total=0.03437 MSE=0.03166 Smooth=0.00271] *** BEST ***
Epoch 136/1000 | λ=1.00e-04 | LR=9.56e-05 | Train [Total=0.02781 MSE=0.02714 Smooth=0.00067] | Val   [Total=0.03316 MSE=0.03061 Smooth=0.00255] *** BEST ***
Epoch 137/1000 | λ=1.00e-04 | LR=9.55e-05 | Train [Total=0.02835 MSE=0.02767 Smooth=0.00068] | Val   [Total=0.03247 MSE=0.02998 Smooth=0.00249] *** BEST ***
Epoch 138/1000 | λ=1.00e-04 | LR=9.54e-05 | Train [Total=0.02827 MSE=0.02753 Smooth=0.00073] | Val   [Total=0.03269 MSE=0.03028 Smooth=0.00241]
Epoch 139/1000 | λ=1.00e-04 | LR=9.54e-05 | Train [Total=0.03114 MSE=0.03044 Smooth=0.00070] | Val   [Total=0.03350 MSE=0.03103 Smooth=0.00247]
Epoch 140/1000 | λ=1.00e-04 | LR=9.53e-05 | Train [Total=0.02720 MSE=0.02659 Smooth=0.00061] | Val   [Total=0.03073 MSE=0.02833 Smooth=0.00240] *** BEST ***
Epoch 141/1000 | λ=1.00e-04 | LR=9.52e-05 | Train [Total=0.02349 MSE=0.02281 Smooth=0.00068] | Val   [Total=0.03223 MSE=0.02980 Smooth=0.00243]
Epoch 142/1000 | λ=1.00e-04 | LR=9.52e-05 | Train [Total=0.03176 MSE=0.03139 Smooth=0.00037] | Val   [Total=0.02963 MSE=0.02725 Smooth=0.00238] *** BEST ***
Epoch 143/1000 | λ=1.00e-04 | LR=9.51e-05 | Train [Total=0.03378 MSE=0.03324 Smooth=0.00054] | Val   [Total=0.02923 MSE=0.02689 Smooth=0.00234] *** BEST ***
Epoch 144/1000 | λ=1.00e-04 | LR=9.50e-05 | Train [Total=0.03356 MSE=0.03297 Smooth=0.00060] | Val   [Total=0.03060 MSE=0.02826 Smooth=0.00234]
Epoch 145/1000 | λ=1.00e-04 | LR=9.50e-05 | Train [Total=0.02490 MSE=0.02426 Smooth=0.00064] | Val   [Total=0.02889 MSE=0.02658 Smooth=0.00232] *** BEST ***
Epoch 146/1000 | λ=1.00e-04 | LR=9.49e-05 | Train [Total=0.02647 MSE=0.02576 Smooth=0.00071] | Val   [Total=0.03238 MSE=0.02991 Smooth=0.00247]
Epoch 147/1000 | λ=1.00e-04 | LR=9.48e-05 | Train [Total=0.04322 MSE=0.04275 Smooth=0.00047] | Val   [Total=0.02851 MSE=0.02622 Smooth=0.00229] *** BEST ***
Epoch 148/1000 | λ=1.00e-04 | LR=9.47e-05 | Train [Total=0.03528 MSE=0.03487 Smooth=0.00041] | Val   [Total=0.02708 MSE=0.02461 Smooth=0.00247] *** BEST ***
Epoch 149/1000 | λ=1.00e-04 | LR=9.47e-05 | Train [Total=0.03138 MSE=0.03086 Smooth=0.00052] | Val   [Total=0.02789 MSE=0.02549 Smooth=0.00240]
Epoch 150/1000 | λ=1.00e-04 | LR=9.46e-05 | Train [Total=0.03040 MSE=0.02986 Smooth=0.00054] | Val   [Total=0.03061 MSE=0.02839 Smooth=0.00222]
Epoch 151/1000 | λ=1.00e-04 | LR=9.45e-05 | Train [Total=0.02665 MSE=0.02616 Smooth=0.00049] | Val   [Total=0.02493 MSE=0.02280 Smooth=0.00213] *** BEST ***
Epoch 152/1000 | λ=1.00e-04 | LR=9.45e-05 | Train [Total=0.02433 MSE=0.02382 Smooth=0.00050] | Val   [Total=0.02581 MSE=0.02366 Smooth=0.00216]
Epoch 153/1000 | λ=1.00e-04 | LR=9.44e-05 | Train [Total=0.02638 MSE=0.02596 Smooth=0.00042] | Val   [Total=0.02851 MSE=0.02611 Smooth=0.00240]
Epoch 154/1000 | λ=1.00e-04 | LR=9.43e-05 | Train [Total=0.02995 MSE=0.02939 Smooth=0.00056] | Val   [Total=0.02717 MSE=0.02488 Smooth=0.00229]
Epoch 155/1000 | λ=1.00e-04 | LR=9.42e-05 | Train [Total=0.03049 MSE=0.02989 Smooth=0.00060] | Val   [Total=0.02577 MSE=0.02346 Smooth=0.00231]
Epoch 156/1000 | λ=1.00e-04 | LR=9.42e-05 | Train [Total=0.02552 MSE=0.02489 Smooth=0.00063] | Val   [Total=0.02351 MSE=0.02146 Smooth=0.00205] *** BEST ***
Epoch 157/1000 | λ=1.00e-04 | LR=9.41e-05 | Train [Total=0.02042 MSE=0.01962 Smooth=0.00079] | Val   [Total=0.02454 MSE=0.02250 Smooth=0.00204]
Epoch 158/1000 | λ=1.00e-04 | LR=9.40e-05 | Train [Total=0.03653 MSE=0.03597 Smooth=0.00056] | Val   [Total=0.02295 MSE=0.02093 Smooth=0.00202] *** BEST ***
Epoch 159/1000 | λ=1.00e-04 | LR=9.40e-05 | Train [Total=0.02099 MSE=0.02064 Smooth=0.00035] | Val   [Total=0.02335 MSE=0.02104 Smooth=0.00230]
Epoch 160/1000 | λ=1.00e-04 | LR=9.39e-05 | Train [Total=0.02096 MSE=0.02036 Smooth=0.00060] | Val   [Total=0.02406 MSE=0.02207 Smooth=0.00199]
Epoch 161/1000 | λ=1.00e-04 | LR=9.38e-05 | Train [Total=0.03534 MSE=0.03480 Smooth=0.00054] | Val   [Total=0.02187 MSE=0.01986 Smooth=0.00202] *** BEST ***
Epoch 162/1000 | λ=1.00e-04 | LR=9.37e-05 | Train [Total=0.02339 MSE=0.02289 Smooth=0.00050] | Val   [Total=0.02426 MSE=0.02220 Smooth=0.00207]
Epoch 163/1000 | λ=1.00e-04 | LR=9.37e-05 | Train [Total=0.02532 MSE=0.02488 Smooth=0.00044] | Val   [Total=0.02289 MSE=0.02088 Smooth=0.00201]
Epoch 164/1000 | λ=1.00e-04 | LR=9.36e-05 | Train [Total=0.02033 MSE=0.01989 Smooth=0.00044] | Val   [Total=0.02701 MSE=0.02517 Smooth=0.00184]
Epoch 165/1000 | λ=1.00e-04 | LR=9.35e-05 | Train [Total=0.03462 MSE=0.03414 Smooth=0.00047] | Val   [Total=0.02170 MSE=0.01967 Smooth=0.00203] *** BEST ***
Epoch 166/1000 | λ=1.00e-04 | LR=9.34e-05 | Train [Total=0.02707 MSE=0.02655 Smooth=0.00052] | Val   [Total=0.02256 MSE=0.02057 Smooth=0.00199]
Epoch 167/1000 | λ=1.00e-04 | LR=9.33e-05 | Train [Total=0.02525 MSE=0.02483 Smooth=0.00042] | Val   [Total=0.02075 MSE=0.01896 Smooth=0.00178] *** BEST ***
Epoch 168/1000 | λ=1.00e-04 | LR=9.33e-05 | Train [Total=0.02138 MSE=0.02078 Smooth=0.00060] | Val   [Total=0.02015 MSE=0.01838 Smooth=0.00177] *** BEST ***
Epoch 169/1000 | λ=1.00e-04 | LR=9.32e-05 | Train [Total=0.02289 MSE=0.02239 Smooth=0.00050] | Val   [Total=0.02111 MSE=0.01901 Smooth=0.00210]
Epoch 170/1000 | λ=1.00e-04 | LR=9.31e-05 | Train [Total=0.02368 MSE=0.02334 Smooth=0.00034] | Val   [Total=0.01997 MSE=0.01827 Smooth=0.00169] *** BEST ***
Epoch 171/1000 | λ=1.00e-04 | LR=9.30e-05 | Train [Total=0.02236 MSE=0.02192 Smooth=0.00044] | Val   [Total=0.01881 MSE=0.01697 Smooth=0.00184] *** BEST ***
Epoch 172/1000 | λ=1.00e-04 | LR=9.29e-05 | Train [Total=0.02265 MSE=0.02221 Smooth=0.00045] | Val   [Total=0.01952 MSE=0.01779 Smooth=0.00173]
Epoch 173/1000 | λ=1.00e-04 | LR=9.29e-05 | Train [Total=0.02987 MSE=0.02949 Smooth=0.00038] | Val   [Total=0.01995 MSE=0.01817 Smooth=0.00179]
Epoch 174/1000 | λ=1.00e-04 | LR=9.28e-05 | Train [Total=0.02830 MSE=0.02786 Smooth=0.00044] | Val   [Total=0.01982 MSE=0.01793 Smooth=0.00189]
Epoch 175/1000 | λ=1.00e-04 | LR=9.27e-05 | Train [Total=0.02367 MSE=0.02330 Smooth=0.00037] | Val   [Total=0.02012 MSE=0.01816 Smooth=0.00196]
Epoch 176/1000 | λ=1.00e-04 | LR=9.26e-05 | Train [Total=0.02107 MSE=0.02063 Smooth=0.00044] | Val   [Total=0.02078 MSE=0.01891 Smooth=0.00187]
Epoch 177/1000 | λ=1.00e-04 | LR=9.25e-05 | Train [Total=0.03189 MSE=0.03159 Smooth=0.00030] | Val   [Total=0.01959 MSE=0.01756 Smooth=0.00204]
Epoch 178/1000 | λ=1.00e-04 | LR=9.25e-05 | Train [Total=0.02896 MSE=0.02856 Smooth=0.00040] | Val   [Total=0.01729 MSE=0.01566 Smooth=0.00163] *** BEST ***
Epoch 179/1000 | λ=1.00e-04 | LR=9.24e-05 | Train [Total=0.02563 MSE=0.02526 Smooth=0.00037] | Val   [Total=0.01980 MSE=0.01774 Smooth=0.00205]
Epoch 180/1000 | λ=1.00e-04 | LR=9.23e-05 | Train [Total=0.03296 MSE=0.03260 Smooth=0.00036] | Val   [Total=0.01968 MSE=0.01776 Smooth=0.00192]
Epoch 181/1000 | λ=1.00e-04 | LR=9.22e-05 | Train [Total=0.01133 MSE=0.01089 Smooth=0.00044] | Val   [Total=0.01825 MSE=0.01660 Smooth=0.00165]
Epoch 182/1000 | λ=1.00e-04 | LR=9.21e-05 | Train [Total=0.02071 MSE=0.02022 Smooth=0.00049] | Val   [Total=0.01717 MSE=0.01561 Smooth=0.00156] *** BEST ***
Epoch 183/1000 | λ=1.00e-04 | LR=9.20e-05 | Train [Total=0.01956 MSE=0.01911 Smooth=0.00045] | Val   [Total=0.01751 MSE=0.01591 Smooth=0.00160]
Epoch 184/1000 | λ=1.00e-04 | LR=9.20e-05 | Train [Total=0.02375 MSE=0.02337 Smooth=0.00038] | Val   [Total=0.01618 MSE=0.01456 Smooth=0.00162] *** BEST ***
Epoch 185/1000 | λ=1.00e-04 | LR=9.19e-05 | Train [Total=0.01729 MSE=0.01688 Smooth=0.00042] | Val   [Total=0.01592 MSE=0.01435 Smooth=0.00158] *** BEST ***
Epoch 186/1000 | λ=1.00e-04 | LR=9.18e-05 | Train [Total=0.01709 MSE=0.01673 Smooth=0.00036] | Val   [Total=0.01572 MSE=0.01422 Smooth=0.00150] *** BEST ***
Epoch 187/1000 | λ=1.00e-04 | LR=9.17e-05 | Train [Total=0.02162 MSE=0.02130 Smooth=0.00032] | Val   [Total=0.01661 MSE=0.01508 Smooth=0.00153]
Epoch 188/1000 | λ=1.00e-04 | LR=9.16e-05 | Train [Total=0.02878 MSE=0.02840 Smooth=0.00038] | Val   [Total=0.01629 MSE=0.01475 Smooth=0.00154]
Epoch 189/1000 | λ=1.00e-04 | LR=9.15e-05 | Train [Total=0.03106 MSE=0.03068 Smooth=0.00038] | Val   [Total=0.01633 MSE=0.01472 Smooth=0.00162]
Epoch 190/1000 | λ=1.00e-04 | LR=9.14e-05 | Train [Total=0.02143 MSE=0.02108 Smooth=0.00035] | Val   [Total=0.01392 MSE=0.01247 Smooth=0.00146] *** BEST ***
Epoch 191/1000 | λ=1.00e-04 | LR=9.14e-05 | Train [Total=0.02086 MSE=0.02048 Smooth=0.00038] | Val   [Total=0.01818 MSE=0.01677 Smooth=0.00141]
Epoch 192/1000 | λ=1.00e-04 | LR=9.13e-05 | Train [Total=0.01975 MSE=0.01943 Smooth=0.00032] | Val   [Total=0.01443 MSE=0.01297 Smooth=0.00146]
Epoch 193/1000 | λ=1.00e-04 | LR=9.12e-05 | Train [Total=0.02121 MSE=0.02085 Smooth=0.00036] | Val   [Total=0.01575 MSE=0.01428 Smooth=0.00147]
Epoch 194/1000 | λ=1.00e-04 | LR=9.11e-05 | Train [Total=0.02410 MSE=0.02378 Smooth=0.00032] | Val   [Total=0.01646 MSE=0.01482 Smooth=0.00164]
Epoch 195/1000 | λ=1.00e-04 | LR=9.10e-05 | Train [Total=0.02163 MSE=0.02123 Smooth=0.00040] | Val   [Total=0.01424 MSE=0.01274 Smooth=0.00150]
Epoch 196/1000 | λ=1.00e-04 | LR=9.09e-05 | Train [Total=0.02687 MSE=0.02650 Smooth=0.00037] | Val   [Total=0.01537 MSE=0.01383 Smooth=0.00154]
Epoch 197/1000 | λ=1.00e-04 | LR=9.08e-05 | Train [Total=0.02236 MSE=0.02197 Smooth=0.00040] | Val   [Total=0.01432 MSE=0.01281 Smooth=0.00151]
Epoch 198/1000 | λ=1.00e-04 | LR=9.07e-05 | Train [Total=0.02236 MSE=0.02203 Smooth=0.00033] | Val   [Total=0.01563 MSE=0.01413 Smooth=0.00150]
Epoch 199/1000 | λ=1.00e-04 | LR=9.06e-05 | Train [Total=0.01790 MSE=0.01758 Smooth=0.00032] | Val   [Total=0.01372 MSE=0.01231 Smooth=0.00141] *** BEST ***
Epoch 200/1000 | λ=1.00e-04 | LR=9.05e-05 | Train [Total=0.01726 MSE=0.01689 Smooth=0.00037] | Val   [Total=0.01391 MSE=0.01256 Smooth=0.00136]
Epoch 201/1000 | λ=9.99e-05 | LR=9.05e-05 | Train [Total=0.02232 MSE=0.02194 Smooth=0.00038] | Val   [Total=0.01350 MSE=0.01217 Smooth=0.00133] *** BEST ***
Epoch 202/1000 | λ=9.98e-05 | LR=9.04e-05 | Train [Total=0.01880 MSE=0.01836 Smooth=0.00044] | Val   [Total=0.01466 MSE=0.01330 Smooth=0.00136]
Epoch 203/1000 | λ=9.96e-05 | LR=9.03e-05 | Train [Total=0.02313 MSE=0.02280 Smooth=0.00033] | Val   [Total=0.01183 MSE=0.01056 Smooth=0.00127] *** BEST ***
Epoch 204/1000 | λ=9.95e-05 | LR=9.02e-05 | Train [Total=0.01771 MSE=0.01741 Smooth=0.00030] | Val   [Total=0.01321 MSE=0.01180 Smooth=0.00141]
Epoch 205/1000 | λ=9.94e-05 | LR=9.01e-05 | Train [Total=0.02672 MSE=0.02643 Smooth=0.00029] | Val   [Total=0.01153 MSE=0.01015 Smooth=0.00138] *** BEST ***
Epoch 206/1000 | λ=9.93e-05 | LR=9.00e-05 | Train [Total=0.02215 MSE=0.02181 Smooth=0.00033] | Val   [Total=0.01178 MSE=0.01048 Smooth=0.00130]
Epoch 207/1000 | λ=9.91e-05 | LR=8.99e-05 | Train [Total=0.01887 MSE=0.01851 Smooth=0.00036] | Val   [Total=0.01308 MSE=0.01160 Smooth=0.00148]
Epoch 208/1000 | λ=9.90e-05 | LR=8.98e-05 | Train [Total=0.02306 MSE=0.02273 Smooth=0.00033] | Val   [Total=0.00996 MSE=0.00870 Smooth=0.00126] *** BEST ***
Epoch 209/1000 | λ=9.89e-05 | LR=8.97e-05 | Train [Total=0.01910 MSE=0.01889 Smooth=0.00021] | Val   [Total=0.01099 MSE=0.00963 Smooth=0.00136]
Epoch 210/1000 | λ=9.88e-05 | LR=8.96e-05 | Train [Total=0.02467 MSE=0.02438 Smooth=0.00029] | Val   [Total=0.01326 MSE=0.01200 Smooth=0.00125]
Epoch 211/1000 | λ=9.86e-05 | LR=8.95e-05 | Train [Total=0.01953 MSE=0.01912 Smooth=0.00041] | Val   [Total=0.01022 MSE=0.00903 Smooth=0.00119]
Epoch 212/1000 | λ=9.85e-05 | LR=8.94e-05 | Train [Total=0.01623 MSE=0.01595 Smooth=0.00029] | Val   [Total=0.01211 MSE=0.01085 Smooth=0.00126]
Epoch 213/1000 | λ=9.84e-05 | LR=8.93e-05 | Train [Total=0.02214 MSE=0.02179 Smooth=0.00035] | Val   [Total=0.01134 MSE=0.01014 Smooth=0.00120]
Epoch 214/1000 | λ=9.83e-05 | LR=8.92e-05 | Train [Total=0.02550 MSE=0.02518 Smooth=0.00032] | Val   [Total=0.00974 MSE=0.00861 Smooth=0.00113] *** BEST ***
Epoch 215/1000 | λ=9.81e-05 | LR=8.91e-05 | Train [Total=0.01989 MSE=0.01954 Smooth=0.00035] | Val   [Total=0.01112 MSE=0.00996 Smooth=0.00116]
Epoch 216/1000 | λ=9.80e-05 | LR=8.90e-05 | Train [Total=0.02366 MSE=0.02335 Smooth=0.00031] | Val   [Total=0.00933 MSE=0.00822 Smooth=0.00110] *** BEST ***
Epoch 217/1000 | λ=9.79e-05 | LR=8.89e-05 | Train [Total=0.02227 MSE=0.02197 Smooth=0.00030] | Val   [Total=0.00908 MSE=0.00795 Smooth=0.00113] *** BEST ***
Epoch 218/1000 | λ=9.78e-05 | LR=8.88e-05 | Train [Total=0.02142 MSE=0.02115 Smooth=0.00027] | Val   [Total=0.00920 MSE=0.00815 Smooth=0.00105]
Epoch 219/1000 | λ=9.76e-05 | LR=8.87e-05 | Train [Total=0.01701 MSE=0.01668 Smooth=0.00033] | Val   [Total=0.01275 MSE=0.01166 Smooth=0.00109]
Epoch 220/1000 | λ=9.75e-05 | LR=8.86e-05 | Train [Total=0.01950 MSE=0.01922 Smooth=0.00028] | Val   [Total=0.00814 MSE=0.00712 Smooth=0.00102] *** BEST ***
Epoch 221/1000 | λ=9.74e-05 | LR=8.85e-05 | Train [Total=0.02383 MSE=0.02357 Smooth=0.00026] | Val   [Total=0.00879 MSE=0.00772 Smooth=0.00106]
Epoch 222/1000 | λ=9.73e-05 | LR=8.84e-05 | Train [Total=0.01560 MSE=0.01528 Smooth=0.00032] | Val   [Total=0.00836 MSE=0.00732 Smooth=0.00104]
Epoch 223/1000 | λ=9.72e-05 | LR=8.83e-05 | Train [Total=0.01412 MSE=0.01385 Smooth=0.00027] | Val   [Total=0.00876 MSE=0.00776 Smooth=0.00100]
Epoch 224/1000 | λ=9.70e-05 | LR=8.82e-05 | Train [Total=0.01519 MSE=0.01494 Smooth=0.00025] | Val   [Total=0.01072 MSE=0.00962 Smooth=0.00110]
Epoch 225/1000 | λ=9.69e-05 | LR=8.81e-05 | Train [Total=0.01710 MSE=0.01679 Smooth=0.00031] | Val   [Total=0.00912 MSE=0.00811 Smooth=0.00101]
Epoch 226/1000 | λ=9.68e-05 | LR=8.80e-05 | Train [Total=0.01851 MSE=0.01825 Smooth=0.00026] | Val   [Total=0.00894 MSE=0.00777 Smooth=0.00116]
Epoch 227/1000 | λ=9.67e-05 | LR=8.79e-05 | Train [Total=0.01982 MSE=0.01950 Smooth=0.00032] | Val   [Total=0.01132 MSE=0.01027 Smooth=0.00105]
Epoch 228/1000 | λ=9.65e-05 | LR=8.78e-05 | Train [Total=0.02090 MSE=0.02060 Smooth=0.00030] | Val   [Total=0.00841 MSE=0.00742 Smooth=0.00099]
Epoch 229/1000 | λ=9.64e-05 | LR=8.77e-05 | Train [Total=0.01951 MSE=0.01928 Smooth=0.00023] | Val   [Total=0.00845 MSE=0.00746 Smooth=0.00099]
Epoch 230/1000 | λ=9.63e-05 | LR=8.76e-05 | Train [Total=0.02350 MSE=0.02322 Smooth=0.00028] | Val   [Total=0.00970 MSE=0.00859 Smooth=0.00111]
Epoch 231/1000 | λ=9.62e-05 | LR=8.75e-05 | Train [Total=0.01184 MSE=0.01155 Smooth=0.00029] | Val   [Total=0.00919 MSE=0.00815 Smooth=0.00103]
Epoch 232/1000 | λ=9.60e-05 | LR=8.74e-05 | Train [Total=0.01991 MSE=0.01969 Smooth=0.00022] | Val   [Total=0.00854 MSE=0.00753 Smooth=0.00101]
Epoch 233/1000 | λ=9.59e-05 | LR=8.73e-05 | Train [Total=0.01672 MSE=0.01649 Smooth=0.00024] | Val   [Total=0.00894 MSE=0.00797 Smooth=0.00097]
Epoch 234/1000 | λ=9.58e-05 | LR=8.72e-05 | Train [Total=0.01440 MSE=0.01414 Smooth=0.00026] | Val   [Total=0.00817 MSE=0.00728 Smooth=0.00089]
Epoch 235/1000 | λ=9.57e-05 | LR=8.71e-05 | Train [Total=0.01767 MSE=0.01745 Smooth=0.00022] | Val   [Total=0.01019 MSE=0.00921 Smooth=0.00098]
Epoch 236/1000 | λ=9.55e-05 | LR=8.70e-05 | Train [Total=0.01988 MSE=0.01961 Smooth=0.00027] | Val   [Total=0.00881 MSE=0.00790 Smooth=0.00091]
Epoch 237/1000 | λ=9.54e-05 | LR=8.69e-05 | Train [Total=0.01825 MSE=0.01797 Smooth=0.00028] | Val   [Total=0.00925 MSE=0.00825 Smooth=0.00101]
Epoch 238/1000 | λ=9.53e-05 | LR=8.68e-05 | Train [Total=0.01755 MSE=0.01728 Smooth=0.00027] | Val   [Total=0.00803 MSE=0.00699 Smooth=0.00104] *** BEST ***
Epoch 239/1000 | λ=9.52e-05 | LR=8.67e-05 | Train [Total=0.01256 MSE=0.01237 Smooth=0.00019] | Val   [Total=0.00855 MSE=0.00759 Smooth=0.00096]
Epoch 240/1000 | λ=9.51e-05 | LR=8.66e-05 | Train [Total=0.01483 MSE=0.01459 Smooth=0.00024] | Val   [Total=0.01052 MSE=0.00930 Smooth=0.00122]
Epoch 241/1000 | λ=9.49e-05 | LR=8.65e-05 | Train [Total=0.01758 MSE=0.01733 Smooth=0.00024] | Val   [Total=0.00683 MSE=0.00594 Smooth=0.00089] *** BEST ***
Epoch 242/1000 | λ=9.48e-05 | LR=8.64e-05 | Train [Total=0.01510 MSE=0.01490 Smooth=0.00020] | Val   [Total=0.00885 MSE=0.00793 Smooth=0.00092]
Epoch 243/1000 | λ=9.47e-05 | LR=8.63e-05 | Train [Total=0.01987 MSE=0.01958 Smooth=0.00030] | Val   [Total=0.00833 MSE=0.00742 Smooth=0.00091]
Epoch 244/1000 | λ=9.46e-05 | LR=8.62e-05 | Train [Total=0.01518 MSE=0.01490 Smooth=0.00028] | Val   [Total=0.01045 MSE=0.00958 Smooth=0.00087]
Epoch 245/1000 | λ=9.44e-05 | LR=8.60e-05 | Train [Total=0.01942 MSE=0.01917 Smooth=0.00025] | Val   [Total=0.00705 MSE=0.00621 Smooth=0.00085]
Epoch 246/1000 | λ=9.43e-05 | LR=8.59e-05 | Train [Total=0.01471 MSE=0.01446 Smooth=0.00024] | Val   [Total=0.00657 MSE=0.00566 Smooth=0.00091] *** BEST ***
Epoch 247/1000 | λ=9.42e-05 | LR=8.58e-05 | Train [Total=0.02465 MSE=0.02439 Smooth=0.00026] | Val   [Total=0.00770 MSE=0.00685 Smooth=0.00085]
Epoch 248/1000 | λ=9.41e-05 | LR=8.57e-05 | Train [Total=0.01212 MSE=0.01182 Smooth=0.00030] | Val   [Total=0.00802 MSE=0.00718 Smooth=0.00084]
Epoch 249/1000 | λ=9.39e-05 | LR=8.56e-05 | Train [Total=0.01884 MSE=0.01863 Smooth=0.00022] | Val   [Total=0.00816 MSE=0.00732 Smooth=0.00084]
Epoch 250/1000 | λ=9.38e-05 | LR=8.55e-05 | Train [Total=0.01898 MSE=0.01873 Smooth=0.00025] | Val   [Total=0.00701 MSE=0.00609 Smooth=0.00092]
Epoch 251/1000 | λ=9.37e-05 | LR=8.54e-05 | Train [Total=0.01456 MSE=0.01440 Smooth=0.00015] | Val   [Total=0.00658 MSE=0.00561 Smooth=0.00097]
Epoch 252/1000 | λ=9.36e-05 | LR=8.53e-05 | Train [Total=0.02120 MSE=0.02102 Smooth=0.00018] | Val   [Total=0.00749 MSE=0.00664 Smooth=0.00085]
Epoch 253/1000 | λ=9.34e-05 | LR=8.52e-05 | Train [Total=0.01684 MSE=0.01662 Smooth=0.00022] | Val   [Total=0.00777 MSE=0.00689 Smooth=0.00088]
Epoch 254/1000 | λ=9.33e-05 | LR=8.51e-05 | Train [Total=0.01775 MSE=0.01752 Smooth=0.00024] | Val   [Total=0.00641 MSE=0.00544 Smooth=0.00097] *** BEST ***
Epoch 255/1000 | λ=9.32e-05 | LR=8.49e-05 | Train [Total=0.01816 MSE=0.01793 Smooth=0.00022] | Val   [Total=0.00715 MSE=0.00624 Smooth=0.00091]
Epoch 256/1000 | λ=9.31e-05 | LR=8.48e-05 | Train [Total=0.01597 MSE=0.01575 Smooth=0.00022] | Val   [Total=0.00586 MSE=0.00511 Smooth=0.00075] *** BEST ***
Epoch 257/1000 | λ=9.29e-05 | LR=8.47e-05 | Train [Total=0.01494 MSE=0.01477 Smooth=0.00017] | Val   [Total=0.00771 MSE=0.00667 Smooth=0.00104]
Epoch 258/1000 | λ=9.28e-05 | LR=8.46e-05 | Train [Total=0.01499 MSE=0.01474 Smooth=0.00025] | Val   [Total=0.00728 MSE=0.00651 Smooth=0.00076]
Epoch 259/1000 | λ=9.27e-05 | LR=8.45e-05 | Train [Total=0.01732 MSE=0.01713 Smooth=0.00019] | Val   [Total=0.00703 MSE=0.00609 Smooth=0.00095]
Epoch 260/1000 | λ=9.26e-05 | LR=8.44e-05 | Train [Total=0.01151 MSE=0.01130 Smooth=0.00021] | Val   [Total=0.00738 MSE=0.00655 Smooth=0.00083]
Epoch 261/1000 | λ=9.25e-05 | LR=8.43e-05 | Train [Total=0.01041 MSE=0.01023 Smooth=0.00017] | Val   [Total=0.00575 MSE=0.00499 Smooth=0.00076] *** BEST ***
Epoch 262/1000 | λ=9.23e-05 | LR=8.42e-05 | Train [Total=0.01849 MSE=0.01830 Smooth=0.00019] | Val   [Total=0.00670 MSE=0.00590 Smooth=0.00079]
Epoch 263/1000 | λ=9.22e-05 | LR=8.40e-05 | Train [Total=0.01585 MSE=0.01566 Smooth=0.00019] | Val   [Total=0.00932 MSE=0.00845 Smooth=0.00087]
Epoch 264/1000 | λ=9.21e-05 | LR=8.39e-05 | Train [Total=0.01439 MSE=0.01418 Smooth=0.00021] | Val   [Total=0.00580 MSE=0.00505 Smooth=0.00075]
Epoch 265/1000 | λ=9.20e-05 | LR=8.38e-05 | Train [Total=0.01663 MSE=0.01644 Smooth=0.00019] | Val   [Total=0.00562 MSE=0.00488 Smooth=0.00074] *** BEST ***
Epoch 266/1000 | λ=9.18e-05 | LR=8.37e-05 | Train [Total=0.01829 MSE=0.01808 Smooth=0.00021] | Val   [Total=0.00597 MSE=0.00517 Smooth=0.00081]
Epoch 267/1000 | λ=9.17e-05 | LR=8.36e-05 | Train [Total=0.01630 MSE=0.01614 Smooth=0.00016] | Val   [Total=0.00716 MSE=0.00643 Smooth=0.00073]
Epoch 268/1000 | λ=9.16e-05 | LR=8.35e-05 | Train [Total=0.01786 MSE=0.01766 Smooth=0.00020] | Val   [Total=0.00572 MSE=0.00498 Smooth=0.00074]
Epoch 269/1000 | λ=9.15e-05 | LR=8.34e-05 | Train [Total=0.01472 MSE=0.01452 Smooth=0.00020] | Val   [Total=0.00574 MSE=0.00501 Smooth=0.00072]
Epoch 270/1000 | λ=9.13e-05 | LR=8.32e-05 | Train [Total=0.01535 MSE=0.01515 Smooth=0.00020] | Val   [Total=0.00631 MSE=0.00563 Smooth=0.00069]
Epoch 271/1000 | λ=9.12e-05 | LR=8.31e-05 | Train [Total=0.01779 MSE=0.01763 Smooth=0.00015] | Val   [Total=0.00752 MSE=0.00673 Smooth=0.00079]
Epoch 272/1000 | λ=9.11e-05 | LR=8.30e-05 | Train [Total=0.01360 MSE=0.01343 Smooth=0.00018] | Val   [Total=0.00581 MSE=0.00502 Smooth=0.00080]
Epoch 273/1000 | λ=9.10e-05 | LR=8.29e-05 | Train [Total=0.01553 MSE=0.01533 Smooth=0.00019] | Val   [Total=0.00611 MSE=0.00544 Smooth=0.00067]
Epoch 274/1000 | λ=9.08e-05 | LR=8.28e-05 | Train [Total=0.01327 MSE=0.01308 Smooth=0.00019] | Val   [Total=0.00612 MSE=0.00544 Smooth=0.00068]
Epoch 275/1000 | λ=9.07e-05 | LR=8.26e-05 | Train [Total=0.01878 MSE=0.01857 Smooth=0.00021] | Val   [Total=0.00575 MSE=0.00507 Smooth=0.00068]
Epoch 276/1000 | λ=9.06e-05 | LR=8.25e-05 | Train [Total=0.01422 MSE=0.01404 Smooth=0.00018] | Val   [Total=0.00882 MSE=0.00811 Smooth=0.00071]
Epoch 277/1000 | λ=9.05e-05 | LR=8.24e-05 | Train [Total=0.01542 MSE=0.01526 Smooth=0.00016] | Val   [Total=0.00605 MSE=0.00530 Smooth=0.00075]
Epoch 278/1000 | λ=9.03e-05 | LR=8.23e-05 | Train [Total=0.01734 MSE=0.01720 Smooth=0.00014] | Val   [Total=0.00590 MSE=0.00520 Smooth=0.00071]
Epoch 279/1000 | λ=9.02e-05 | LR=8.22e-05 | Train [Total=0.01462 MSE=0.01438 Smooth=0.00024] | Val   [Total=0.00540 MSE=0.00476 Smooth=0.00065] *** BEST ***
Epoch 280/1000 | λ=9.01e-05 | LR=8.21e-05 | Train [Total=0.02431 MSE=0.02410 Smooth=0.00021] | Val   [Total=0.00622 MSE=0.00556 Smooth=0.00066]
Epoch 281/1000 | λ=9.00e-05 | LR=8.19e-05 | Train [Total=0.01535 MSE=0.01514 Smooth=0.00021] | Val   [Total=0.00878 MSE=0.00810 Smooth=0.00068]
Epoch 282/1000 | λ=8.99e-05 | LR=8.18e-05 | Train [Total=0.00776 MSE=0.00753 Smooth=0.00023] | Val   [Total=0.00521 MSE=0.00456 Smooth=0.00064] *** BEST ***
Epoch 283/1000 | λ=8.97e-05 | LR=8.17e-05 | Train [Total=0.01686 MSE=0.01672 Smooth=0.00014] | Val   [Total=0.00520 MSE=0.00457 Smooth=0.00062] *** BEST ***
Epoch 284/1000 | λ=8.96e-05 | LR=8.16e-05 | Train [Total=0.01444 MSE=0.01431 Smooth=0.00013] | Val   [Total=0.00698 MSE=0.00634 Smooth=0.00064]
Epoch 285/1000 | λ=8.95e-05 | LR=8.14e-05 | Train [Total=0.01518 MSE=0.01505 Smooth=0.00014] | Val   [Total=0.00566 MSE=0.00500 Smooth=0.00066]
Epoch 286/1000 | λ=8.94e-05 | LR=8.13e-05 | Train [Total=0.01191 MSE=0.01178 Smooth=0.00014] | Val   [Total=0.00614 MSE=0.00541 Smooth=0.00073]
Epoch 287/1000 | λ=8.92e-05 | LR=8.12e-05 | Train [Total=0.01401 MSE=0.01386 Smooth=0.00015] | Val   [Total=0.00636 MSE=0.00563 Smooth=0.00073]
Epoch 288/1000 | λ=8.91e-05 | LR=8.11e-05 | Train [Total=0.00956 MSE=0.00940 Smooth=0.00016] | Val   [Total=0.00582 MSE=0.00518 Smooth=0.00063]
Epoch 289/1000 | λ=8.90e-05 | LR=8.10e-05 | Train [Total=0.00896 MSE=0.00875 Smooth=0.00021] | Val   [Total=0.00593 MSE=0.00532 Smooth=0.00061]
Epoch 290/1000 | λ=8.89e-05 | LR=8.08e-05 | Train [Total=0.01962 MSE=0.01947 Smooth=0.00015] | Val   [Total=0.00719 MSE=0.00649 Smooth=0.00070]
Epoch 291/1000 | λ=8.87e-05 | LR=8.07e-05 | Train [Total=0.01584 MSE=0.01568 Smooth=0.00016] | Val   [Total=0.00568 MSE=0.00501 Smooth=0.00067]
Epoch 292/1000 | λ=8.86e-05 | LR=8.06e-05 | Train [Total=0.00904 MSE=0.00884 Smooth=0.00020] | Val   [Total=0.00508 MSE=0.00441 Smooth=0.00066] *** BEST ***
Epoch 293/1000 | λ=8.85e-05 | LR=8.05e-05 | Train [Total=0.01094 MSE=0.01080 Smooth=0.00014] | Val   [Total=0.00529 MSE=0.00468 Smooth=0.00060]
Epoch 294/1000 | λ=8.84e-05 | LR=8.03e-05 | Train [Total=0.00871 MSE=0.00854 Smooth=0.00017] | Val   [Total=0.00545 MSE=0.00485 Smooth=0.00059]
Epoch 295/1000 | λ=8.82e-05 | LR=8.02e-05 | Train [Total=0.01409 MSE=0.01391 Smooth=0.00018] | Val   [Total=0.00826 MSE=0.00767 Smooth=0.00059]
Epoch 296/1000 | λ=8.81e-05 | LR=8.01e-05 | Train [Total=0.01550 MSE=0.01533 Smooth=0.00016] | Val   [Total=0.00558 MSE=0.00492 Smooth=0.00067]
Epoch 297/1000 | λ=8.80e-05 | LR=8.00e-05 | Train [Total=0.01422 MSE=0.01406 Smooth=0.00016] | Val   [Total=0.00550 MSE=0.00494 Smooth=0.00056]
Epoch 298/1000 | λ=8.79e-05 | LR=7.98e-05 | Train [Total=0.01033 MSE=0.01016 Smooth=0.00017] | Val   [Total=0.00652 MSE=0.00586 Smooth=0.00066]
Epoch 299/1000 | λ=8.77e-05 | LR=7.97e-05 | Train [Total=0.01831 MSE=0.01819 Smooth=0.00012] | Val   [Total=0.00543 MSE=0.00473 Smooth=0.00070]
Epoch 300/1000 | λ=8.76e-05 | LR=7.96e-05 | Train [Total=0.01398 MSE=0.01381 Smooth=0.00018] | Val   [Total=0.00498 MSE=0.00437 Smooth=0.00061] *** BEST ***
Epoch 301/1000 | λ=8.75e-05 | LR=7.95e-05 | Train [Total=0.01203 MSE=0.01188 Smooth=0.00016] | Val   [Total=0.00627 MSE=0.00566 Smooth=0.00061]
Epoch 302/1000 | λ=8.74e-05 | LR=7.93e-05 | Train [Total=0.00636 MSE=0.00619 Smooth=0.00017] | Val   [Total=0.00518 MSE=0.00456 Smooth=0.00061]
Epoch 303/1000 | λ=8.73e-05 | LR=7.92e-05 | Train [Total=0.01503 MSE=0.01486 Smooth=0.00017] | Val   [Total=0.00575 MSE=0.00518 Smooth=0.00057]
Epoch 304/1000 | λ=8.71e-05 | LR=7.91e-05 | Train [Total=0.01737 MSE=0.01722 Smooth=0.00015] | Val   [Total=0.01012 MSE=0.00950 Smooth=0.00063]
Epoch 305/1000 | λ=8.70e-05 | LR=7.90e-05 | Train [Total=0.01443 MSE=0.01428 Smooth=0.00015] | Val   [Total=0.00499 MSE=0.00433 Smooth=0.00066]
Epoch 306/1000 | λ=8.69e-05 | LR=7.88e-05 | Train [Total=0.01352 MSE=0.01336 Smooth=0.00016] | Val   [Total=0.00539 MSE=0.00479 Smooth=0.00060]
Epoch 307/1000 | λ=8.68e-05 | LR=7.87e-05 | Train [Total=0.01311 MSE=0.01294 Smooth=0.00017] | Val   [Total=0.00604 MSE=0.00550 Smooth=0.00054]
Epoch 308/1000 | λ=8.66e-05 | LR=7.86e-05 | Train [Total=0.01756 MSE=0.01743 Smooth=0.00013] | Val   [Total=0.00504 MSE=0.00445 Smooth=0.00059]
Epoch 309/1000 | λ=8.65e-05 | LR=7.85e-05 | Train [Total=0.01917 MSE=0.01900 Smooth=0.00017] | Val   [Total=0.00619 MSE=0.00557 Smooth=0.00062]
Epoch 310/1000 | λ=8.64e-05 | LR=7.83e-05 | Train [Total=0.01158 MSE=0.01142 Smooth=0.00017] | Val   [Total=0.00455 MSE=0.00401 Smooth=0.00054] *** BEST ***
Epoch 311/1000 | λ=8.63e-05 | LR=7.82e-05 | Train [Total=0.01294 MSE=0.01281 Smooth=0.00013] | Val   [Total=0.00602 MSE=0.00546 Smooth=0.00056]
Epoch 312/1000 | λ=8.61e-05 | LR=7.81e-05 | Train [Total=0.01321 MSE=0.01304 Smooth=0.00017] | Val   [Total=0.00529 MSE=0.00476 Smooth=0.00053]
Epoch 313/1000 | λ=8.60e-05 | LR=7.79e-05 | Train [Total=0.01944 MSE=0.01928 Smooth=0.00015] | Val   [Total=0.00552 MSE=0.00497 Smooth=0.00055]
Epoch 314/1000 | λ=8.59e-05 | LR=7.78e-05 | Train [Total=0.01467 MSE=0.01453 Smooth=0.00015] | Val   [Total=0.00497 MSE=0.00439 Smooth=0.00058]
Epoch 315/1000 | λ=8.58e-05 | LR=7.77e-05 | Train [Total=0.01588 MSE=0.01573 Smooth=0.00016] | Val   [Total=0.00561 MSE=0.00501 Smooth=0.00060]
Epoch 316/1000 | λ=8.56e-05 | LR=7.75e-05 | Train [Total=0.01832 MSE=0.01821 Smooth=0.00011] | Val   [Total=0.00551 MSE=0.00493 Smooth=0.00059]
Epoch 317/1000 | λ=8.55e-05 | LR=7.74e-05 | Train [Total=0.01892 MSE=0.01875 Smooth=0.00017] | Val   [Total=0.00623 MSE=0.00564 Smooth=0.00059]
Epoch 318/1000 | λ=8.54e-05 | LR=7.73e-05 | Train [Total=0.01073 MSE=0.01060 Smooth=0.00013] | Val   [Total=0.00526 MSE=0.00467 Smooth=0.00060]
Epoch 319/1000 | λ=8.53e-05 | LR=7.72e-05 | Train [Total=0.01017 MSE=0.01003 Smooth=0.00014] | Val   [Total=0.00572 MSE=0.00511 Smooth=0.00060]
Epoch 320/1000 | λ=8.52e-05 | LR=7.70e-05 | Train [Total=0.01139 MSE=0.01122 Smooth=0.00017] | Val   [Total=0.00548 MSE=0.00495 Smooth=0.00053]
Epoch 321/1000 | λ=8.50e-05 | LR=7.69e-05 | Train [Total=0.00915 MSE=0.00902 Smooth=0.00013] | Val   [Total=0.00489 MSE=0.00437 Smooth=0.00052]
Epoch 322/1000 | λ=8.49e-05 | LR=7.68e-05 | Train [Total=0.01111 MSE=0.01097 Smooth=0.00014] | Val   [Total=0.00758 MSE=0.00708 Smooth=0.00051]
Epoch 323/1000 | λ=8.48e-05 | LR=7.66e-05 | Train [Total=0.01359 MSE=0.01348 Smooth=0.00011] | Val   [Total=0.00564 MSE=0.00506 Smooth=0.00058]
Epoch 324/1000 | λ=8.47e-05 | LR=7.65e-05 | Train [Total=0.01484 MSE=0.01466 Smooth=0.00018] | Val   [Total=0.00563 MSE=0.00507 Smooth=0.00056]
Epoch 325/1000 | λ=8.45e-05 | LR=7.64e-05 | Train [Total=0.01577 MSE=0.01564 Smooth=0.00012] | Val   [Total=0.00863 MSE=0.00812 Smooth=0.00051]
Epoch 326/1000 | λ=8.44e-05 | LR=7.62e-05 | Train [Total=0.01474 MSE=0.01459 Smooth=0.00016] | Val   [Total=0.00521 MSE=0.00466 Smooth=0.00055]
Epoch 327/1000 | λ=8.43e-05 | LR=7.61e-05 | Train [Total=0.01496 MSE=0.01481 Smooth=0.00015] | Val   [Total=0.00666 MSE=0.00612 Smooth=0.00054]
Epoch 328/1000 | λ=8.42e-05 | LR=7.60e-05 | Train [Total=0.01386 MSE=0.01371 Smooth=0.00015] | Val   [Total=0.00490 MSE=0.00439 Smooth=0.00050]
Epoch 329/1000 | λ=8.40e-05 | LR=7.58e-05 | Train [Total=0.01559 MSE=0.01547 Smooth=0.00012] | Val   [Total=0.00549 MSE=0.00500 Smooth=0.00049]
Epoch 330/1000 | λ=8.39e-05 | LR=7.57e-05 | Train [Total=0.01969 MSE=0.01957 Smooth=0.00013] | Val   [Total=0.00593 MSE=0.00533 Smooth=0.00060]
Epoch 331/1000 | λ=8.38e-05 | LR=7.56e-05 | Train [Total=0.00940 MSE=0.00929 Smooth=0.00011] | Val   [Total=0.00575 MSE=0.00524 Smooth=0.00051]
Epoch 332/1000 | λ=8.37e-05 | LR=7.54e-05 | Train [Total=0.01982 MSE=0.01968 Smooth=0.00014] | Val   [Total=0.01019 MSE=0.00965 Smooth=0.00054]
Epoch 333/1000 | λ=8.35e-05 | LR=7.53e-05 | Train [Total=0.01875 MSE=0.01860 Smooth=0.00015] | Val   [Total=0.00696 MSE=0.00642 Smooth=0.00055]
Epoch 334/1000 | λ=8.34e-05 | LR=7.52e-05 | Train [Total=0.01328 MSE=0.01315 Smooth=0.00013] | Val   [Total=0.00697 MSE=0.00642 Smooth=0.00055]
Epoch 335/1000 | λ=8.33e-05 | LR=7.50e-05 | Train [Total=0.01082 MSE=0.01067 Smooth=0.00014] | Val   [Total=0.00621 MSE=0.00568 Smooth=0.00053]
Epoch 336/1000 | λ=8.32e-05 | LR=7.49e-05 | Train [Total=0.01111 MSE=0.01099 Smooth=0.00012] | Val   [Total=0.00500 MSE=0.00451 Smooth=0.00049]
Epoch 337/1000 | λ=8.30e-05 | LR=7.48e-05 | Train [Total=0.01456 MSE=0.01443 Smooth=0.00014] | Val   [Total=0.00678 MSE=0.00631 Smooth=0.00047]
Epoch 338/1000 | λ=8.29e-05 | LR=7.46e-05 | Train [Total=0.01451 MSE=0.01440 Smooth=0.00011] | Val   [Total=0.00513 MSE=0.00466 Smooth=0.00047]
Epoch 339/1000 | λ=8.28e-05 | LR=7.45e-05 | Train [Total=0.00882 MSE=0.00867 Smooth=0.00015] | Val   [Total=0.00526 MSE=0.00475 Smooth=0.00051]
Epoch 340/1000 | λ=8.27e-05 | LR=7.43e-05 | Train [Total=0.01057 MSE=0.01043 Smooth=0.00014] | Val   [Total=0.00573 MSE=0.00524 Smooth=0.00049]
Epoch 341/1000 | λ=8.26e-05 | LR=7.42e-05 | Train [Total=0.00967 MSE=0.00956 Smooth=0.00011] | Val   [Total=0.00702 MSE=0.00655 Smooth=0.00047]
Epoch 342/1000 | λ=8.24e-05 | LR=7.41e-05 | Train [Total=0.01351 MSE=0.01334 Smooth=0.00017] | Val   [Total=0.00555 MSE=0.00509 Smooth=0.00046]
Epoch 343/1000 | λ=8.23e-05 | LR=7.39e-05 | Train [Total=0.00974 MSE=0.00959 Smooth=0.00014] | Val   [Total=0.00542 MSE=0.00497 Smooth=0.00045]
Epoch 344/1000 | λ=8.22e-05 | LR=7.38e-05 | Train [Total=0.01025 MSE=0.01015 Smooth=0.00010] | Val   [Total=0.00590 MSE=0.00540 Smooth=0.00050]
Epoch 345/1000 | λ=8.21e-05 | LR=7.37e-05 | Train [Total=0.01086 MSE=0.01072 Smooth=0.00014] | Val   [Total=0.00583 MSE=0.00537 Smooth=0.00046]
Epoch 346/1000 | λ=8.19e-05 | LR=7.35e-05 | Train [Total=0.00958 MSE=0.00946 Smooth=0.00012] | Val   [Total=0.00520 MSE=0.00473 Smooth=0.00047]
Epoch 347/1000 | λ=8.18e-05 | LR=7.34e-05 | Train [Total=0.00995 MSE=0.00982 Smooth=0.00012] | Val   [Total=0.00563 MSE=0.00515 Smooth=0.00047]
Epoch 348/1000 | λ=8.17e-05 | LR=7.32e-05 | Train [Total=0.01159 MSE=0.01147 Smooth=0.00012] | Val   [Total=0.00605 MSE=0.00554 Smooth=0.00050]
Epoch 349/1000 | λ=8.16e-05 | LR=7.31e-05 | Train [Total=0.01211 MSE=0.01199 Smooth=0.00012] | Val   [Total=0.00625 MSE=0.00576 Smooth=0.00048]
Epoch 350/1000 | λ=8.14e-05 | LR=7.30e-05 | Train [Total=0.01001 MSE=0.00987 Smooth=0.00014] | Val   [Total=0.00628 MSE=0.00579 Smooth=0.00050]
Epoch 351/1000 | λ=8.13e-05 | LR=7.28e-05 | Train [Total=0.01062 MSE=0.01052 Smooth=0.00010] | Val   [Total=0.00587 MSE=0.00537 Smooth=0.00051]
Epoch 352/1000 | λ=8.12e-05 | LR=7.27e-05 | Train [Total=0.00877 MSE=0.00866 Smooth=0.00011] | Val   [Total=0.00513 MSE=0.00467 Smooth=0.00046]
Epoch 353/1000 | λ=8.11e-05 | LR=7.26e-05 | Train [Total=0.00447 MSE=0.00433 Smooth=0.00014] | Val   [Total=0.00512 MSE=0.00465 Smooth=0.00047]
Epoch 354/1000 | λ=8.09e-05 | LR=7.24e-05 | Train [Total=0.00775 MSE=0.00765 Smooth=0.00011] | Val   [Total=0.00520 MSE=0.00472 Smooth=0.00049]
Epoch 355/1000 | λ=8.08e-05 | LR=7.23e-05 | Train [Total=0.01463 MSE=0.01452 Smooth=0.00011] | Val   [Total=0.00507 MSE=0.00463 Smooth=0.00044]
Epoch 356/1000 | λ=8.07e-05 | LR=7.21e-05 | Train [Total=0.01179 MSE=0.01168 Smooth=0.00011] | Val   [Total=0.00502 MSE=0.00456 Smooth=0.00045]
Epoch 357/1000 | λ=8.06e-05 | LR=7.20e-05 | Train [Total=0.00602 MSE=0.00591 Smooth=0.00011] | Val   [Total=0.00560 MSE=0.00514 Smooth=0.00046]
Epoch 358/1000 | λ=8.04e-05 | LR=7.19e-05 | Train [Total=0.01172 MSE=0.01160 Smooth=0.00012] | Val   [Total=0.00571 MSE=0.00520 Smooth=0.00052]
Epoch 359/1000 | λ=8.03e-05 | LR=7.17e-05 | Train [Total=0.01601 MSE=0.01592 Smooth=0.00009] | Val   [Total=0.00564 MSE=0.00518 Smooth=0.00047]
Epoch 360/1000 | λ=8.02e-05 | LR=7.16e-05 | Train [Total=0.00957 MSE=0.00948 Smooth=0.00009] | Val   [Total=0.00524 MSE=0.00481 Smooth=0.00044]
Epoch 361/1000 | λ=8.01e-05 | LR=7.14e-05 | Train [Total=0.01506 MSE=0.01496 Smooth=0.00010] | Val   [Total=0.00612 MSE=0.00566 Smooth=0.00046]
Epoch 362/1000 | λ=8.00e-05 | LR=7.13e-05 | Train [Total=0.00943 MSE=0.00931 Smooth=0.00011] | Val   [Total=0.00610 MSE=0.00556 Smooth=0.00054]
Epoch 363/1000 | λ=7.98e-05 | LR=7.12e-05 | Train [Total=0.00957 MSE=0.00947 Smooth=0.00010] | Val   [Total=0.00601 MSE=0.00555 Smooth=0.00046]
Epoch 364/1000 | λ=7.97e-05 | LR=7.10e-05 | Train [Total=0.00924 MSE=0.00916 Smooth=0.00009] | Val   [Total=0.00491 MSE=0.00445 Smooth=0.00046]
Epoch 365/1000 | λ=7.96e-05 | LR=7.09e-05 | Train [Total=0.01793 MSE=0.01783 Smooth=0.00010] | Val   [Total=0.00700 MSE=0.00656 Smooth=0.00044]
Epoch 366/1000 | λ=7.95e-05 | LR=7.07e-05 | Train [Total=0.01239 MSE=0.01228 Smooth=0.00011] | Val   [Total=0.00664 MSE=0.00622 Smooth=0.00043]
Epoch 367/1000 | λ=7.93e-05 | LR=7.06e-05 | Train [Total=0.01013 MSE=0.01001 Smooth=0.00012] | Val   [Total=0.00745 MSE=0.00702 Smooth=0.00043]
Epoch 368/1000 | λ=7.92e-05 | LR=7.04e-05 | Train [Total=0.00977 MSE=0.00970 Smooth=0.00007] | Val   [Total=0.00557 MSE=0.00514 Smooth=0.00042]
Epoch 369/1000 | λ=7.91e-05 | LR=7.03e-05 | Train [Total=0.01136 MSE=0.01124 Smooth=0.00012] | Val   [Total=0.00874 MSE=0.00827 Smooth=0.00047]
Epoch 370/1000 | λ=7.90e-05 | LR=7.02e-05 | Train [Total=0.01240 MSE=0.01230 Smooth=0.00010] | Val   [Total=0.00565 MSE=0.00522 Smooth=0.00043]
Epoch 371/1000 | λ=7.88e-05 | LR=7.00e-05 | Train [Total=0.01621 MSE=0.01611 Smooth=0.00010] | Val   [Total=0.00638 MSE=0.00591 Smooth=0.00047]
Epoch 372/1000 | λ=7.87e-05 | LR=6.99e-05 | Train [Total=0.00912 MSE=0.00900 Smooth=0.00012] | Val   [Total=0.00586 MSE=0.00543 Smooth=0.00043]
Epoch 373/1000 | λ=7.86e-05 | LR=6.97e-05 | Train [Total=0.01146 MSE=0.01136 Smooth=0.00010] | Val   [Total=0.00610 MSE=0.00567 Smooth=0.00044]
Epoch 374/1000 | λ=7.85e-05 | LR=6.96e-05 | Train [Total=0.00693 MSE=0.00680 Smooth=0.00014] | Val   [Total=0.00769 MSE=0.00724 Smooth=0.00045]
Epoch 375/1000 | λ=7.83e-05 | LR=6.94e-05 | Train [Total=0.01051 MSE=0.01040 Smooth=0.00012] | Val   [Total=0.00574 MSE=0.00532 Smooth=0.00042]
Epoch 376/1000 | λ=7.82e-05 | LR=6.93e-05 | Train [Total=0.00525 MSE=0.00515 Smooth=0.00010] | Val   [Total=0.00571 MSE=0.00531 Smooth=0.00040]
Epoch 377/1000 | λ=7.81e-05 | LR=6.92e-05 | Train [Total=0.01135 MSE=0.01125 Smooth=0.00010] | Val   [Total=0.00647 MSE=0.00602 Smooth=0.00045]
Epoch 378/1000 | λ=7.80e-05 | LR=6.90e-05 | Train [Total=0.01019 MSE=0.01008 Smooth=0.00011] | Val   [Total=0.00581 MSE=0.00540 Smooth=0.00041]
Epoch 379/1000 | λ=7.78e-05 | LR=6.89e-05 | Train [Total=0.01231 MSE=0.01221 Smooth=0.00011] | Val   [Total=0.00697 MSE=0.00657 Smooth=0.00040]
Epoch 380/1000 | λ=7.77e-05 | LR=6.87e-05 | Train [Total=0.01066 MSE=0.01058 Smooth=0.00008] | Val   [Total=0.00620 MSE=0.00572 Smooth=0.00047]
Epoch 381/1000 | λ=7.76e-05 | LR=6.86e-05 | Train [Total=0.01609 MSE=0.01599 Smooth=0.00010] | Val   [Total=0.00577 MSE=0.00536 Smooth=0.00041]
Epoch 382/1000 | λ=7.75e-05 | LR=6.84e-05 | Train [Total=0.01446 MSE=0.01436 Smooth=0.00010] | Val   [Total=0.00818 MSE=0.00776 Smooth=0.00041]
Epoch 383/1000 | λ=7.74e-05 | LR=6.83e-05 | Train [Total=0.01071 MSE=0.01059 Smooth=0.00011] | Val   [Total=0.00662 MSE=0.00620 Smooth=0.00042]
Epoch 384/1000 | λ=7.72e-05 | LR=6.81e-05 | Train [Total=0.01384 MSE=0.01373 Smooth=0.00010] | Val   [Total=0.00657 MSE=0.00618 Smooth=0.00039]
Epoch 385/1000 | λ=7.71e-05 | LR=6.80e-05 | Train [Total=0.01261 MSE=0.01250 Smooth=0.00012] | Val   [Total=0.00793 MSE=0.00753 Smooth=0.00040]
Epoch 386/1000 | λ=7.70e-05 | LR=6.79e-05 | Train [Total=0.00983 MSE=0.00974 Smooth=0.00009] | Val   [Total=0.00675 MSE=0.00634 Smooth=0.00042]
Epoch 387/1000 | λ=7.69e-05 | LR=6.77e-05 | Train [Total=0.00734 MSE=0.00724 Smooth=0.00011] | Val   [Total=0.00602 MSE=0.00553 Smooth=0.00049]
Epoch 388/1000 | λ=7.67e-05 | LR=6.76e-05 | Train [Total=0.01109 MSE=0.01098 Smooth=0.00011] | Val   [Total=0.00517 MSE=0.00477 Smooth=0.00041]
Epoch 389/1000 | λ=7.66e-05 | LR=6.74e-05 | Train [Total=0.01019 MSE=0.01009 Smooth=0.00010] | Val   [Total=0.00625 MSE=0.00588 Smooth=0.00037]
Epoch 390/1000 | λ=7.65e-05 | LR=6.73e-05 | Train [Total=0.00828 MSE=0.00818 Smooth=0.00010] | Val   [Total=0.00473 MSE=0.00431 Smooth=0.00042]
Epoch 391/1000 | λ=7.64e-05 | LR=6.71e-05 | Train [Total=0.01606 MSE=0.01599 Smooth=0.00007] | Val   [Total=0.00631 MSE=0.00588 Smooth=0.00042]
Epoch 392/1000 | λ=7.62e-05 | LR=6.70e-05 | Train [Total=0.00893 MSE=0.00883 Smooth=0.00010] | Val   [Total=0.00725 MSE=0.00686 Smooth=0.00039]
Epoch 393/1000 | λ=7.61e-05 | LR=6.68e-05 | Train [Total=0.01189 MSE=0.01178 Smooth=0.00010] | Val   [Total=0.00587 MSE=0.00547 Smooth=0.00040]
Epoch 394/1000 | λ=7.60e-05 | LR=6.67e-05 | Train [Total=0.00982 MSE=0.00973 Smooth=0.00008] | Val   [Total=0.00601 MSE=0.00559 Smooth=0.00042]
Epoch 395/1000 | λ=7.59e-05 | LR=6.65e-05 | Train [Total=0.00971 MSE=0.00961 Smooth=0.00010] | Val   [Total=0.00592 MSE=0.00552 Smooth=0.00040]
Epoch 396/1000 | λ=7.57e-05 | LR=6.64e-05 | Train [Total=0.01514 MSE=0.01504 Smooth=0.00010] | Val   [Total=0.00681 MSE=0.00642 Smooth=0.00039]
Epoch 397/1000 | λ=7.56e-05 | LR=6.62e-05 | Train [Total=0.00525 MSE=0.00515 Smooth=0.00010] | Val   [Total=0.00656 MSE=0.00615 Smooth=0.00041]
Epoch 398/1000 | λ=7.55e-05 | LR=6.61e-05 | Train [Total=0.01530 MSE=0.01520 Smooth=0.00010] | Val   [Total=0.00748 MSE=0.00700 Smooth=0.00047]
Epoch 399/1000 | λ=7.54e-05 | LR=6.59e-05 | Train [Total=0.01049 MSE=0.01037 Smooth=0.00012] | Val   [Total=0.00589 MSE=0.00551 Smooth=0.00038]
Epoch 400/1000 | λ=7.52e-05 | LR=6.58e-05 | Train [Total=0.00991 MSE=0.00982 Smooth=0.00009] | Val   [Total=0.00643 MSE=0.00603 Smooth=0.00040]
Epoch 401/1000 | λ=7.51e-05 | LR=6.56e-05 | Train [Total=0.01105 MSE=0.01095 Smooth=0.00010] | Val   [Total=0.00679 MSE=0.00640 Smooth=0.00040]
Epoch 402/1000 | λ=7.50e-05 | LR=6.55e-05 | Train [Total=0.01031 MSE=0.01022 Smooth=0.00009] | Val   [Total=0.00647 MSE=0.00611 Smooth=0.00036]
Epoch 403/1000 | λ=7.49e-05 | LR=6.54e-05 | Train [Total=0.01258 MSE=0.01248 Smooth=0.00010] | Val   [Total=0.00633 MSE=0.00597 Smooth=0.00036]
Epoch 404/1000 | λ=7.48e-05 | LR=6.52e-05 | Train [Total=0.01381 MSE=0.01370 Smooth=0.00011] | Val   [Total=0.00603 MSE=0.00568 Smooth=0.00035]
Epoch 405/1000 | λ=7.46e-05 | LR=6.51e-05 | Train [Total=0.01188 MSE=0.01179 Smooth=0.00009] | Val   [Total=0.00545 MSE=0.00508 Smooth=0.00037]
Epoch 406/1000 | λ=7.45e-05 | LR=6.49e-05 | Train [Total=0.01423 MSE=0.01416 Smooth=0.00007] | Val   [Total=0.00760 MSE=0.00724 Smooth=0.00037]
Epoch 407/1000 | λ=7.44e-05 | LR=6.48e-05 | Train [Total=0.01161 MSE=0.01152 Smooth=0.00009] | Val   [Total=0.00638 MSE=0.00600 Smooth=0.00038]
Epoch 408/1000 | λ=7.43e-05 | LR=6.46e-05 | Train [Total=0.00631 MSE=0.00622 Smooth=0.00009] | Val   [Total=0.00650 MSE=0.00613 Smooth=0.00036]
Epoch 409/1000 | λ=7.41e-05 | LR=6.45e-05 | Train [Total=0.01070 MSE=0.01062 Smooth=0.00008] | Val   [Total=0.00731 MSE=0.00693 Smooth=0.00038]
Epoch 410/1000 | λ=7.40e-05 | LR=6.43e-05 | Train [Total=0.00814 MSE=0.00804 Smooth=0.00010] | Val   [Total=0.00518 MSE=0.00480 Smooth=0.00038]
Epoch 411/1000 | λ=7.39e-05 | LR=6.42e-05 | Train [Total=0.01279 MSE=0.01270 Smooth=0.00008] | Val   [Total=0.00868 MSE=0.00828 Smooth=0.00040]
Epoch 412/1000 | λ=7.38e-05 | LR=6.40e-05 | Train [Total=0.01623 MSE=0.01612 Smooth=0.00011] | Val   [Total=0.00578 MSE=0.00540 Smooth=0.00039]
Epoch 413/1000 | λ=7.36e-05 | LR=6.39e-05 | Train [Total=0.01351 MSE=0.01342 Smooth=0.00009] | Val   [Total=0.00688 MSE=0.00647 Smooth=0.00040]
Epoch 414/1000 | λ=7.35e-05 | LR=6.37e-05 | Train [Total=0.00925 MSE=0.00917 Smooth=0.00008] | Val   [Total=0.00627 MSE=0.00592 Smooth=0.00035]
Epoch 415/1000 | λ=7.34e-05 | LR=6.36e-05 | Train [Total=0.00770 MSE=0.00760 Smooth=0.00011] | Val   [Total=0.00676 MSE=0.00640 Smooth=0.00036]
Epoch 416/1000 | λ=7.33e-05 | LR=6.34e-05 | Train [Total=0.00931 MSE=0.00920 Smooth=0.00011] | Val   [Total=0.00559 MSE=0.00525 Smooth=0.00034]
Epoch 417/1000 | λ=7.31e-05 | LR=6.33e-05 | Train [Total=0.01312 MSE=0.01304 Smooth=0.00008] | Val   [Total=0.00690 MSE=0.00654 Smooth=0.00036]
Epoch 418/1000 | λ=7.30e-05 | LR=6.31e-05 | Train [Total=0.01364 MSE=0.01355 Smooth=0.00009] | Val   [Total=0.00836 MSE=0.00800 Smooth=0.00036]
Epoch 419/1000 | λ=7.29e-05 | LR=6.30e-05 | Train [Total=0.00916 MSE=0.00907 Smooth=0.00009] | Val   [Total=0.00878 MSE=0.00835 Smooth=0.00042]
Epoch 420/1000 | λ=7.28e-05 | LR=6.28e-05 | Train [Total=0.01528 MSE=0.01518 Smooth=0.00010] | Val   [Total=0.00667 MSE=0.00626 Smooth=0.00041]
Epoch 421/1000 | λ=7.27e-05 | LR=6.27e-05 | Train [Total=0.01387 MSE=0.01378 Smooth=0.00009] | Val   [Total=0.00780 MSE=0.00744 Smooth=0.00036]
Epoch 422/1000 | λ=7.25e-05 | LR=6.25e-05 | Train [Total=0.01575 MSE=0.01567 Smooth=0.00008] | Val   [Total=0.00656 MSE=0.00618 Smooth=0.00037]
Epoch 423/1000 | λ=7.24e-05 | LR=6.24e-05 | Train [Total=0.01010 MSE=0.00998 Smooth=0.00013] | Val   [Total=0.00659 MSE=0.00624 Smooth=0.00035]
Epoch 424/1000 | λ=7.23e-05 | LR=6.22e-05 | Train [Total=0.00728 MSE=0.00717 Smooth=0.00011] | Val   [Total=0.00596 MSE=0.00558 Smooth=0.00038]
Epoch 425/1000 | λ=7.22e-05 | LR=6.21e-05 | Train [Total=0.00906 MSE=0.00899 Smooth=0.00008] | Val   [Total=0.00616 MSE=0.00580 Smooth=0.00036]
Epoch 426/1000 | λ=7.20e-05 | LR=6.19e-05 | Train [Total=0.01026 MSE=0.01015 Smooth=0.00011] | Val   [Total=0.00813 MSE=0.00776 Smooth=0.00036]
Epoch 427/1000 | λ=7.19e-05 | LR=6.18e-05 | Train [Total=0.01228 MSE=0.01220 Smooth=0.00007] | Val   [Total=0.00716 MSE=0.00678 Smooth=0.00038]
Epoch 428/1000 | λ=7.18e-05 | LR=6.16e-05 | Train [Total=0.00810 MSE=0.00799 Smooth=0.00011] | Val   [Total=0.00516 MSE=0.00481 Smooth=0.00036]
Epoch 429/1000 | λ=7.17e-05 | LR=6.14e-05 | Train [Total=0.00667 MSE=0.00657 Smooth=0.00010] | Val   [Total=0.00433 MSE=0.00397 Smooth=0.00036] *** BEST ***
Epoch 430/1000 | λ=7.15e-05 | LR=6.13e-05 | Train [Total=0.01051 MSE=0.01041 Smooth=0.00009] | Val   [Total=0.00645 MSE=0.00611 Smooth=0.00034]
Epoch 431/1000 | λ=7.14e-05 | LR=6.11e-05 | Train [Total=0.00597 MSE=0.00589 Smooth=0.00008] | Val   [Total=0.00644 MSE=0.00610 Smooth=0.00033]
Epoch 432/1000 | λ=7.13e-05 | LR=6.10e-05 | Train [Total=0.00697 MSE=0.00689 Smooth=0.00008] | Val   [Total=0.00474 MSE=0.00440 Smooth=0.00034]
Epoch 433/1000 | λ=7.12e-05 | LR=6.08e-05 | Train [Total=0.00571 MSE=0.00564 Smooth=0.00007] | Val   [Total=0.00680 MSE=0.00643 Smooth=0.00037]
Epoch 434/1000 | λ=7.10e-05 | LR=6.07e-05 | Train [Total=0.00621 MSE=0.00610 Smooth=0.00011] | Val   [Total=0.00533 MSE=0.00500 Smooth=0.00033]
Epoch 435/1000 | λ=7.09e-05 | LR=6.05e-05 | Train [Total=0.00939 MSE=0.00931 Smooth=0.00008] | Val   [Total=0.00552 MSE=0.00519 Smooth=0.00033]
Epoch 436/1000 | λ=7.08e-05 | LR=6.04e-05 | Train [Total=0.00651 MSE=0.00642 Smooth=0.00008] | Val   [Total=0.00529 MSE=0.00494 Smooth=0.00035]
Epoch 437/1000 | λ=7.07e-05 | LR=6.02e-05 | Train [Total=0.00823 MSE=0.00815 Smooth=0.00009] | Val   [Total=0.00522 MSE=0.00489 Smooth=0.00033]
Epoch 438/1000 | λ=7.05e-05 | LR=6.01e-05 | Train [Total=0.00563 MSE=0.00555 Smooth=0.00008] | Val   [Total=0.00644 MSE=0.00611 Smooth=0.00033]
Epoch 439/1000 | λ=7.04e-05 | LR=5.99e-05 | Train [Total=0.00994 MSE=0.00985 Smooth=0.00009] | Val   [Total=0.00516 MSE=0.00482 Smooth=0.00034]
Epoch 440/1000 | λ=7.03e-05 | LR=5.98e-05 | Train [Total=0.01048 MSE=0.01038 Smooth=0.00010] | Val   [Total=0.00534 MSE=0.00501 Smooth=0.00033]
Epoch 441/1000 | λ=7.02e-05 | LR=5.96e-05 | Train [Total=0.01037 MSE=0.01030 Smooth=0.00007] | Val   [Total=0.00547 MSE=0.00516 Smooth=0.00031]
Epoch 442/1000 | λ=7.01e-05 | LR=5.95e-05 | Train [Total=0.00906 MSE=0.00896 Smooth=0.00009] | Val   [Total=0.00493 MSE=0.00460 Smooth=0.00033]
Epoch 443/1000 | λ=6.99e-05 | LR=5.93e-05 | Train [Total=0.00935 MSE=0.00926 Smooth=0.00009] | Val   [Total=0.00607 MSE=0.00573 Smooth=0.00034]
Epoch 444/1000 | λ=6.98e-05 | LR=5.92e-05 | Train [Total=0.00542 MSE=0.00531 Smooth=0.00011] | Val   [Total=0.00608 MSE=0.00576 Smooth=0.00032]
Epoch 445/1000 | λ=6.97e-05 | LR=5.90e-05 | Train [Total=0.01309 MSE=0.01302 Smooth=0.00007] | Val   [Total=0.00570 MSE=0.00535 Smooth=0.00035]
Epoch 446/1000 | λ=6.96e-05 | LR=5.89e-05 | Train [Total=0.01085 MSE=0.01078 Smooth=0.00007] | Val   [Total=0.00699 MSE=0.00668 Smooth=0.00031]
Epoch 447/1000 | λ=6.94e-05 | LR=5.87e-05 | Train [Total=0.00619 MSE=0.00610 Smooth=0.00009] | Val   [Total=0.00599 MSE=0.00569 Smooth=0.00030]
Epoch 448/1000 | λ=6.93e-05 | LR=5.86e-05 | Train [Total=0.00881 MSE=0.00872 Smooth=0.00009] | Val   [Total=0.00574 MSE=0.00541 Smooth=0.00032]
Epoch 449/1000 | λ=6.92e-05 | LR=5.84e-05 | Train [Total=0.00844 MSE=0.00835 Smooth=0.00008] | Val   [Total=0.00644 MSE=0.00612 Smooth=0.00032]
Epoch 450/1000 | λ=6.91e-05 | LR=5.82e-05 | Train [Total=0.00725 MSE=0.00717 Smooth=0.00007] | Val   [Total=0.00548 MSE=0.00517 Smooth=0.00031]
Epoch 451/1000 | λ=6.89e-05 | LR=5.81e-05 | Train [Total=0.00988 MSE=0.00980 Smooth=0.00008] | Val   [Total=0.00625 MSE=0.00594 Smooth=0.00031]
Epoch 452/1000 | λ=6.88e-05 | LR=5.79e-05 | Train [Total=0.00623 MSE=0.00615 Smooth=0.00008] | Val   [Total=0.00595 MSE=0.00564 Smooth=0.00031]
Epoch 453/1000 | λ=6.87e-05 | LR=5.78e-05 | Train [Total=0.00650 MSE=0.00642 Smooth=0.00008] | Val   [Total=0.00646 MSE=0.00615 Smooth=0.00031]
Epoch 454/1000 | λ=6.86e-05 | LR=5.76e-05 | Train [Total=0.01330 MSE=0.01323 Smooth=0.00008] | Val   [Total=0.00526 MSE=0.00497 Smooth=0.00029]
Epoch 455/1000 | λ=6.84e-05 | LR=5.75e-05 | Train [Total=0.00677 MSE=0.00670 Smooth=0.00007] | Val   [Total=0.00501 MSE=0.00472 Smooth=0.00030]
Epoch 456/1000 | λ=6.83e-05 | LR=5.73e-05 | Train [Total=0.00631 MSE=0.00624 Smooth=0.00007] | Val   [Total=0.00583 MSE=0.00553 Smooth=0.00030]
Epoch 457/1000 | λ=6.82e-05 | LR=5.72e-05 | Train [Total=0.00699 MSE=0.00690 Smooth=0.00009] | Val   [Total=0.00599 MSE=0.00570 Smooth=0.00028]
Epoch 458/1000 | λ=6.81e-05 | LR=5.70e-05 | Train [Total=0.00714 MSE=0.00707 Smooth=0.00006] | Val   [Total=0.00548 MSE=0.00520 Smooth=0.00029]
Epoch 459/1000 | λ=6.79e-05 | LR=5.69e-05 | Train [Total=0.01224 MSE=0.01218 Smooth=0.00006] | Val   [Total=0.00702 MSE=0.00673 Smooth=0.00029]
Epoch 460/1000 | λ=6.78e-05 | LR=5.67e-05 | Train [Total=0.00368 MSE=0.00360 Smooth=0.00008] | Val   [Total=0.00510 MSE=0.00479 Smooth=0.00031]
Epoch 461/1000 | λ=6.77e-05 | LR=5.65e-05 | Train [Total=0.01162 MSE=0.01154 Smooth=0.00008] | Val   [Total=0.00646 MSE=0.00616 Smooth=0.00030]
Epoch 462/1000 | λ=6.76e-05 | LR=5.64e-05 | Train [Total=0.00978 MSE=0.00972 Smooth=0.00007] | Val   [Total=0.00637 MSE=0.00607 Smooth=0.00030]
Epoch 463/1000 | λ=6.75e-05 | LR=5.62e-05 | Train [Total=0.01030 MSE=0.01022 Smooth=0.00008] | Val   [Total=0.00633 MSE=0.00602 Smooth=0.00030]
Epoch 464/1000 | λ=6.73e-05 | LR=5.61e-05 | Train [Total=0.00757 MSE=0.00749 Smooth=0.00008] | Val   [Total=0.00581 MSE=0.00552 Smooth=0.00029]
Epoch 465/1000 | λ=6.72e-05 | LR=5.59e-05 | Train [Total=0.00648 MSE=0.00641 Smooth=0.00007] | Val   [Total=0.00519 MSE=0.00491 Smooth=0.00029]
Epoch 466/1000 | λ=6.71e-05 | LR=5.58e-05 | Train [Total=0.01425 MSE=0.01419 Smooth=0.00006] | Val   [Total=0.00627 MSE=0.00598 Smooth=0.00029]
Epoch 467/1000 | λ=6.70e-05 | LR=5.56e-05 | Train [Total=0.00686 MSE=0.00677 Smooth=0.00008] | Val   [Total=0.00635 MSE=0.00601 Smooth=0.00034]
Epoch 468/1000 | λ=6.68e-05 | LR=5.55e-05 | Train [Total=0.01328 MSE=0.01322 Smooth=0.00006] | Val   [Total=0.00620 MSE=0.00589 Smooth=0.00030]
Epoch 469/1000 | λ=6.67e-05 | LR=5.53e-05 | Train [Total=0.00993 MSE=0.00984 Smooth=0.00008] | Val   [Total=0.00635 MSE=0.00603 Smooth=0.00032]
Epoch 470/1000 | λ=6.66e-05 | LR=5.52e-05 | Train [Total=0.00831 MSE=0.00822 Smooth=0.00009] | Val   [Total=0.00565 MSE=0.00535 Smooth=0.00030]
Epoch 471/1000 | λ=6.65e-05 | LR=5.50e-05 | Train [Total=0.00983 MSE=0.00975 Smooth=0.00008] | Val   [Total=0.00716 MSE=0.00688 Smooth=0.00029]
Epoch 472/1000 | λ=6.63e-05 | LR=5.48e-05 | Train [Total=0.01300 MSE=0.01294 Smooth=0.00007] | Val   [Total=0.00506 MSE=0.00475 Smooth=0.00031]
Epoch 473/1000 | λ=6.62e-05 | LR=5.47e-05 | Train [Total=0.00864 MSE=0.00857 Smooth=0.00007] | Val   [Total=0.00559 MSE=0.00528 Smooth=0.00031]
Epoch 474/1000 | λ=6.61e-05 | LR=5.45e-05 | Train [Total=0.00821 MSE=0.00813 Smooth=0.00008] | Val   [Total=0.00547 MSE=0.00518 Smooth=0.00029]
Epoch 475/1000 | λ=6.60e-05 | LR=5.44e-05 | Train [Total=0.01489 MSE=0.01482 Smooth=0.00007] | Val   [Total=0.00770 MSE=0.00740 Smooth=0.00030]
Epoch 476/1000 | λ=6.58e-05 | LR=5.42e-05 | Train [Total=0.01045 MSE=0.01037 Smooth=0.00007] | Val   [Total=0.00993 MSE=0.00963 Smooth=0.00030]
Epoch 477/1000 | λ=6.57e-05 | LR=5.41e-05 | Train [Total=0.01264 MSE=0.01258 Smooth=0.00006] | Val   [Total=0.00632 MSE=0.00600 Smooth=0.00032]
Epoch 478/1000 | λ=6.56e-05 | LR=5.39e-05 | Train [Total=0.01537 MSE=0.01529 Smooth=0.00008] | Val   [Total=0.00661 MSE=0.00629 Smooth=0.00031]
Epoch 479/1000 | λ=6.55e-05 | LR=5.38e-05 | Train [Total=0.00856 MSE=0.00848 Smooth=0.00008] | Val   [Total=0.00500 MSE=0.00471 Smooth=0.00028]
Epoch 480/1000 | λ=6.54e-05 | LR=5.36e-05 | Train [Total=0.00719 MSE=0.00713 Smooth=0.00007] | Val   [Total=0.00506 MSE=0.00479 Smooth=0.00027]
Epoch 481/1000 | λ=6.52e-05 | LR=5.35e-05 | Train [Total=0.00591 MSE=0.00584 Smooth=0.00007] | Val   [Total=0.00650 MSE=0.00622 Smooth=0.00029]
Epoch 482/1000 | λ=6.51e-05 | LR=5.33e-05 | Train [Total=0.00716 MSE=0.00706 Smooth=0.00010] | Val   [Total=0.00486 MSE=0.00460 Smooth=0.00026]
Epoch 483/1000 | λ=6.50e-05 | LR=5.31e-05 | Train [Total=0.00988 MSE=0.00979 Smooth=0.00009] | Val   [Total=0.00556 MSE=0.00528 Smooth=0.00028]
Epoch 484/1000 | λ=6.49e-05 | LR=5.30e-05 | Train [Total=0.01101 MSE=0.01094 Smooth=0.00007] | Val   [Total=0.00544 MSE=0.00517 Smooth=0.00027]
Epoch 485/1000 | λ=6.47e-05 | LR=5.28e-05 | Train [Total=0.00672 MSE=0.00665 Smooth=0.00007] | Val   [Total=0.00646 MSE=0.00619 Smooth=0.00027]
Epoch 486/1000 | λ=6.46e-05 | LR=5.27e-05 | Train [Total=0.01495 MSE=0.01486 Smooth=0.00009] | Val   [Total=0.00501 MSE=0.00473 Smooth=0.00028]
Epoch 487/1000 | λ=6.45e-05 | LR=5.25e-05 | Train [Total=0.00668 MSE=0.00660 Smooth=0.00008] | Val   [Total=0.00651 MSE=0.00623 Smooth=0.00028]
Epoch 488/1000 | λ=6.44e-05 | LR=5.24e-05 | Train [Total=0.01125 MSE=0.01118 Smooth=0.00007] | Val   [Total=0.00644 MSE=0.00616 Smooth=0.00028]
Epoch 489/1000 | λ=6.42e-05 | LR=5.22e-05 | Train [Total=0.00933 MSE=0.00927 Smooth=0.00007] | Val   [Total=0.00646 MSE=0.00618 Smooth=0.00028]
Epoch 490/1000 | λ=6.41e-05 | LR=5.21e-05 | Train [Total=0.01049 MSE=0.01043 Smooth=0.00005] | Val   [Total=0.00624 MSE=0.00596 Smooth=0.00028]
Epoch 491/1000 | λ=6.40e-05 | LR=5.19e-05 | Train [Total=0.01389 MSE=0.01383 Smooth=0.00006] | Val   [Total=0.00753 MSE=0.00725 Smooth=0.00028]
Epoch 492/1000 | λ=6.39e-05 | LR=5.17e-05 | Train [Total=0.01173 MSE=0.01165 Smooth=0.00009] | Val   [Total=0.00663 MSE=0.00633 Smooth=0.00030]
Epoch 493/1000 | λ=6.37e-05 | LR=5.16e-05 | Train [Total=0.00716 MSE=0.00709 Smooth=0.00006] | Val   [Total=0.00588 MSE=0.00560 Smooth=0.00028]
Epoch 494/1000 | λ=6.36e-05 | LR=5.14e-05 | Train [Total=0.00731 MSE=0.00723 Smooth=0.00008] | Val   [Total=0.00625 MSE=0.00598 Smooth=0.00027]
Epoch 495/1000 | λ=6.35e-05 | LR=5.13e-05 | Train [Total=0.00942 MSE=0.00935 Smooth=0.00007] | Val   [Total=0.00490 MSE=0.00464 Smooth=0.00026]
Epoch 496/1000 | λ=6.34e-05 | LR=5.11e-05 | Train [Total=0.01264 MSE=0.01256 Smooth=0.00007] | Val   [Total=0.00619 MSE=0.00593 Smooth=0.00026]
Epoch 497/1000 | λ=6.32e-05 | LR=5.10e-05 | Train [Total=0.00532 MSE=0.00525 Smooth=0.00006] | Val   [Total=0.00687 MSE=0.00661 Smooth=0.00026]
Epoch 498/1000 | λ=6.31e-05 | LR=5.08e-05 | Train [Total=0.01185 MSE=0.01178 Smooth=0.00007] | Val   [Total=0.00569 MSE=0.00543 Smooth=0.00026]
Epoch 499/1000 | λ=6.30e-05 | LR=5.07e-05 | Train [Total=0.00722 MSE=0.00717 Smooth=0.00005] | Val   [Total=0.00667 MSE=0.00642 Smooth=0.00025]
Epoch 500/1000 | λ=6.29e-05 | LR=5.05e-05 | Train [Total=0.01206 MSE=0.01198 Smooth=0.00007] | Val   [Total=0.00569 MSE=0.00543 Smooth=0.00026]
Epoch 501/1000 | λ=6.28e-05 | LR=5.03e-05 | Train [Total=0.00669 MSE=0.00662 Smooth=0.00007] | Val   [Total=0.00573 MSE=0.00548 Smooth=0.00025]
Epoch 502/1000 | λ=6.26e-05 | LR=5.02e-05 | Train [Total=0.00689 MSE=0.00681 Smooth=0.00008] | Val   [Total=0.00628 MSE=0.00604 Smooth=0.00024]
Epoch 503/1000 | λ=6.25e-05 | LR=5.00e-05 | Train [Total=0.00873 MSE=0.00866 Smooth=0.00007] | Val   [Total=0.00488 MSE=0.00464 Smooth=0.00024]
Epoch 504/1000 | λ=6.24e-05 | LR=4.99e-05 | Train [Total=0.01197 MSE=0.01189 Smooth=0.00009] | Val   [Total=0.00489 MSE=0.00464 Smooth=0.00025]
Epoch 505/1000 | λ=6.23e-05 | LR=4.97e-05 | Train [Total=0.00991 MSE=0.00984 Smooth=0.00006] | Val   [Total=0.00499 MSE=0.00474 Smooth=0.00025]
Epoch 506/1000 | λ=6.21e-05 | LR=4.96e-05 | Train [Total=0.00898 MSE=0.00893 Smooth=0.00005] | Val   [Total=0.00467 MSE=0.00440 Smooth=0.00027]
Epoch 507/1000 | λ=6.20e-05 | LR=4.94e-05 | Train [Total=0.00926 MSE=0.00919 Smooth=0.00008] | Val   [Total=0.00662 MSE=0.00637 Smooth=0.00025]
Epoch 508/1000 | λ=6.19e-05 | LR=4.93e-05 | Train [Total=0.01213 MSE=0.01207 Smooth=0.00006] | Val   [Total=0.00493 MSE=0.00468 Smooth=0.00026]
Epoch 509/1000 | λ=6.18e-05 | LR=4.91e-05 | Train [Total=0.00958 MSE=0.00951 Smooth=0.00007] | Val   [Total=0.00491 MSE=0.00466 Smooth=0.00025]
Epoch 510/1000 | λ=6.16e-05 | LR=4.89e-05 | Train [Total=0.00720 MSE=0.00713 Smooth=0.00007] | Val   [Total=0.00635 MSE=0.00611 Smooth=0.00024]
Epoch 511/1000 | λ=6.15e-05 | LR=4.88e-05 | Train [Total=0.00934 MSE=0.00926 Smooth=0.00008] | Val   [Total=0.00632 MSE=0.00604 Smooth=0.00028]
Epoch 512/1000 | λ=6.14e-05 | LR=4.86e-05 | Train [Total=0.00969 MSE=0.00963 Smooth=0.00006] | Val   [Total=0.00616 MSE=0.00590 Smooth=0.00026]
Epoch 513/1000 | λ=6.13e-05 | LR=4.85e-05 | Train [Total=0.00598 MSE=0.00591 Smooth=0.00007] | Val   [Total=0.00543 MSE=0.00516 Smooth=0.00026]
Epoch 514/1000 | λ=6.11e-05 | LR=4.83e-05 | Train [Total=0.00632 MSE=0.00626 Smooth=0.00007] | Val   [Total=0.00573 MSE=0.00545 Smooth=0.00028]
Epoch 515/1000 | λ=6.10e-05 | LR=4.82e-05 | Train [Total=0.00660 MSE=0.00653 Smooth=0.00006] | Val   [Total=0.00479 MSE=0.00455 Smooth=0.00025]
Epoch 516/1000 | λ=6.09e-05 | LR=4.80e-05 | Train [Total=0.00385 MSE=0.00377 Smooth=0.00008] | Val   [Total=0.00412 MSE=0.00388 Smooth=0.00023] *** BEST ***
Epoch 517/1000 | λ=6.08e-05 | LR=4.79e-05 | Train [Total=0.00705 MSE=0.00699 Smooth=0.00006] | Val   [Total=0.00552 MSE=0.00527 Smooth=0.00024]
Epoch 518/1000 | λ=6.06e-05 | LR=4.77e-05 | Train [Total=0.00740 MSE=0.00735 Smooth=0.00005] | Val   [Total=0.00464 MSE=0.00440 Smooth=0.00024]
Epoch 519/1000 | λ=6.05e-05 | LR=4.75e-05 | Train [Total=0.00796 MSE=0.00790 Smooth=0.00005] | Val   [Total=0.00493 MSE=0.00470 Smooth=0.00023]
Epoch 520/1000 | λ=6.04e-05 | LR=4.74e-05 | Train [Total=0.00639 MSE=0.00634 Smooth=0.00005] | Val   [Total=0.00468 MSE=0.00445 Smooth=0.00024]
Epoch 521/1000 | λ=6.03e-05 | LR=4.72e-05 | Train [Total=0.00787 MSE=0.00782 Smooth=0.00005] | Val   [Total=0.00453 MSE=0.00429 Smooth=0.00024]
Epoch 522/1000 | λ=6.02e-05 | LR=4.71e-05 | Train [Total=0.01438 MSE=0.01433 Smooth=0.00005] | Val   [Total=0.00541 MSE=0.00515 Smooth=0.00026]
Epoch 523/1000 | λ=6.00e-05 | LR=4.69e-05 | Train [Total=0.00639 MSE=0.00633 Smooth=0.00006] | Val   [Total=0.00542 MSE=0.00518 Smooth=0.00023]
Epoch 524/1000 | λ=5.99e-05 | LR=4.68e-05 | Train [Total=0.00730 MSE=0.00724 Smooth=0.00006] | Val   [Total=0.00500 MSE=0.00475 Smooth=0.00025]
Epoch 525/1000 | λ=5.98e-05 | LR=4.66e-05 | Train [Total=0.00796 MSE=0.00788 Smooth=0.00008] | Val   [Total=0.00526 MSE=0.00502 Smooth=0.00023]
Epoch 526/1000 | λ=5.97e-05 | LR=4.65e-05 | Train [Total=0.00602 MSE=0.00595 Smooth=0.00007] | Val   [Total=0.00649 MSE=0.00625 Smooth=0.00024]
Epoch 527/1000 | λ=5.95e-05 | LR=4.63e-05 | Train [Total=0.01140 MSE=0.01135 Smooth=0.00005] | Val   [Total=0.00562 MSE=0.00539 Smooth=0.00023]
Epoch 528/1000 | λ=5.94e-05 | LR=4.62e-05 | Train [Total=0.00862 MSE=0.00856 Smooth=0.00006] | Val   [Total=0.00512 MSE=0.00489 Smooth=0.00023]
Epoch 529/1000 | λ=5.93e-05 | LR=4.60e-05 | Train [Total=0.00531 MSE=0.00525 Smooth=0.00006] | Val   [Total=0.00583 MSE=0.00561 Smooth=0.00023]
Epoch 530/1000 | λ=5.92e-05 | LR=4.58e-05 | Train [Total=0.00702 MSE=0.00695 Smooth=0.00007] | Val   [Total=0.00511 MSE=0.00489 Smooth=0.00022]
Epoch 531/1000 | λ=5.90e-05 | LR=4.57e-05 | Train [Total=0.00843 MSE=0.00837 Smooth=0.00006] | Val   [Total=0.00500 MSE=0.00476 Smooth=0.00024]
Epoch 532/1000 | λ=5.89e-05 | LR=4.55e-05 | Train [Total=0.00875 MSE=0.00871 Smooth=0.00005] | Val   [Total=0.00645 MSE=0.00622 Smooth=0.00023]
Epoch 533/1000 | λ=5.88e-05 | LR=4.54e-05 | Train [Total=0.00999 MSE=0.00992 Smooth=0.00007] | Val   [Total=0.00401 MSE=0.00377 Smooth=0.00024] *** BEST ***
Epoch 534/1000 | λ=5.87e-05 | LR=4.52e-05 | Train [Total=0.00838 MSE=0.00833 Smooth=0.00005] | Val   [Total=0.00473 MSE=0.00447 Smooth=0.00027]
Epoch 535/1000 | λ=5.85e-05 | LR=4.51e-05 | Train [Total=0.00579 MSE=0.00572 Smooth=0.00007] | Val   [Total=0.00486 MSE=0.00463 Smooth=0.00023]
Epoch 536/1000 | λ=5.84e-05 | LR=4.49e-05 | Train [Total=0.01250 MSE=0.01244 Smooth=0.00006] | Val   [Total=0.00471 MSE=0.00448 Smooth=0.00023]
Epoch 537/1000 | λ=5.83e-05 | LR=4.48e-05 | Train [Total=0.00882 MSE=0.00876 Smooth=0.00006] | Val   [Total=0.00519 MSE=0.00498 Smooth=0.00021]
Epoch 538/1000 | λ=5.82e-05 | LR=4.46e-05 | Train [Total=0.00888 MSE=0.00882 Smooth=0.00005] | Val   [Total=0.00715 MSE=0.00693 Smooth=0.00023]
Epoch 539/1000 | λ=5.80e-05 | LR=4.45e-05 | Train [Total=0.00590 MSE=0.00583 Smooth=0.00007] | Val   [Total=0.00519 MSE=0.00497 Smooth=0.00023]
Epoch 540/1000 | λ=5.79e-05 | LR=4.43e-05 | Train [Total=0.00475 MSE=0.00470 Smooth=0.00005] | Val   [Total=0.00416 MSE=0.00395 Smooth=0.00022]
Epoch 541/1000 | λ=5.78e-05 | LR=4.41e-05 | Train [Total=0.00649 MSE=0.00644 Smooth=0.00006] | Val   [Total=0.00508 MSE=0.00486 Smooth=0.00021]
Epoch 542/1000 | λ=5.77e-05 | LR=4.40e-05 | Train [Total=0.01013 MSE=0.01009 Smooth=0.00004] | Val   [Total=0.00493 MSE=0.00470 Smooth=0.00023]
Epoch 543/1000 | λ=5.76e-05 | LR=4.38e-05 | Train [Total=0.00485 MSE=0.00476 Smooth=0.00008] | Val   [Total=0.00541 MSE=0.00518 Smooth=0.00023]
Epoch 544/1000 | λ=5.74e-05 | LR=4.37e-05 | Train [Total=0.01209 MSE=0.01204 Smooth=0.00005] | Val   [Total=0.00553 MSE=0.00531 Smooth=0.00022]
Epoch 545/1000 | λ=5.73e-05 | LR=4.35e-05 | Train [Total=0.00690 MSE=0.00685 Smooth=0.00005] | Val   [Total=0.00526 MSE=0.00504 Smooth=0.00022]
Epoch 546/1000 | λ=5.72e-05 | LR=4.34e-05 | Train [Total=0.00850 MSE=0.00844 Smooth=0.00005] | Val   [Total=0.00497 MSE=0.00475 Smooth=0.00022]
Epoch 547/1000 | λ=5.71e-05 | LR=4.32e-05 | Train [Total=0.01050 MSE=0.01044 Smooth=0.00005] | Val   [Total=0.00514 MSE=0.00492 Smooth=0.00022]
Epoch 548/1000 | λ=5.69e-05 | LR=4.31e-05 | Train [Total=0.00713 MSE=0.00708 Smooth=0.00005] | Val   [Total=0.00554 MSE=0.00531 Smooth=0.00022]
Epoch 549/1000 | λ=5.68e-05 | LR=4.29e-05 | Train [Total=0.00855 MSE=0.00848 Smooth=0.00006] | Val   [Total=0.00462 MSE=0.00439 Smooth=0.00023]
Epoch 550/1000 | λ=5.67e-05 | LR=4.28e-05 | Train [Total=0.00619 MSE=0.00613 Smooth=0.00006] | Val   [Total=0.00494 MSE=0.00473 Smooth=0.00022]
Epoch 551/1000 | λ=5.66e-05 | LR=4.26e-05 | Train [Total=0.00399 MSE=0.00392 Smooth=0.00006] | Val   [Total=0.00413 MSE=0.00392 Smooth=0.00021]
Epoch 552/1000 | λ=5.64e-05 | LR=4.24e-05 | Train [Total=0.00622 MSE=0.00617 Smooth=0.00004] | Val   [Total=0.00381 MSE=0.00361 Smooth=0.00021] *** BEST ***
Epoch 553/1000 | λ=5.63e-05 | LR=4.23e-05 | Train [Total=0.00906 MSE=0.00900 Smooth=0.00006] | Val   [Total=0.00430 MSE=0.00409 Smooth=0.00021]
Epoch 554/1000 | λ=5.62e-05 | LR=4.21e-05 | Train [Total=0.01107 MSE=0.01101 Smooth=0.00006] | Val   [Total=0.00520 MSE=0.00499 Smooth=0.00021]
Epoch 555/1000 | λ=5.61e-05 | LR=4.20e-05 | Train [Total=0.00616 MSE=0.00612 Smooth=0.00004] | Val   [Total=0.00480 MSE=0.00459 Smooth=0.00022]
Epoch 556/1000 | λ=5.59e-05 | LR=4.18e-05 | Train [Total=0.00712 MSE=0.00708 Smooth=0.00005] | Val   [Total=0.00501 MSE=0.00479 Smooth=0.00021]
Epoch 557/1000 | λ=5.58e-05 | LR=4.17e-05 | Train [Total=0.00880 MSE=0.00876 Smooth=0.00004] | Val   [Total=0.00461 MSE=0.00440 Smooth=0.00022]
Epoch 558/1000 | λ=5.57e-05 | LR=4.15e-05 | Train [Total=0.00808 MSE=0.00803 Smooth=0.00005] | Val   [Total=0.00614 MSE=0.00593 Smooth=0.00021]
Epoch 559/1000 | λ=5.56e-05 | LR=4.14e-05 | Train [Total=0.00649 MSE=0.00642 Smooth=0.00006] | Val   [Total=0.00444 MSE=0.00423 Smooth=0.00021]
Epoch 560/1000 | λ=5.54e-05 | LR=4.12e-05 | Train [Total=0.01062 MSE=0.01057 Smooth=0.00005] | Val   [Total=0.00580 MSE=0.00558 Smooth=0.00022]
Epoch 561/1000 | λ=5.53e-05 | LR=4.11e-05 | Train [Total=0.00740 MSE=0.00736 Smooth=0.00005] | Val   [Total=0.00536 MSE=0.00516 Smooth=0.00021]
Epoch 562/1000 | λ=5.52e-05 | LR=4.09e-05 | Train [Total=0.00888 MSE=0.00882 Smooth=0.00006] | Val   [Total=0.00472 MSE=0.00451 Smooth=0.00021]
Epoch 563/1000 | λ=5.51e-05 | LR=4.08e-05 | Train [Total=0.00699 MSE=0.00693 Smooth=0.00005] | Val   [Total=0.00546 MSE=0.00525 Smooth=0.00021]
Epoch 564/1000 | λ=5.50e-05 | LR=4.06e-05 | Train [Total=0.00611 MSE=0.00605 Smooth=0.00006] | Val   [Total=0.00479 MSE=0.00459 Smooth=0.00020]
Epoch 565/1000 | λ=5.48e-05 | LR=4.05e-05 | Train [Total=0.00481 MSE=0.00476 Smooth=0.00005] | Val   [Total=0.00535 MSE=0.00515 Smooth=0.00020]
Epoch 566/1000 | λ=5.47e-05 | LR=4.03e-05 | Train [Total=0.01096 MSE=0.01091 Smooth=0.00005] | Val   [Total=0.00415 MSE=0.00393 Smooth=0.00022]
Epoch 567/1000 | λ=5.46e-05 | LR=4.02e-05 | Train [Total=0.00826 MSE=0.00821 Smooth=0.00006] | Val   [Total=0.00517 MSE=0.00494 Smooth=0.00022]
Epoch 568/1000 | λ=5.45e-05 | LR=4.00e-05 | Train [Total=0.00908 MSE=0.00904 Smooth=0.00004] | Val   [Total=0.00438 MSE=0.00418 Smooth=0.00020]
Epoch 569/1000 | λ=5.43e-05 | LR=3.99e-05 | Train [Total=0.00587 MSE=0.00582 Smooth=0.00005] | Val   [Total=0.00476 MSE=0.00455 Smooth=0.00020]
Epoch 570/1000 | λ=5.42e-05 | LR=3.97e-05 | Train [Total=0.00856 MSE=0.00851 Smooth=0.00005] | Val   [Total=0.00453 MSE=0.00434 Smooth=0.00020]
Epoch 571/1000 | λ=5.41e-05 | LR=3.96e-05 | Train [Total=0.00486 MSE=0.00480 Smooth=0.00006] | Val   [Total=0.00376 MSE=0.00356 Smooth=0.00020] *** BEST ***
Epoch 572/1000 | λ=5.40e-05 | LR=3.94e-05 | Train [Total=0.00643 MSE=0.00639 Smooth=0.00004] | Val   [Total=0.00435 MSE=0.00416 Smooth=0.00019]
Epoch 573/1000 | λ=5.38e-05 | LR=3.92e-05 | Train [Total=0.00802 MSE=0.00798 Smooth=0.00004] | Val   [Total=0.00557 MSE=0.00536 Smooth=0.00021]
Epoch 574/1000 | λ=5.37e-05 | LR=3.91e-05 | Train [Total=0.00563 MSE=0.00558 Smooth=0.00005] | Val   [Total=0.00407 MSE=0.00386 Smooth=0.00020]
Epoch 575/1000 | λ=5.36e-05 | LR=3.89e-05 | Train [Total=0.00724 MSE=0.00720 Smooth=0.00004] | Val   [Total=0.00488 MSE=0.00467 Smooth=0.00021]
Epoch 576/1000 | λ=5.35e-05 | LR=3.88e-05 | Train [Total=0.01597 MSE=0.01591 Smooth=0.00005] | Val   [Total=0.00437 MSE=0.00418 Smooth=0.00019]
Epoch 577/1000 | λ=5.33e-05 | LR=3.86e-05 | Train [Total=0.00961 MSE=0.00957 Smooth=0.00005] | Val   [Total=0.00578 MSE=0.00558 Smooth=0.00019]
Epoch 578/1000 | λ=5.32e-05 | LR=3.85e-05 | Train [Total=0.00997 MSE=0.00993 Smooth=0.00004] | Val   [Total=0.00437 MSE=0.00417 Smooth=0.00020]
Epoch 579/1000 | λ=5.31e-05 | LR=3.83e-05 | Train [Total=0.01144 MSE=0.01139 Smooth=0.00005] | Val   [Total=0.00614 MSE=0.00593 Smooth=0.00020]
Epoch 580/1000 | λ=5.30e-05 | LR=3.82e-05 | Train [Total=0.00558 MSE=0.00551 Smooth=0.00007] | Val   [Total=0.00451 MSE=0.00431 Smooth=0.00021]
Epoch 581/1000 | λ=5.29e-05 | LR=3.80e-05 | Train [Total=0.00583 MSE=0.00578 Smooth=0.00005] | Val   [Total=0.00445 MSE=0.00425 Smooth=0.00020]
Epoch 582/1000 | λ=5.27e-05 | LR=3.79e-05 | Train [Total=0.01325 MSE=0.01320 Smooth=0.00005] | Val   [Total=0.00499 MSE=0.00479 Smooth=0.00020]
Epoch 583/1000 | λ=5.26e-05 | LR=3.77e-05 | Train [Total=0.00580 MSE=0.00575 Smooth=0.00005] | Val   [Total=0.00392 MSE=0.00372 Smooth=0.00020]
Epoch 584/1000 | λ=5.25e-05 | LR=3.76e-05 | Train [Total=0.00562 MSE=0.00556 Smooth=0.00006] | Val   [Total=0.00455 MSE=0.00437 Smooth=0.00018]
Epoch 585/1000 | λ=5.24e-05 | LR=3.74e-05 | Train [Total=0.00530 MSE=0.00526 Smooth=0.00004] | Val   [Total=0.00416 MSE=0.00398 Smooth=0.00018]
Epoch 586/1000 | λ=5.22e-05 | LR=3.73e-05 | Train [Total=0.00666 MSE=0.00661 Smooth=0.00005] | Val   [Total=0.00385 MSE=0.00366 Smooth=0.00019]
Epoch 587/1000 | λ=5.21e-05 | LR=3.71e-05 | Train [Total=0.00810 MSE=0.00804 Smooth=0.00005] | Val   [Total=0.00410 MSE=0.00391 Smooth=0.00019]
Epoch 588/1000 | λ=5.20e-05 | LR=3.70e-05 | Train [Total=0.00844 MSE=0.00840 Smooth=0.00005] | Val   [Total=0.00408 MSE=0.00390 Smooth=0.00018]
Epoch 589/1000 | λ=5.19e-05 | LR=3.68e-05 | Train [Total=0.01037 MSE=0.01033 Smooth=0.00005] | Val   [Total=0.00416 MSE=0.00398 Smooth=0.00018]
Epoch 590/1000 | λ=5.17e-05 | LR=3.67e-05 | Train [Total=0.00585 MSE=0.00582 Smooth=0.00003] | Val   [Total=0.00395 MSE=0.00378 Smooth=0.00018]
Epoch 591/1000 | λ=5.16e-05 | LR=3.65e-05 | Train [Total=0.00775 MSE=0.00771 Smooth=0.00004] | Val   [Total=0.00393 MSE=0.00375 Smooth=0.00018]
Epoch 592/1000 | λ=5.15e-05 | LR=3.64e-05 | Train [Total=0.00886 MSE=0.00884 Smooth=0.00003] | Val   [Total=0.00370 MSE=0.00350 Smooth=0.00020] *** BEST ***
Epoch 593/1000 | λ=5.14e-05 | LR=3.62e-05 | Train [Total=0.00837 MSE=0.00832 Smooth=0.00005] | Val   [Total=0.00456 MSE=0.00436 Smooth=0.00019]
Epoch 594/1000 | λ=5.12e-05 | LR=3.61e-05 | Train [Total=0.00721 MSE=0.00715 Smooth=0.00006] | Val   [Total=0.00474 MSE=0.00457 Smooth=0.00018]
Epoch 595/1000 | λ=5.11e-05 | LR=3.59e-05 | Train [Total=0.00410 MSE=0.00406 Smooth=0.00004] | Val   [Total=0.00425 MSE=0.00407 Smooth=0.00018]
Epoch 596/1000 | λ=5.10e-05 | LR=3.58e-05 | Train [Total=0.00810 MSE=0.00806 Smooth=0.00004] | Val   [Total=0.00450 MSE=0.00431 Smooth=0.00019]
Epoch 597/1000 | λ=5.09e-05 | LR=3.56e-05 | Train [Total=0.00922 MSE=0.00918 Smooth=0.00004] | Val   [Total=0.00356 MSE=0.00338 Smooth=0.00018] *** BEST ***
Epoch 598/1000 | λ=5.07e-05 | LR=3.55e-05 | Train [Total=0.00363 MSE=0.00358 Smooth=0.00005] | Val   [Total=0.00384 MSE=0.00367 Smooth=0.00017]
Epoch 599/1000 | λ=5.06e-05 | LR=3.54e-05 | Train [Total=0.00475 MSE=0.00469 Smooth=0.00005] | Val   [Total=0.00408 MSE=0.00389 Smooth=0.00019]
Epoch 600/1000 | λ=5.05e-05 | LR=3.52e-05 | Train [Total=0.00676 MSE=0.00672 Smooth=0.00004] | Val   [Total=0.00378 MSE=0.00360 Smooth=0.00017]
Epoch 601/1000 | λ=5.04e-05 | LR=3.51e-05 | Train [Total=0.00638 MSE=0.00633 Smooth=0.00005] | Val   [Total=0.00347 MSE=0.00329 Smooth=0.00017] *** BEST ***
Epoch 602/1000 | λ=5.03e-05 | LR=3.49e-05 | Train [Total=0.00715 MSE=0.00710 Smooth=0.00004] | Val   [Total=0.00355 MSE=0.00338 Smooth=0.00018]
Epoch 603/1000 | λ=5.01e-05 | LR=3.48e-05 | Train [Total=0.00518 MSE=0.00514 Smooth=0.00004] | Val   [Total=0.00372 MSE=0.00354 Smooth=0.00017]
Epoch 604/1000 | λ=5.00e-05 | LR=3.46e-05 | Train [Total=0.00497 MSE=0.00493 Smooth=0.00005] | Val   [Total=0.00351 MSE=0.00333 Smooth=0.00018]
Epoch 605/1000 | λ=4.99e-05 | LR=3.45e-05 | Train [Total=0.00565 MSE=0.00561 Smooth=0.00004] | Val   [Total=0.00393 MSE=0.00376 Smooth=0.00017]
Epoch 606/1000 | λ=4.98e-05 | LR=3.43e-05 | Train [Total=0.00696 MSE=0.00692 Smooth=0.00004] | Val   [Total=0.00351 MSE=0.00334 Smooth=0.00017]
Epoch 607/1000 | λ=4.96e-05 | LR=3.42e-05 | Train [Total=0.01458 MSE=0.01454 Smooth=0.00004] | Val   [Total=0.00424 MSE=0.00407 Smooth=0.00017]
Epoch 608/1000 | λ=4.95e-05 | LR=3.40e-05 | Train [Total=0.00817 MSE=0.00813 Smooth=0.00004] | Val   [Total=0.00402 MSE=0.00384 Smooth=0.00018]
Epoch 609/1000 | λ=4.94e-05 | LR=3.39e-05 | Train [Total=0.00959 MSE=0.00955 Smooth=0.00004] | Val   [Total=0.00380 MSE=0.00362 Smooth=0.00018]
Epoch 610/1000 | λ=4.93e-05 | LR=3.37e-05 | Train [Total=0.00788 MSE=0.00783 Smooth=0.00005] | Val   [Total=0.00423 MSE=0.00406 Smooth=0.00017]
Epoch 611/1000 | λ=4.91e-05 | LR=3.36e-05 | Train [Total=0.00406 MSE=0.00400 Smooth=0.00006] | Val   [Total=0.00410 MSE=0.00392 Smooth=0.00017]
Epoch 612/1000 | λ=4.90e-05 | LR=3.34e-05 | Train [Total=0.00590 MSE=0.00585 Smooth=0.00005] | Val   [Total=0.00328 MSE=0.00311 Smooth=0.00017] *** BEST ***
Epoch 613/1000 | λ=4.89e-05 | LR=3.33e-05 | Train [Total=0.00587 MSE=0.00582 Smooth=0.00005] | Val   [Total=0.00398 MSE=0.00381 Smooth=0.00017]
Epoch 614/1000 | λ=4.88e-05 | LR=3.31e-05 | Train [Total=0.00626 MSE=0.00622 Smooth=0.00003] | Val   [Total=0.00372 MSE=0.00355 Smooth=0.00016]
Epoch 615/1000 | λ=4.86e-05 | LR=3.30e-05 | Train [Total=0.00708 MSE=0.00704 Smooth=0.00004] | Val   [Total=0.00384 MSE=0.00368 Smooth=0.00016]
Epoch 616/1000 | λ=4.85e-05 | LR=3.29e-05 | Train [Total=0.00761 MSE=0.00757 Smooth=0.00004] | Val   [Total=0.00455 MSE=0.00438 Smooth=0.00017]
Epoch 617/1000 | λ=4.84e-05 | LR=3.27e-05 | Train [Total=0.00838 MSE=0.00834 Smooth=0.00004] | Val   [Total=0.00402 MSE=0.00387 Smooth=0.00016]
Epoch 618/1000 | λ=4.83e-05 | LR=3.26e-05 | Train [Total=0.00473 MSE=0.00469 Smooth=0.00004] | Val   [Total=0.00354 MSE=0.00337 Smooth=0.00017]
Epoch 619/1000 | λ=4.81e-05 | LR=3.24e-05 | Train [Total=0.01180 MSE=0.01176 Smooth=0.00004] | Val   [Total=0.00368 MSE=0.00351 Smooth=0.00017]
Epoch 620/1000 | λ=4.80e-05 | LR=3.23e-05 | Train [Total=0.00321 MSE=0.00317 Smooth=0.00004] | Val   [Total=0.00401 MSE=0.00384 Smooth=0.00016]
Epoch 621/1000 | λ=4.79e-05 | LR=3.21e-05 | Train [Total=0.00620 MSE=0.00616 Smooth=0.00004] | Val   [Total=0.00369 MSE=0.00352 Smooth=0.00017]
Epoch 622/1000 | λ=4.78e-05 | LR=3.20e-05 | Train [Total=0.00702 MSE=0.00698 Smooth=0.00004] | Val   [Total=0.00323 MSE=0.00307 Smooth=0.00016] *** BEST ***
Epoch 623/1000 | λ=4.77e-05 | LR=3.18e-05 | Train [Total=0.01005 MSE=0.01000 Smooth=0.00005] | Val   [Total=0.00443 MSE=0.00425 Smooth=0.00018]
Epoch 624/1000 | λ=4.75e-05 | LR=3.17e-05 | Train [Total=0.00944 MSE=0.00940 Smooth=0.00004] | Val   [Total=0.00393 MSE=0.00377 Smooth=0.00016]
Epoch 625/1000 | λ=4.74e-05 | LR=3.16e-05 | Train [Total=0.00708 MSE=0.00704 Smooth=0.00004] | Val   [Total=0.00335 MSE=0.00318 Smooth=0.00016]
Epoch 626/1000 | λ=4.73e-05 | LR=3.14e-05 | Train [Total=0.00554 MSE=0.00550 Smooth=0.00004] | Val   [Total=0.00361 MSE=0.00345 Smooth=0.00017]
Epoch 627/1000 | λ=4.72e-05 | LR=3.13e-05 | Train [Total=0.00374 MSE=0.00371 Smooth=0.00003] | Val   [Total=0.00324 MSE=0.00308 Smooth=0.00016]
Epoch 628/1000 | λ=4.70e-05 | LR=3.11e-05 | Train [Total=0.00651 MSE=0.00647 Smooth=0.00004] | Val   [Total=0.00348 MSE=0.00332 Smooth=0.00016]
Epoch 629/1000 | λ=4.69e-05 | LR=3.10e-05 | Train [Total=0.01089 MSE=0.01085 Smooth=0.00004] | Val   [Total=0.00350 MSE=0.00334 Smooth=0.00016]
Epoch 630/1000 | λ=4.68e-05 | LR=3.08e-05 | Train [Total=0.00841 MSE=0.00837 Smooth=0.00004] | Val   [Total=0.00356 MSE=0.00341 Smooth=0.00016]
Epoch 631/1000 | λ=4.67e-05 | LR=3.07e-05 | Train [Total=0.00745 MSE=0.00741 Smooth=0.00004] | Val   [Total=0.00383 MSE=0.00367 Smooth=0.00015]
Epoch 632/1000 | λ=4.65e-05 | LR=3.06e-05 | Train [Total=0.00713 MSE=0.00709 Smooth=0.00004] | Val   [Total=0.00378 MSE=0.00362 Smooth=0.00016]
Epoch 633/1000 | λ=4.64e-05 | LR=3.04e-05 | Train [Total=0.00414 MSE=0.00410 Smooth=0.00005] | Val   [Total=0.00329 MSE=0.00313 Smooth=0.00016]
Epoch 634/1000 | λ=4.63e-05 | LR=3.03e-05 | Train [Total=0.00890 MSE=0.00886 Smooth=0.00004] | Val   [Total=0.00345 MSE=0.00329 Smooth=0.00016]
Epoch 635/1000 | λ=4.62e-05 | LR=3.01e-05 | Train [Total=0.00777 MSE=0.00773 Smooth=0.00004] | Val   [Total=0.00342 MSE=0.00327 Smooth=0.00015]
Epoch 636/1000 | λ=4.60e-05 | LR=3.00e-05 | Train [Total=0.01232 MSE=0.01230 Smooth=0.00003] | Val   [Total=0.00386 MSE=0.00371 Smooth=0.00015]
Epoch 637/1000 | λ=4.59e-05 | LR=2.98e-05 | Train [Total=0.00476 MSE=0.00472 Smooth=0.00004] | Val   [Total=0.00390 MSE=0.00375 Smooth=0.00015]
Epoch 638/1000 | λ=4.58e-05 | LR=2.97e-05 | Train [Total=0.00680 MSE=0.00676 Smooth=0.00004] | Val   [Total=0.00426 MSE=0.00411 Smooth=0.00015]
Epoch 639/1000 | λ=4.57e-05 | LR=2.96e-05 | Train [Total=0.00822 MSE=0.00819 Smooth=0.00003] | Val   [Total=0.00320 MSE=0.00305 Smooth=0.00016] *** BEST ***
Epoch 640/1000 | λ=4.56e-05 | LR=2.94e-05 | Train [Total=0.00582 MSE=0.00579 Smooth=0.00003] | Val   [Total=0.00304 MSE=0.00288 Smooth=0.00016] *** BEST ***
Epoch 641/1000 | λ=4.54e-05 | LR=2.93e-05 | Train [Total=0.00330 MSE=0.00326 Smooth=0.00004] | Val   [Total=0.00310 MSE=0.00294 Smooth=0.00016]
Epoch 642/1000 | λ=4.53e-05 | LR=2.91e-05 | Train [Total=0.00861 MSE=0.00858 Smooth=0.00003] | Val   [Total=0.00348 MSE=0.00333 Smooth=0.00016]
Epoch 643/1000 | λ=4.52e-05 | LR=2.90e-05 | Train [Total=0.00540 MSE=0.00536 Smooth=0.00005] | Val   [Total=0.00401 MSE=0.00386 Smooth=0.00015]
Epoch 644/1000 | λ=4.51e-05 | LR=2.89e-05 | Train [Total=0.00809 MSE=0.00804 Smooth=0.00005] | Val   [Total=0.00329 MSE=0.00314 Smooth=0.00015]
Epoch 645/1000 | λ=4.49e-05 | LR=2.87e-05 | Train [Total=0.00764 MSE=0.00760 Smooth=0.00004] | Val   [Total=0.00363 MSE=0.00349 Smooth=0.00014]
Epoch 646/1000 | λ=4.48e-05 | LR=2.86e-05 | Train [Total=0.00668 MSE=0.00665 Smooth=0.00004] | Val   [Total=0.00326 MSE=0.00311 Smooth=0.00015]
Epoch 647/1000 | λ=4.47e-05 | LR=2.84e-05 | Train [Total=0.00829 MSE=0.00825 Smooth=0.00005] | Val   [Total=0.00344 MSE=0.00329 Smooth=0.00015]
Epoch 648/1000 | λ=4.46e-05 | LR=2.83e-05 | Train [Total=0.00499 MSE=0.00495 Smooth=0.00004] | Val   [Total=0.00314 MSE=0.00299 Smooth=0.00015]
Epoch 649/1000 | λ=4.44e-05 | LR=2.82e-05 | Train [Total=0.00718 MSE=0.00716 Smooth=0.00002] | Val   [Total=0.00350 MSE=0.00335 Smooth=0.00015]
Epoch 650/1000 | λ=4.43e-05 | LR=2.80e-05 | Train [Total=0.00401 MSE=0.00396 Smooth=0.00004] | Val   [Total=0.00304 MSE=0.00290 Smooth=0.00014]
Epoch 651/1000 | λ=4.42e-05 | LR=2.79e-05 | Train [Total=0.00500 MSE=0.00496 Smooth=0.00004] | Val   [Total=0.00316 MSE=0.00302 Smooth=0.00014]
Epoch 652/1000 | λ=4.41e-05 | LR=2.78e-05 | Train [Total=0.00628 MSE=0.00624 Smooth=0.00003] | Val   [Total=0.00343 MSE=0.00329 Smooth=0.00014]
Epoch 653/1000 | λ=4.39e-05 | LR=2.76e-05 | Train [Total=0.00723 MSE=0.00721 Smooth=0.00002] | Val   [Total=0.00314 MSE=0.00300 Smooth=0.00014]
Epoch 654/1000 | λ=4.38e-05 | LR=2.75e-05 | Train [Total=0.00666 MSE=0.00663 Smooth=0.00003] | Val   [Total=0.00320 MSE=0.00305 Smooth=0.00015]
Epoch 655/1000 | λ=4.37e-05 | LR=2.73e-05 | Train [Total=0.00516 MSE=0.00512 Smooth=0.00004] | Val   [Total=0.00301 MSE=0.00287 Smooth=0.00014] *** BEST ***
Epoch 656/1000 | λ=4.36e-05 | LR=2.72e-05 | Train [Total=0.00875 MSE=0.00872 Smooth=0.00003] | Val   [Total=0.00313 MSE=0.00299 Smooth=0.00014]
Epoch 657/1000 | λ=4.34e-05 | LR=2.71e-05 | Train [Total=0.00532 MSE=0.00529 Smooth=0.00004] | Val   [Total=0.00303 MSE=0.00289 Smooth=0.00014]
Epoch 658/1000 | λ=4.33e-05 | LR=2.69e-05 | Train [Total=0.00782 MSE=0.00779 Smooth=0.00003] | Val   [Total=0.00355 MSE=0.00340 Smooth=0.00014]
Epoch 659/1000 | λ=4.32e-05 | LR=2.68e-05 | Train [Total=0.00898 MSE=0.00895 Smooth=0.00003] | Val   [Total=0.00296 MSE=0.00281 Smooth=0.00015] *** BEST ***
Epoch 660/1000 | λ=4.31e-05 | LR=2.67e-05 | Train [Total=0.00506 MSE=0.00502 Smooth=0.00004] | Val   [Total=0.00295 MSE=0.00282 Smooth=0.00014] *** BEST ***
Epoch 661/1000 | λ=4.30e-05 | LR=2.65e-05 | Train [Total=0.01114 MSE=0.01110 Smooth=0.00004] | Val   [Total=0.00375 MSE=0.00361 Smooth=0.00015]
Epoch 662/1000 | λ=4.28e-05 | LR=2.64e-05 | Train [Total=0.00648 MSE=0.00644 Smooth=0.00004] | Val   [Total=0.00324 MSE=0.00310 Smooth=0.00014]
Epoch 663/1000 | λ=4.27e-05 | LR=2.62e-05 | Train [Total=0.01310 MSE=0.01307 Smooth=0.00003] | Val   [Total=0.00360 MSE=0.00346 Smooth=0.00014]
Epoch 664/1000 | λ=4.26e-05 | LR=2.61e-05 | Train [Total=0.00818 MSE=0.00814 Smooth=0.00003] | Val   [Total=0.00314 MSE=0.00300 Smooth=0.00014]
Epoch 665/1000 | λ=4.25e-05 | LR=2.60e-05 | Train [Total=0.00607 MSE=0.00603 Smooth=0.00004] | Val   [Total=0.00306 MSE=0.00293 Smooth=0.00014]
Epoch 666/1000 | λ=4.23e-05 | LR=2.58e-05 | Train [Total=0.01070 MSE=0.01066 Smooth=0.00003] | Val   [Total=0.00318 MSE=0.00305 Smooth=0.00014]
Epoch 667/1000 | λ=4.22e-05 | LR=2.57e-05 | Train [Total=0.00880 MSE=0.00876 Smooth=0.00004] | Val   [Total=0.00380 MSE=0.00366 Smooth=0.00014]
Epoch 668/1000 | λ=4.21e-05 | LR=2.56e-05 | Train [Total=0.01056 MSE=0.01054 Smooth=0.00002] | Val   [Total=0.00352 MSE=0.00339 Smooth=0.00013]
Epoch 669/1000 | λ=4.20e-05 | LR=2.54e-05 | Train [Total=0.00416 MSE=0.00413 Smooth=0.00004] | Val   [Total=0.00296 MSE=0.00282 Smooth=0.00013]
Epoch 670/1000 | λ=4.18e-05 | LR=2.53e-05 | Train [Total=0.00510 MSE=0.00507 Smooth=0.00003] | Val   [Total=0.00323 MSE=0.00310 Smooth=0.00013]
Epoch 671/1000 | λ=4.17e-05 | LR=2.52e-05 | Train [Total=0.00704 MSE=0.00702 Smooth=0.00003] | Val   [Total=0.00333 MSE=0.00320 Smooth=0.00013]
Epoch 672/1000 | λ=4.16e-05 | LR=2.50e-05 | Train [Total=0.00869 MSE=0.00866 Smooth=0.00003] | Val   [Total=0.00332 MSE=0.00319 Smooth=0.00013]
Epoch 673/1000 | λ=4.15e-05 | LR=2.49e-05 | Train [Total=0.00643 MSE=0.00640 Smooth=0.00003] | Val   [Total=0.00340 MSE=0.00327 Smooth=0.00013]
Epoch 674/1000 | λ=4.13e-05 | LR=2.48e-05 | Train [Total=0.00719 MSE=0.00716 Smooth=0.00003] | Val   [Total=0.00294 MSE=0.00281 Smooth=0.00013] *** BEST ***
Epoch 675/1000 | λ=4.12e-05 | LR=2.46e-05 | Train [Total=0.00988 MSE=0.00986 Smooth=0.00003] | Val   [Total=0.00294 MSE=0.00280 Smooth=0.00013]
Epoch 676/1000 | λ=4.11e-05 | LR=2.45e-05 | Train [Total=0.00470 MSE=0.00466 Smooth=0.00004] | Val   [Total=0.00300 MSE=0.00288 Smooth=0.00013]
Epoch 677/1000 | λ=4.10e-05 | LR=2.44e-05 | Train [Total=0.00787 MSE=0.00783 Smooth=0.00004] | Val   [Total=0.00363 MSE=0.00351 Smooth=0.00012]
Epoch 678/1000 | λ=4.08e-05 | LR=2.42e-05 | Train [Total=0.00647 MSE=0.00643 Smooth=0.00004] | Val   [Total=0.00332 MSE=0.00319 Smooth=0.00013]
Epoch 679/1000 | λ=4.07e-05 | LR=2.41e-05 | Train [Total=0.00568 MSE=0.00565 Smooth=0.00003] | Val   [Total=0.00302 MSE=0.00289 Smooth=0.00013]
Epoch 680/1000 | λ=4.06e-05 | LR=2.40e-05 | Train [Total=0.00802 MSE=0.00799 Smooth=0.00004] | Val   [Total=0.00310 MSE=0.00297 Smooth=0.00013]
Epoch 681/1000 | λ=4.05e-05 | LR=2.38e-05 | Train [Total=0.00572 MSE=0.00569 Smooth=0.00003] | Val   [Total=0.00298 MSE=0.00286 Smooth=0.00013]
Epoch 682/1000 | λ=4.04e-05 | LR=2.37e-05 | Train [Total=0.01358 MSE=0.01356 Smooth=0.00003] | Val   [Total=0.00314 MSE=0.00301 Smooth=0.00012]
Epoch 683/1000 | λ=4.02e-05 | LR=2.36e-05 | Train [Total=0.00494 MSE=0.00491 Smooth=0.00003] | Val   [Total=0.00289 MSE=0.00277 Smooth=0.00013] *** BEST ***
Epoch 684/1000 | λ=4.01e-05 | LR=2.35e-05 | Train [Total=0.00370 MSE=0.00367 Smooth=0.00003] | Val   [Total=0.00281 MSE=0.00269 Smooth=0.00012] *** BEST ***
Epoch 685/1000 | λ=4.00e-05 | LR=2.33e-05 | Train [Total=0.00591 MSE=0.00588 Smooth=0.00003] | Val   [Total=0.00311 MSE=0.00298 Smooth=0.00012]
Epoch 686/1000 | λ=3.99e-05 | LR=2.32e-05 | Train [Total=0.00526 MSE=0.00523 Smooth=0.00003] | Val   [Total=0.00284 MSE=0.00272 Smooth=0.00013]
Epoch 687/1000 | λ=3.97e-05 | LR=2.31e-05 | Train [Total=0.00778 MSE=0.00775 Smooth=0.00003] | Val   [Total=0.00280 MSE=0.00268 Smooth=0.00012] *** BEST ***
Epoch 688/1000 | λ=3.96e-05 | LR=2.29e-05 | Train [Total=0.01162 MSE=0.01160 Smooth=0.00003] | Val   [Total=0.00311 MSE=0.00299 Smooth=0.00013]
Epoch 689/1000 | λ=3.95e-05 | LR=2.28e-05 | Train [Total=0.00402 MSE=0.00398 Smooth=0.00004] | Val   [Total=0.00290 MSE=0.00278 Smooth=0.00012]
Epoch 690/1000 | λ=3.94e-05 | LR=2.27e-05 | Train [Total=0.00383 MSE=0.00379 Smooth=0.00004] | Val   [Total=0.00290 MSE=0.00278 Smooth=0.00012]
Epoch 691/1000 | λ=3.92e-05 | LR=2.25e-05 | Train [Total=0.00568 MSE=0.00565 Smooth=0.00003] | Val   [Total=0.00293 MSE=0.00281 Smooth=0.00012]
Epoch 692/1000 | λ=3.91e-05 | LR=2.24e-05 | Train [Total=0.00746 MSE=0.00744 Smooth=0.00003] | Val   [Total=0.00304 MSE=0.00293 Smooth=0.00012]
Epoch 693/1000 | λ=3.90e-05 | LR=2.23e-05 | Train [Total=0.00957 MSE=0.00954 Smooth=0.00004] | Val   [Total=0.00296 MSE=0.00284 Smooth=0.00012]
Epoch 694/1000 | λ=3.89e-05 | LR=2.22e-05 | Train [Total=0.01015 MSE=0.01012 Smooth=0.00003] | Val   [Total=0.00301 MSE=0.00288 Smooth=0.00012]
Epoch 695/1000 | λ=3.87e-05 | LR=2.20e-05 | Train [Total=0.00831 MSE=0.00827 Smooth=0.00004] | Val   [Total=0.00319 MSE=0.00307 Smooth=0.00012]
Epoch 696/1000 | λ=3.86e-05 | LR=2.19e-05 | Train [Total=0.00644 MSE=0.00641 Smooth=0.00003] | Val   [Total=0.00341 MSE=0.00329 Smooth=0.00012]
Epoch 697/1000 | λ=3.85e-05 | LR=2.18e-05 | Train [Total=0.00636 MSE=0.00633 Smooth=0.00003] | Val   [Total=0.00302 MSE=0.00289 Smooth=0.00012]
Epoch 698/1000 | λ=3.84e-05 | LR=2.17e-05 | Train [Total=0.00860 MSE=0.00857 Smooth=0.00004] | Val   [Total=0.00312 MSE=0.00301 Smooth=0.00012]
Epoch 699/1000 | λ=3.82e-05 | LR=2.15e-05 | Train [Total=0.00708 MSE=0.00705 Smooth=0.00003] | Val   [Total=0.00294 MSE=0.00283 Smooth=0.00011]
Epoch 700/1000 | λ=3.81e-05 | LR=2.14e-05 | Train [Total=0.00946 MSE=0.00943 Smooth=0.00003] | Val   [Total=0.00282 MSE=0.00270 Smooth=0.00012]
Epoch 701/1000 | λ=3.80e-05 | LR=2.13e-05 | Train [Total=0.00631 MSE=0.00628 Smooth=0.00003] | Val   [Total=0.00297 MSE=0.00286 Smooth=0.00011]
Epoch 702/1000 | λ=3.79e-05 | LR=2.12e-05 | Train [Total=0.00354 MSE=0.00351 Smooth=0.00003] | Val   [Total=0.00293 MSE=0.00282 Smooth=0.00011]
Epoch 703/1000 | λ=3.78e-05 | LR=2.10e-05 | Train [Total=0.00594 MSE=0.00591 Smooth=0.00003] | Val   [Total=0.00281 MSE=0.00269 Smooth=0.00012]
Epoch 704/1000 | λ=3.76e-05 | LR=2.09e-05 | Train [Total=0.00270 MSE=0.00267 Smooth=0.00003] | Val   [Total=0.00271 MSE=0.00260 Smooth=0.00011] *** BEST ***
Epoch 705/1000 | λ=3.75e-05 | LR=2.08e-05 | Train [Total=0.00665 MSE=0.00662 Smooth=0.00003] | Val   [Total=0.00283 MSE=0.00271 Smooth=0.00011]
Epoch 706/1000 | λ=3.74e-05 | LR=2.07e-05 | Train [Total=0.00668 MSE=0.00665 Smooth=0.00003] | Val   [Total=0.00286 MSE=0.00275 Smooth=0.00011]
Epoch 707/1000 | λ=3.73e-05 | LR=2.05e-05 | Train [Total=0.00809 MSE=0.00806 Smooth=0.00003] | Val   [Total=0.00281 MSE=0.00270 Smooth=0.00012]
Epoch 708/1000 | λ=3.71e-05 | LR=2.04e-05 | Train [Total=0.00965 MSE=0.00962 Smooth=0.00003] | Val   [Total=0.00336 MSE=0.00325 Smooth=0.00011]
Epoch 709/1000 | λ=3.70e-05 | LR=2.03e-05 | Train [Total=0.00712 MSE=0.00710 Smooth=0.00003] | Val   [Total=0.00281 MSE=0.00269 Smooth=0.00012]
Epoch 710/1000 | λ=3.69e-05 | LR=2.02e-05 | Train [Total=0.00768 MSE=0.00765 Smooth=0.00003] | Val   [Total=0.00317 MSE=0.00306 Smooth=0.00011]
Epoch 711/1000 | λ=3.68e-05 | LR=2.00e-05 | Train [Total=0.00915 MSE=0.00912 Smooth=0.00003] | Val   [Total=0.00316 MSE=0.00304 Smooth=0.00011]
Epoch 712/1000 | λ=3.66e-05 | LR=1.99e-05 | Train [Total=0.00395 MSE=0.00392 Smooth=0.00004] | Val   [Total=0.00310 MSE=0.00299 Smooth=0.00011]
Epoch 713/1000 | λ=3.65e-05 | LR=1.98e-05 | Train [Total=0.00735 MSE=0.00732 Smooth=0.00003] | Val   [Total=0.00294 MSE=0.00283 Smooth=0.00011]
Epoch 714/1000 | λ=3.64e-05 | LR=1.97e-05 | Train [Total=0.00452 MSE=0.00448 Smooth=0.00003] | Val   [Total=0.00283 MSE=0.00272 Smooth=0.00011]
Epoch 715/1000 | λ=3.63e-05 | LR=1.96e-05 | Train [Total=0.00580 MSE=0.00577 Smooth=0.00003] | Val   [Total=0.00285 MSE=0.00274 Smooth=0.00011]
Epoch 716/1000 | λ=3.61e-05 | LR=1.94e-05 | Train [Total=0.00934 MSE=0.00931 Smooth=0.00003] | Val   [Total=0.00277 MSE=0.00266 Smooth=0.00011]
Epoch 717/1000 | λ=3.60e-05 | LR=1.93e-05 | Train [Total=0.00708 MSE=0.00706 Smooth=0.00002] | Val   [Total=0.00272 MSE=0.00262 Smooth=0.00011]
Epoch 718/1000 | λ=3.59e-05 | LR=1.92e-05 | Train [Total=0.00693 MSE=0.00690 Smooth=0.00003] | Val   [Total=0.00281 MSE=0.00270 Smooth=0.00011]
Epoch 719/1000 | λ=3.58e-05 | LR=1.91e-05 | Train [Total=0.00648 MSE=0.00645 Smooth=0.00003] | Val   [Total=0.00286 MSE=0.00276 Smooth=0.00011]
Epoch 720/1000 | λ=3.56e-05 | LR=1.89e-05 | Train [Total=0.00466 MSE=0.00463 Smooth=0.00003] | Val   [Total=0.00298 MSE=0.00287 Smooth=0.00011]
Epoch 721/1000 | λ=3.55e-05 | LR=1.88e-05 | Train [Total=0.00828 MSE=0.00826 Smooth=0.00003] | Val   [Total=0.00288 MSE=0.00278 Smooth=0.00010]
Epoch 722/1000 | λ=3.54e-05 | LR=1.87e-05 | Train [Total=0.00589 MSE=0.00587 Smooth=0.00003] | Val   [Total=0.00276 MSE=0.00265 Smooth=0.00011]
Epoch 723/1000 | λ=3.53e-05 | LR=1.86e-05 | Train [Total=0.00330 MSE=0.00327 Smooth=0.00003] | Val   [Total=0.00271 MSE=0.00261 Smooth=0.00011]
Epoch 724/1000 | λ=3.52e-05 | LR=1.85e-05 | Train [Total=0.00678 MSE=0.00676 Smooth=0.00002] | Val   [Total=0.00292 MSE=0.00281 Smooth=0.00010]
Epoch 725/1000 | λ=3.50e-05 | LR=1.84e-05 | Train [Total=0.00701 MSE=0.00698 Smooth=0.00003] | Val   [Total=0.00280 MSE=0.00269 Smooth=0.00011]
Epoch 726/1000 | λ=3.49e-05 | LR=1.82e-05 | Train [Total=0.01506 MSE=0.01503 Smooth=0.00003] | Val   [Total=0.00285 MSE=0.00275 Smooth=0.00010]
Epoch 727/1000 | λ=3.48e-05 | LR=1.81e-05 | Train [Total=0.00572 MSE=0.00570 Smooth=0.00002] | Val   [Total=0.00283 MSE=0.00273 Smooth=0.00010]
Epoch 728/1000 | λ=3.47e-05 | LR=1.80e-05 | Train [Total=0.00661 MSE=0.00658 Smooth=0.00003] | Val   [Total=0.00279 MSE=0.00269 Smooth=0.00010]
Epoch 729/1000 | λ=3.45e-05 | LR=1.79e-05 | Train [Total=0.00441 MSE=0.00439 Smooth=0.00002] | Val   [Total=0.00272 MSE=0.00261 Smooth=0.00011]
Epoch 730/1000 | λ=3.44e-05 | LR=1.78e-05 | Train [Total=0.00680 MSE=0.00677 Smooth=0.00003] | Val   [Total=0.00281 MSE=0.00270 Smooth=0.00010]
Epoch 731/1000 | λ=3.43e-05 | LR=1.76e-05 | Train [Total=0.00758 MSE=0.00755 Smooth=0.00002] | Val   [Total=0.00274 MSE=0.00264 Smooth=0.00010]
Epoch 732/1000 | λ=3.42e-05 | LR=1.75e-05 | Train [Total=0.00574 MSE=0.00572 Smooth=0.00002] | Val   [Total=0.00272 MSE=0.00262 Smooth=0.00010]
Epoch 733/1000 | λ=3.40e-05 | LR=1.74e-05 | Train [Total=0.00518 MSE=0.00515 Smooth=0.00003] | Val   [Total=0.00267 MSE=0.00257 Smooth=0.00010] *** BEST ***
Epoch 734/1000 | λ=3.39e-05 | LR=1.73e-05 | Train [Total=0.00819 MSE=0.00816 Smooth=0.00003] | Val   [Total=0.00270 MSE=0.00261 Smooth=0.00010]
Epoch 735/1000 | λ=3.38e-05 | LR=1.72e-05 | Train [Total=0.00345 MSE=0.00342 Smooth=0.00003] | Val   [Total=0.00278 MSE=0.00269 Smooth=0.00010]
Epoch 736/1000 | λ=3.37e-05 | LR=1.71e-05 | Train [Total=0.00465 MSE=0.00462 Smooth=0.00003] | Val   [Total=0.00274 MSE=0.00264 Smooth=0.00010]
Epoch 737/1000 | λ=3.35e-05 | LR=1.70e-05 | Train [Total=0.00482 MSE=0.00480 Smooth=0.00002] | Val   [Total=0.00285 MSE=0.00275 Smooth=0.00010]
Epoch 738/1000 | λ=3.34e-05 | LR=1.68e-05 | Train [Total=0.00503 MSE=0.00501 Smooth=0.00003] | Val   [Total=0.00277 MSE=0.00267 Smooth=0.00010]
Epoch 739/1000 | λ=3.33e-05 | LR=1.67e-05 | Train [Total=0.00465 MSE=0.00462 Smooth=0.00003] | Val   [Total=0.00270 MSE=0.00260 Smooth=0.00010]
Epoch 740/1000 | λ=3.32e-05 | LR=1.66e-05 | Train [Total=0.00980 MSE=0.00978 Smooth=0.00002] | Val   [Total=0.00277 MSE=0.00267 Smooth=0.00010]
Epoch 741/1000 | λ=3.31e-05 | LR=1.65e-05 | Train [Total=0.00425 MSE=0.00422 Smooth=0.00003] | Val   [Total=0.00266 MSE=0.00256 Smooth=0.00010] *** BEST ***
Epoch 742/1000 | λ=3.29e-05 | LR=1.64e-05 | Train [Total=0.00571 MSE=0.00569 Smooth=0.00003] | Val   [Total=0.00269 MSE=0.00260 Smooth=0.00009]
Epoch 743/1000 | λ=3.28e-05 | LR=1.63e-05 | Train [Total=0.00837 MSE=0.00834 Smooth=0.00002] | Val   [Total=0.00269 MSE=0.00259 Smooth=0.00010]
Epoch 744/1000 | λ=3.27e-05 | LR=1.62e-05 | Train [Total=0.00484 MSE=0.00481 Smooth=0.00003] | Val   [Total=0.00281 MSE=0.00272 Smooth=0.00009]
Epoch 745/1000 | λ=3.26e-05 | LR=1.61e-05 | Train [Total=0.01181 MSE=0.01179 Smooth=0.00003] | Val   [Total=0.00267 MSE=0.00258 Smooth=0.00009]
Epoch 746/1000 | λ=3.24e-05 | LR=1.59e-05 | Train [Total=0.00790 MSE=0.00788 Smooth=0.00002] | Val   [Total=0.00267 MSE=0.00258 Smooth=0.00009]
Epoch 747/1000 | λ=3.23e-05 | LR=1.58e-05 | Train [Total=0.00972 MSE=0.00970 Smooth=0.00002] | Val   [Total=0.00284 MSE=0.00275 Smooth=0.00009]
Epoch 748/1000 | λ=3.22e-05 | LR=1.57e-05 | Train [Total=0.00314 MSE=0.00312 Smooth=0.00002] | Val   [Total=0.00264 MSE=0.00255 Smooth=0.00009] *** BEST ***
Epoch 749/1000 | λ=3.21e-05 | LR=1.56e-05 | Train [Total=0.00721 MSE=0.00719 Smooth=0.00002] | Val   [Total=0.00262 MSE=0.00253 Smooth=0.00009] *** BEST ***
Epoch 750/1000 | λ=3.19e-05 | LR=1.55e-05 | Train [Total=0.00484 MSE=0.00481 Smooth=0.00003] | Val   [Total=0.00263 MSE=0.00254 Smooth=0.00009]
Epoch 751/1000 | λ=3.18e-05 | LR=1.54e-05 | Train [Total=0.00558 MSE=0.00557 Smooth=0.00002] | Val   [Total=0.00261 MSE=0.00252 Smooth=0.00009] *** BEST ***
Epoch 752/1000 | λ=3.17e-05 | LR=1.53e-05 | Train [Total=0.00496 MSE=0.00494 Smooth=0.00002] | Val   [Total=0.00266 MSE=0.00257 Smooth=0.00009]
Epoch 753/1000 | λ=3.16e-05 | LR=1.52e-05 | Train [Total=0.00288 MSE=0.00285 Smooth=0.00003] | Val   [Total=0.00269 MSE=0.00260 Smooth=0.00009]
Epoch 754/1000 | λ=3.14e-05 | LR=1.51e-05 | Train [Total=0.00333 MSE=0.00331 Smooth=0.00002] | Val   [Total=0.00266 MSE=0.00257 Smooth=0.00009]
Epoch 755/1000 | λ=3.13e-05 | LR=1.50e-05 | Train [Total=0.00746 MSE=0.00744 Smooth=0.00002] | Val   [Total=0.00267 MSE=0.00258 Smooth=0.00009]
Epoch 756/1000 | λ=3.12e-05 | LR=1.48e-05 | Train [Total=0.00513 MSE=0.00511 Smooth=0.00002] | Val   [Total=0.00265 MSE=0.00256 Smooth=0.00009]
Epoch 757/1000 | λ=3.11e-05 | LR=1.47e-05 | Train [Total=0.00804 MSE=0.00802 Smooth=0.00002] | Val   [Total=0.00263 MSE=0.00254 Smooth=0.00009]
Epoch 758/1000 | λ=3.09e-05 | LR=1.46e-05 | Train [Total=0.00795 MSE=0.00793 Smooth=0.00002] | Val   [Total=0.00273 MSE=0.00265 Smooth=0.00009]
Epoch 759/1000 | λ=3.08e-05 | LR=1.45e-05 | Train [Total=0.00485 MSE=0.00482 Smooth=0.00002] | Val   [Total=0.00267 MSE=0.00258 Smooth=0.00009]
Epoch 760/1000 | λ=3.07e-05 | LR=1.44e-05 | Train [Total=0.00512 MSE=0.00510 Smooth=0.00003] | Val   [Total=0.00261 MSE=0.00252 Smooth=0.00009] *** BEST ***
Epoch 761/1000 | λ=3.06e-05 | LR=1.43e-05 | Train [Total=0.00668 MSE=0.00666 Smooth=0.00002] | Val   [Total=0.00263 MSE=0.00254 Smooth=0.00009]
Epoch 762/1000 | λ=3.05e-05 | LR=1.42e-05 | Train [Total=0.00687 MSE=0.00686 Smooth=0.00002] | Val   [Total=0.00289 MSE=0.00280 Smooth=0.00009]
Epoch 763/1000 | λ=3.03e-05 | LR=1.41e-05 | Train [Total=0.00588 MSE=0.00586 Smooth=0.00002] | Val   [Total=0.00266 MSE=0.00257 Smooth=0.00009]
Epoch 764/1000 | λ=3.02e-05 | LR=1.40e-05 | Train [Total=0.00387 MSE=0.00385 Smooth=0.00002] | Val   [Total=0.00262 MSE=0.00254 Smooth=0.00009]
Epoch 765/1000 | λ=3.01e-05 | LR=1.39e-05 | Train [Total=0.00624 MSE=0.00622 Smooth=0.00002] | Val   [Total=0.00270 MSE=0.00261 Smooth=0.00009]
Epoch 766/1000 | λ=3.00e-05 | LR=1.38e-05 | Train [Total=0.00726 MSE=0.00724 Smooth=0.00002] | Val   [Total=0.00263 MSE=0.00254 Smooth=0.00009]
Epoch 767/1000 | λ=2.98e-05 | LR=1.37e-05 | Train [Total=0.00751 MSE=0.00749 Smooth=0.00002] | Val   [Total=0.00266 MSE=0.00257 Smooth=0.00008]
Epoch 768/1000 | λ=2.97e-05 | LR=1.36e-05 | Train [Total=0.00696 MSE=0.00694 Smooth=0.00002] | Val   [Total=0.00265 MSE=0.00256 Smooth=0.00009]
Epoch 769/1000 | λ=2.96e-05 | LR=1.35e-05 | Train [Total=0.00564 MSE=0.00561 Smooth=0.00002] | Val   [Total=0.00271 MSE=0.00263 Smooth=0.00008]
Epoch 770/1000 | λ=2.95e-05 | LR=1.34e-05 | Train [Total=0.00520 MSE=0.00519 Smooth=0.00002] | Val   [Total=0.00263 MSE=0.00254 Smooth=0.00008]
Epoch 771/1000 | λ=2.93e-05 | LR=1.33e-05 | Train [Total=0.00855 MSE=0.00852 Smooth=0.00002] | Val   [Total=0.00262 MSE=0.00253 Smooth=0.00008]
Epoch 772/1000 | λ=2.92e-05 | LR=1.32e-05 | Train [Total=0.00500 MSE=0.00499 Smooth=0.00002] | Val   [Total=0.00281 MSE=0.00272 Smooth=0.00008]
Epoch 773/1000 | λ=2.91e-05 | LR=1.31e-05 | Train [Total=0.01001 MSE=0.00999 Smooth=0.00002] | Val   [Total=0.00267 MSE=0.00259 Smooth=0.00008]
Epoch 774/1000 | λ=2.90e-05 | LR=1.30e-05 | Train [Total=0.00378 MSE=0.00375 Smooth=0.00002] | Val   [Total=0.00257 MSE=0.00249 Smooth=0.00008] *** BEST ***
Epoch 775/1000 | λ=2.88e-05 | LR=1.29e-05 | Train [Total=0.00289 MSE=0.00287 Smooth=0.00002] | Val   [Total=0.00270 MSE=0.00262 Smooth=0.00008]
Epoch 776/1000 | λ=2.87e-05 | LR=1.28e-05 | Train [Total=0.00584 MSE=0.00583 Smooth=0.00001] | Val   [Total=0.00259 MSE=0.00251 Smooth=0.00008]
Epoch 777/1000 | λ=2.86e-05 | LR=1.27e-05 | Train [Total=0.00499 MSE=0.00498 Smooth=0.00002] | Val   [Total=0.00265 MSE=0.00257 Smooth=0.00008]
Epoch 778/1000 | λ=2.85e-05 | LR=1.26e-05 | Train [Total=0.00715 MSE=0.00713 Smooth=0.00002] | Val   [Total=0.00259 MSE=0.00251 Smooth=0.00008]
Epoch 779/1000 | λ=2.83e-05 | LR=1.25e-05 | Train [Total=0.00598 MSE=0.00596 Smooth=0.00002] | Val   [Total=0.00265 MSE=0.00257 Smooth=0.00008]
Epoch 780/1000 | λ=2.82e-05 | LR=1.24e-05 | Train [Total=0.00781 MSE=0.00778 Smooth=0.00002] | Val   [Total=0.00257 MSE=0.00249 Smooth=0.00008] *** BEST ***
Epoch 781/1000 | λ=2.81e-05 | LR=1.23e-05 | Train [Total=0.00551 MSE=0.00549 Smooth=0.00002] | Val   [Total=0.00257 MSE=0.00249 Smooth=0.00008] *** BEST ***
Epoch 782/1000 | λ=2.80e-05 | LR=1.22e-05 | Train [Total=0.00666 MSE=0.00663 Smooth=0.00002] | Val   [Total=0.00266 MSE=0.00258 Smooth=0.00008]
Epoch 783/1000 | λ=2.79e-05 | LR=1.21e-05 | Train [Total=0.00884 MSE=0.00882 Smooth=0.00002] | Val   [Total=0.00280 MSE=0.00272 Smooth=0.00008]
Epoch 784/1000 | λ=2.77e-05 | LR=1.20e-05 | Train [Total=0.00701 MSE=0.00699 Smooth=0.00002] | Val   [Total=0.00265 MSE=0.00258 Smooth=0.00008]
Epoch 785/1000 | λ=2.76e-05 | LR=1.19e-05 | Train [Total=0.00661 MSE=0.00659 Smooth=0.00002] | Val   [Total=0.00256 MSE=0.00248 Smooth=0.00008] *** BEST ***
Epoch 786/1000 | λ=2.75e-05 | LR=1.18e-05 | Train [Total=0.00758 MSE=0.00756 Smooth=0.00002] | Val   [Total=0.00268 MSE=0.00260 Smooth=0.00008]
Epoch 787/1000 | λ=2.74e-05 | LR=1.17e-05 | Train [Total=0.00843 MSE=0.00840 Smooth=0.00003] | Val   [Total=0.00270 MSE=0.00262 Smooth=0.00008]
Epoch 788/1000 | λ=2.72e-05 | LR=1.16e-05 | Train [Total=0.00569 MSE=0.00567 Smooth=0.00001] | Val   [Total=0.00262 MSE=0.00254 Smooth=0.00008]
Epoch 789/1000 | λ=2.71e-05 | LR=1.15e-05 | Train [Total=0.00649 MSE=0.00647 Smooth=0.00002] | Val   [Total=0.00258 MSE=0.00250 Smooth=0.00008]
Epoch 790/1000 | λ=2.70e-05 | LR=1.14e-05 | Train [Total=0.00546 MSE=0.00543 Smooth=0.00002] | Val   [Total=0.00260 MSE=0.00252 Smooth=0.00007]
Epoch 791/1000 | λ=2.69e-05 | LR=1.13e-05 | Train [Total=0.00525 MSE=0.00523 Smooth=0.00002] | Val   [Total=0.00255 MSE=0.00247 Smooth=0.00007] *** BEST ***
Epoch 792/1000 | λ=2.67e-05 | LR=1.12e-05 | Train [Total=0.00579 MSE=0.00576 Smooth=0.00002] | Val   [Total=0.00271 MSE=0.00264 Smooth=0.00007]
Epoch 793/1000 | λ=2.66e-05 | LR=1.11e-05 | Train [Total=0.00609 MSE=0.00607 Smooth=0.00002] | Val   [Total=0.00270 MSE=0.00262 Smooth=0.00007]
Epoch 794/1000 | λ=2.65e-05 | LR=1.10e-05 | Train [Total=0.00865 MSE=0.00864 Smooth=0.00001] | Val   [Total=0.00256 MSE=0.00249 Smooth=0.00008]
Epoch 795/1000 | λ=2.64e-05 | LR=1.09e-05 | Train [Total=0.00556 MSE=0.00554 Smooth=0.00002] | Val   [Total=0.00295 MSE=0.00287 Smooth=0.00007]
Epoch 796/1000 | λ=2.62e-05 | LR=1.08e-05 | Train [Total=0.00445 MSE=0.00443 Smooth=0.00002] | Val   [Total=0.00257 MSE=0.00250 Smooth=0.00007]
Epoch 797/1000 | λ=2.61e-05 | LR=1.07e-05 | Train [Total=0.00756 MSE=0.00754 Smooth=0.00002] | Val   [Total=0.00256 MSE=0.00248 Smooth=0.00007]
Epoch 798/1000 | λ=2.60e-05 | LR=1.06e-05 | Train [Total=0.00685 MSE=0.00683 Smooth=0.00002] | Val   [Total=0.00257 MSE=0.00250 Smooth=0.00007]
Epoch 799/1000 | λ=2.59e-05 | LR=1.05e-05 | Train [Total=0.00859 MSE=0.00857 Smooth=0.00002] | Val   [Total=0.00257 MSE=0.00250 Smooth=0.00007]
Epoch 800/1000 | λ=2.58e-05 | LR=1.05e-05 | Train [Total=0.01031 MSE=0.01029 Smooth=0.00002] | Val   [Total=0.00261 MSE=0.00254 Smooth=0.00007]
Epoch 801/1000 | λ=2.56e-05 | LR=1.04e-05 | Train [Total=0.00501 MSE=0.00499 Smooth=0.00002] | Val   [Total=0.00261 MSE=0.00254 Smooth=0.00007]
Epoch 802/1000 | λ=2.55e-05 | LR=1.03e-05 | Train [Total=0.00334 MSE=0.00332 Smooth=0.00002] | Val   [Total=0.00260 MSE=0.00253 Smooth=0.00007]
Epoch 803/1000 | λ=2.54e-05 | LR=1.02e-05 | Train [Total=0.00835 MSE=0.00833 Smooth=0.00002] | Val   [Total=0.00257 MSE=0.00250 Smooth=0.00007]
Epoch 804/1000 | λ=2.53e-05 | LR=1.01e-05 | Train [Total=0.00728 MSE=0.00726 Smooth=0.00002] | Val   [Total=0.00256 MSE=0.00250 Smooth=0.00007]
Epoch 805/1000 | λ=2.51e-05 | LR=1.00e-05 | Train [Total=0.00813 MSE=0.00811 Smooth=0.00002] | Val   [Total=0.00260 MSE=0.00253 Smooth=0.00007]
Epoch 806/1000 | λ=2.50e-05 | LR=9.91e-06 | Train [Total=0.00344 MSE=0.00342 Smooth=0.00002] | Val   [Total=0.00263 MSE=0.00256 Smooth=0.00007]
Epoch 807/1000 | λ=2.49e-05 | LR=9.82e-06 | Train [Total=0.00401 MSE=0.00399 Smooth=0.00002] | Val   [Total=0.00257 MSE=0.00250 Smooth=0.00007]
Epoch 808/1000 | λ=2.48e-05 | LR=9.74e-06 | Train [Total=0.00926 MSE=0.00925 Smooth=0.00001] | Val   [Total=0.00259 MSE=0.00252 Smooth=0.00007]
Epoch 809/1000 | λ=2.46e-05 | LR=9.65e-06 | Train [Total=0.00324 MSE=0.00322 Smooth=0.00002] | Val   [Total=0.00254 MSE=0.00248 Smooth=0.00007] *** BEST ***
Epoch 810/1000 | λ=2.45e-05 | LR=9.56e-06 | Train [Total=0.00334 MSE=0.00333 Smooth=0.00002] | Val   [Total=0.00265 MSE=0.00258 Smooth=0.00007]
Epoch 811/1000 | λ=2.44e-05 | LR=9.47e-06 | Train [Total=0.00708 MSE=0.00707 Smooth=0.00001] | Val   [Total=0.00254 MSE=0.00248 Smooth=0.00007] *** BEST ***
Epoch 812/1000 | λ=2.43e-05 | LR=9.39e-06 | Train [Total=0.00618 MSE=0.00616 Smooth=0.00002] | Val   [Total=0.00263 MSE=0.00256 Smooth=0.00007]
Epoch 813/1000 | λ=2.41e-05 | LR=9.30e-06 | Train [Total=0.00794 MSE=0.00792 Smooth=0.00002] | Val   [Total=0.00256 MSE=0.00250 Smooth=0.00007]
Epoch 814/1000 | λ=2.40e-05 | LR=9.21e-06 | Train [Total=0.00538 MSE=0.00536 Smooth=0.00002] | Val   [Total=0.00255 MSE=0.00248 Smooth=0.00007]
Epoch 815/1000 | λ=2.39e-05 | LR=9.13e-06 | Train [Total=0.00614 MSE=0.00612 Smooth=0.00002] | Val   [Total=0.00260 MSE=0.00253 Smooth=0.00007]
Epoch 816/1000 | λ=2.38e-05 | LR=9.04e-06 | Train [Total=0.00560 MSE=0.00558 Smooth=0.00002] | Val   [Total=0.00256 MSE=0.00249 Smooth=0.00007]
Epoch 817/1000 | λ=2.36e-05 | LR=8.96e-06 | Train [Total=0.00687 MSE=0.00686 Smooth=0.00001] | Val   [Total=0.00260 MSE=0.00253 Smooth=0.00007]
Epoch 818/1000 | λ=2.35e-05 | LR=8.87e-06 | Train [Total=0.00559 MSE=0.00557 Smooth=0.00002] | Val   [Total=0.00255 MSE=0.00249 Smooth=0.00006]
Epoch 819/1000 | λ=2.34e-05 | LR=8.79e-06 | Train [Total=0.00721 MSE=0.00719 Smooth=0.00002] | Val   [Total=0.00258 MSE=0.00251 Smooth=0.00007]
Epoch 820/1000 | λ=2.33e-05 | LR=8.71e-06 | Train [Total=0.00514 MSE=0.00513 Smooth=0.00001] | Val   [Total=0.00256 MSE=0.00249 Smooth=0.00006]
Epoch 821/1000 | λ=2.32e-05 | LR=8.62e-06 | Train [Total=0.00812 MSE=0.00810 Smooth=0.00002] | Val   [Total=0.00256 MSE=0.00249 Smooth=0.00007]
Epoch 822/1000 | λ=2.30e-05 | LR=8.54e-06 | Train [Total=0.00312 MSE=0.00311 Smooth=0.00002] | Val   [Total=0.00271 MSE=0.00264 Smooth=0.00006]
Epoch 823/1000 | λ=2.29e-05 | LR=8.46e-06 | Train [Total=0.00608 MSE=0.00606 Smooth=0.00002] | Val   [Total=0.00257 MSE=0.00251 Smooth=0.00006]
Epoch 824/1000 | λ=2.28e-05 | LR=8.38e-06 | Train [Total=0.00644 MSE=0.00643 Smooth=0.00002] | Val   [Total=0.00255 MSE=0.00248 Smooth=0.00006]
Epoch 825/1000 | λ=2.27e-05 | LR=8.29e-06 | Train [Total=0.00854 MSE=0.00853 Smooth=0.00001] | Val   [Total=0.00256 MSE=0.00250 Smooth=0.00006]
Epoch 826/1000 | λ=2.25e-05 | LR=8.21e-06 | Train [Total=0.00768 MSE=0.00767 Smooth=0.00001] | Val   [Total=0.00256 MSE=0.00249 Smooth=0.00006]
Epoch 827/1000 | λ=2.24e-05 | LR=8.13e-06 | Train [Total=0.00293 MSE=0.00292 Smooth=0.00001] | Val   [Total=0.00260 MSE=0.00254 Smooth=0.00006]
Epoch 828/1000 | λ=2.23e-05 | LR=8.05e-06 | Train [Total=0.00921 MSE=0.00920 Smooth=0.00001] | Val   [Total=0.00259 MSE=0.00253 Smooth=0.00006]
Epoch 829/1000 | λ=2.22e-05 | LR=7.97e-06 | Train [Total=0.00695 MSE=0.00693 Smooth=0.00001] | Val   [Total=0.00254 MSE=0.00248 Smooth=0.00006] *** BEST ***
Epoch 830/1000 | λ=2.20e-05 | LR=7.89e-06 | Train [Total=0.00811 MSE=0.00809 Smooth=0.00002] | Val   [Total=0.00254 MSE=0.00248 Smooth=0.00006]
Epoch 831/1000 | λ=2.19e-05 | LR=7.81e-06 | Train [Total=0.00527 MSE=0.00526 Smooth=0.00001] | Val   [Total=0.00280 MSE=0.00274 Smooth=0.00006]
Epoch 832/1000 | λ=2.18e-05 | LR=7.74e-06 | Train [Total=0.00289 MSE=0.00288 Smooth=0.00002] | Val   [Total=0.00260 MSE=0.00254 Smooth=0.00006]
Epoch 833/1000 | λ=2.17e-05 | LR=7.66e-06 | Train [Total=0.00696 MSE=0.00694 Smooth=0.00002] | Val   [Total=0.00258 MSE=0.00252 Smooth=0.00006]
Epoch 834/1000 | λ=2.15e-05 | LR=7.58e-06 | Train [Total=0.00613 MSE=0.00612 Smooth=0.00001] | Val   [Total=0.00258 MSE=0.00252 Smooth=0.00006]
Epoch 835/1000 | λ=2.14e-05 | LR=7.50e-06 | Train [Total=0.00453 MSE=0.00451 Smooth=0.00001] | Val   [Total=0.00261 MSE=0.00255 Smooth=0.00006]
Epoch 836/1000 | λ=2.13e-05 | LR=7.43e-06 | Train [Total=0.00663 MSE=0.00661 Smooth=0.00002] | Val   [Total=0.00257 MSE=0.00251 Smooth=0.00006]
Epoch 837/1000 | λ=2.12e-05 | LR=7.35e-06 | Train [Total=0.00528 MSE=0.00527 Smooth=0.00002] | Val   [Total=0.00256 MSE=0.00251 Smooth=0.00006]
Epoch 838/1000 | λ=2.10e-05 | LR=7.27e-06 | Train [Total=0.00370 MSE=0.00368 Smooth=0.00002] | Val   [Total=0.00253 MSE=0.00248 Smooth=0.00006] *** BEST ***
Epoch 839/1000 | λ=2.09e-05 | LR=7.20e-06 | Train [Total=0.00527 MSE=0.00525 Smooth=0.00001] | Val   [Total=0.00251 MSE=0.00245 Smooth=0.00006] *** BEST ***
Epoch 840/1000 | λ=2.08e-05 | LR=7.12e-06 | Train [Total=0.00417 MSE=0.00416 Smooth=0.00001] | Val   [Total=0.00252 MSE=0.00246 Smooth=0.00006]
Epoch 841/1000 | λ=2.07e-05 | LR=7.05e-06 | Train [Total=0.00648 MSE=0.00646 Smooth=0.00001] | Val   [Total=0.00250 MSE=0.00245 Smooth=0.00006] *** BEST ***
Epoch 842/1000 | λ=2.06e-05 | LR=6.97e-06 | Train [Total=0.00352 MSE=0.00351 Smooth=0.00002] | Val   [Total=0.00254 MSE=0.00248 Smooth=0.00006]
Epoch 843/1000 | λ=2.04e-05 | LR=6.90e-06 | Train [Total=0.00945 MSE=0.00944 Smooth=0.00001] | Val   [Total=0.00260 MSE=0.00254 Smooth=0.00006]
Epoch 844/1000 | λ=2.03e-05 | LR=6.83e-06 | Train [Total=0.00543 MSE=0.00541 Smooth=0.00001] | Val   [Total=0.00272 MSE=0.00266 Smooth=0.00006]
Epoch 845/1000 | λ=2.02e-05 | LR=6.75e-06 | Train [Total=0.00759 MSE=0.00758 Smooth=0.00001] | Val   [Total=0.00258 MSE=0.00252 Smooth=0.00006]
Epoch 846/1000 | λ=2.01e-05 | LR=6.68e-06 | Train [Total=0.00723 MSE=0.00722 Smooth=0.00001] | Val   [Total=0.00251 MSE=0.00246 Smooth=0.00005]
Epoch 847/1000 | λ=1.99e-05 | LR=6.61e-06 | Train [Total=0.00576 MSE=0.00574 Smooth=0.00001] | Val   [Total=0.00254 MSE=0.00249 Smooth=0.00006]
Epoch 848/1000 | λ=1.98e-05 | LR=6.54e-06 | Train [Total=0.00547 MSE=0.00546 Smooth=0.00001] | Val   [Total=0.00255 MSE=0.00250 Smooth=0.00005]
Epoch 849/1000 | λ=1.97e-05 | LR=6.47e-06 | Train [Total=0.00765 MSE=0.00764 Smooth=0.00001] | Val   [Total=0.00251 MSE=0.00246 Smooth=0.00005]
Epoch 850/1000 | λ=1.96e-05 | LR=6.40e-06 | Train [Total=0.00538 MSE=0.00537 Smooth=0.00001] | Val   [Total=0.00251 MSE=0.00245 Smooth=0.00005]
Epoch 851/1000 | λ=1.94e-05 | LR=6.32e-06 | Train [Total=0.00820 MSE=0.00819 Smooth=0.00001] | Val   [Total=0.00251 MSE=0.00246 Smooth=0.00005]
Epoch 852/1000 | λ=1.93e-05 | LR=6.25e-06 | Train [Total=0.00782 MSE=0.00781 Smooth=0.00001] | Val   [Total=0.00258 MSE=0.00253 Smooth=0.00005]
Epoch 853/1000 | λ=1.92e-05 | LR=6.19e-06 | Train [Total=0.00596 MSE=0.00595 Smooth=0.00001] | Val   [Total=0.00258 MSE=0.00253 Smooth=0.00005]
Epoch 854/1000 | λ=1.91e-05 | LR=6.12e-06 | Train [Total=0.00816 MSE=0.00815 Smooth=0.00001] | Val   [Total=0.00260 MSE=0.00255 Smooth=0.00005]
Epoch 855/1000 | λ=1.89e-05 | LR=6.05e-06 | Train [Total=0.00993 MSE=0.00992 Smooth=0.00001] | Val   [Total=0.00252 MSE=0.00246 Smooth=0.00005]
Epoch 856/1000 | λ=1.88e-05 | LR=5.98e-06 | Train [Total=0.00383 MSE=0.00382 Smooth=0.00002] | Val   [Total=0.00252 MSE=0.00247 Smooth=0.00005]
Epoch 857/1000 | λ=1.87e-05 | LR=5.91e-06 | Train [Total=0.00566 MSE=0.00565 Smooth=0.00001] | Val   [Total=0.00253 MSE=0.00248 Smooth=0.00005]
Epoch 858/1000 | λ=1.86e-05 | LR=5.84e-06 | Train [Total=0.00498 MSE=0.00496 Smooth=0.00001] | Val   [Total=0.00252 MSE=0.00247 Smooth=0.00005]
Epoch 859/1000 | λ=1.84e-05 | LR=5.78e-06 | Train [Total=0.00626 MSE=0.00625 Smooth=0.00001] | Val   [Total=0.00249 MSE=0.00244 Smooth=0.00005] *** BEST ***
Epoch 860/1000 | λ=1.83e-05 | LR=5.71e-06 | Train [Total=0.01105 MSE=0.01103 Smooth=0.00001] | Val   [Total=0.00252 MSE=0.00247 Smooth=0.00005]
Epoch 861/1000 | λ=1.82e-05 | LR=5.65e-06 | Train [Total=0.00298 MSE=0.00297 Smooth=0.00001] | Val   [Total=0.00259 MSE=0.00254 Smooth=0.00005]
Epoch 862/1000 | λ=1.81e-05 | LR=5.58e-06 | Train [Total=0.00711 MSE=0.00710 Smooth=0.00001] | Val   [Total=0.00255 MSE=0.00250 Smooth=0.00005]
Epoch 863/1000 | λ=1.80e-05 | LR=5.51e-06 | Train [Total=0.00527 MSE=0.00526 Smooth=0.00001] | Val   [Total=0.00256 MSE=0.00251 Smooth=0.00005]
Epoch 864/1000 | λ=1.78e-05 | LR=5.45e-06 | Train [Total=0.00743 MSE=0.00742 Smooth=0.00001] | Val   [Total=0.00254 MSE=0.00249 Smooth=0.00005]
Epoch 865/1000 | λ=1.77e-05 | LR=5.39e-06 | Train [Total=0.00651 MSE=0.00650 Smooth=0.00001] | Val   [Total=0.00251 MSE=0.00246 Smooth=0.00005]
Epoch 866/1000 | λ=1.76e-05 | LR=5.32e-06 | Train [Total=0.00753 MSE=0.00752 Smooth=0.00001] | Val   [Total=0.00251 MSE=0.00246 Smooth=0.00005]
Epoch 867/1000 | λ=1.75e-05 | LR=5.26e-06 | Train [Total=0.00606 MSE=0.00605 Smooth=0.00001] | Val   [Total=0.00251 MSE=0.00246 Smooth=0.00005]
Epoch 868/1000 | λ=1.73e-05 | LR=5.20e-06 | Train [Total=0.00451 MSE=0.00450 Smooth=0.00001] | Val   [Total=0.00251 MSE=0.00246 Smooth=0.00005]
Epoch 869/1000 | λ=1.72e-05 | LR=5.13e-06 | Train [Total=0.00824 MSE=0.00823 Smooth=0.00002] | Val   [Total=0.00253 MSE=0.00248 Smooth=0.00005]
Epoch 870/1000 | λ=1.71e-05 | LR=5.07e-06 | Train [Total=0.00642 MSE=0.00641 Smooth=0.00001] | Val   [Total=0.00253 MSE=0.00248 Smooth=0.00005]
Epoch 871/1000 | λ=1.70e-05 | LR=5.01e-06 | Train [Total=0.00430 MSE=0.00428 Smooth=0.00001] | Val   [Total=0.00250 MSE=0.00246 Smooth=0.00005]
Epoch 872/1000 | λ=1.68e-05 | LR=4.95e-06 | Train [Total=0.00399 MSE=0.00398 Smooth=0.00001] | Val   [Total=0.00250 MSE=0.00245 Smooth=0.00005]
Epoch 873/1000 | λ=1.67e-05 | LR=4.89e-06 | Train [Total=0.00516 MSE=0.00515 Smooth=0.00001] | Val   [Total=0.00255 MSE=0.00250 Smooth=0.00005]
Epoch 874/1000 | λ=1.66e-05 | LR=4.83e-06 | Train [Total=0.00598 MSE=0.00597 Smooth=0.00001] | Val   [Total=0.00255 MSE=0.00251 Smooth=0.00005]
Epoch 875/1000 | λ=1.65e-05 | LR=4.77e-06 | Train [Total=0.00920 MSE=0.00919 Smooth=0.00001] | Val   [Total=0.00249 MSE=0.00245 Smooth=0.00004]
Epoch 876/1000 | λ=1.63e-05 | LR=4.71e-06 | Train [Total=0.00841 MSE=0.00840 Smooth=0.00001] | Val   [Total=0.00255 MSE=0.00250 Smooth=0.00004]
Epoch 877/1000 | λ=1.62e-05 | LR=4.65e-06 | Train [Total=0.00323 MSE=0.00322 Smooth=0.00001] | Val   [Total=0.00251 MSE=0.00247 Smooth=0.00004]
Epoch 878/1000 | λ=1.61e-05 | LR=4.59e-06 | Train [Total=0.00600 MSE=0.00599 Smooth=0.00001] | Val   [Total=0.00249 MSE=0.00245 Smooth=0.00004] *** BEST ***
Epoch 879/1000 | λ=1.60e-05 | LR=4.53e-06 | Train [Total=0.00779 MSE=0.00778 Smooth=0.00001] | Val   [Total=0.00257 MSE=0.00252 Smooth=0.00004]
Epoch 880/1000 | λ=1.59e-05 | LR=4.48e-06 | Train [Total=0.00547 MSE=0.00545 Smooth=0.00001] | Val   [Total=0.00251 MSE=0.00246 Smooth=0.00004]
Epoch 881/1000 | λ=1.57e-05 | LR=4.42e-06 | Train [Total=0.00647 MSE=0.00646 Smooth=0.00001] | Val   [Total=0.00255 MSE=0.00251 Smooth=0.00004]
Epoch 882/1000 | λ=1.56e-05 | LR=4.36e-06 | Train [Total=0.00580 MSE=0.00578 Smooth=0.00001] | Val   [Total=0.00249 MSE=0.00244 Smooth=0.00004] *** BEST ***
Epoch 883/1000 | λ=1.55e-05 | LR=4.31e-06 | Train [Total=0.00465 MSE=0.00464 Smooth=0.00001] | Val   [Total=0.00252 MSE=0.00248 Smooth=0.00004]
Epoch 884/1000 | λ=1.54e-05 | LR=4.25e-06 | Train [Total=0.00824 MSE=0.00823 Smooth=0.00001] | Val   [Total=0.00252 MSE=0.00248 Smooth=0.00004]
Epoch 885/1000 | λ=1.52e-05 | LR=4.20e-06 | Train [Total=0.00455 MSE=0.00454 Smooth=0.00001] | Val   [Total=0.00252 MSE=0.00248 Smooth=0.00004]
Epoch 886/1000 | λ=1.51e-05 | LR=4.14e-06 | Train [Total=0.00753 MSE=0.00752 Smooth=0.00001] | Val   [Total=0.00251 MSE=0.00247 Smooth=0.00004]
Epoch 887/1000 | λ=1.50e-05 | LR=4.09e-06 | Train [Total=0.00262 MSE=0.00261 Smooth=0.00001] | Val   [Total=0.00253 MSE=0.00249 Smooth=0.00004]
Epoch 888/1000 | λ=1.49e-05 | LR=4.03e-06 | Train [Total=0.00654 MSE=0.00653 Smooth=0.00001] | Val   [Total=0.00249 MSE=0.00245 Smooth=0.00004]
Epoch 889/1000 | λ=1.47e-05 | LR=3.98e-06 | Train [Total=0.00554 MSE=0.00553 Smooth=0.00001] | Val   [Total=0.00248 MSE=0.00244 Smooth=0.00004] *** BEST ***
Epoch 890/1000 | λ=1.46e-05 | LR=3.93e-06 | Train [Total=0.00680 MSE=0.00679 Smooth=0.00001] | Val   [Total=0.00248 MSE=0.00244 Smooth=0.00004]
Epoch 891/1000 | λ=1.45e-05 | LR=3.87e-06 | Train [Total=0.00557 MSE=0.00556 Smooth=0.00001] | Val   [Total=0.00248 MSE=0.00244 Smooth=0.00004]
Epoch 892/1000 | λ=1.44e-05 | LR=3.82e-06 | Train [Total=0.00618 MSE=0.00617 Smooth=0.00001] | Val   [Total=0.00248 MSE=0.00244 Smooth=0.00004] *** BEST ***
Epoch 893/1000 | λ=1.42e-05 | LR=3.77e-06 | Train [Total=0.00473 MSE=0.00472 Smooth=0.00001] | Val   [Total=0.00248 MSE=0.00244 Smooth=0.00004] *** BEST ***
Epoch 894/1000 | λ=1.41e-05 | LR=3.72e-06 | Train [Total=0.00650 MSE=0.00649 Smooth=0.00001] | Val   [Total=0.00249 MSE=0.00245 Smooth=0.00004]
Epoch 895/1000 | λ=1.40e-05 | LR=3.67e-06 | Train [Total=0.00427 MSE=0.00426 Smooth=0.00001] | Val   [Total=0.00248 MSE=0.00244 Smooth=0.00004]
Epoch 896/1000 | λ=1.39e-05 | LR=3.62e-06 | Train [Total=0.00403 MSE=0.00402 Smooth=0.00001] | Val   [Total=0.00247 MSE=0.00243 Smooth=0.00004] *** BEST ***
Epoch 897/1000 | λ=1.37e-05 | LR=3.57e-06 | Train [Total=0.00525 MSE=0.00524 Smooth=0.00001] | Val   [Total=0.00248 MSE=0.00244 Smooth=0.00004]
Epoch 898/1000 | λ=1.36e-05 | LR=3.52e-06 | Train [Total=0.00479 MSE=0.00478 Smooth=0.00001] | Val   [Total=0.00250 MSE=0.00246 Smooth=0.00004]
Epoch 899/1000 | λ=1.35e-05 | LR=3.47e-06 | Train [Total=0.00552 MSE=0.00551 Smooth=0.00001] | Val   [Total=0.00247 MSE=0.00243 Smooth=0.00004] *** BEST ***
Epoch 900/1000 | λ=1.34e-05 | LR=3.42e-06 | Train [Total=0.01035 MSE=0.01034 Smooth=0.00001] | Val   [Total=0.00248 MSE=0.00245 Smooth=0.00004]
Epoch 901/1000 | λ=1.33e-05 | LR=3.37e-06 | Train [Total=0.00394 MSE=0.00393 Smooth=0.00001] | Val   [Total=0.00248 MSE=0.00244 Smooth=0.00004]
Epoch 902/1000 | λ=1.31e-05 | LR=3.33e-06 | Train [Total=0.00423 MSE=0.00422 Smooth=0.00001] | Val   [Total=0.00248 MSE=0.00244 Smooth=0.00004]
Epoch 903/1000 | λ=1.30e-05 | LR=3.28e-06 | Train [Total=0.00712 MSE=0.00711 Smooth=0.00001] | Val   [Total=0.00247 MSE=0.00243 Smooth=0.00003]
Epoch 904/1000 | λ=1.29e-05 | LR=3.23e-06 | Train [Total=0.00597 MSE=0.00596 Smooth=0.00001] | Val   [Total=0.00248 MSE=0.00244 Smooth=0.00003]
Epoch 905/1000 | λ=1.28e-05 | LR=3.19e-06 | Train [Total=0.00445 MSE=0.00444 Smooth=0.00001] | Val   [Total=0.00247 MSE=0.00243 Smooth=0.00003] *** BEST ***
Epoch 906/1000 | λ=1.26e-05 | LR=3.14e-06 | Train [Total=0.00545 MSE=0.00544 Smooth=0.00001] | Val   [Total=0.00249 MSE=0.00246 Smooth=0.00003]
Epoch 907/1000 | λ=1.25e-05 | LR=3.10e-06 | Train [Total=0.01016 MSE=0.01015 Smooth=0.00001] | Val   [Total=0.00248 MSE=0.00245 Smooth=0.00003]
Epoch 908/1000 | λ=1.24e-05 | LR=3.05e-06 | Train [Total=0.00623 MSE=0.00622 Smooth=0.00001] | Val   [Total=0.00248 MSE=0.00245 Smooth=0.00003]
Epoch 909/1000 | λ=1.23e-05 | LR=3.01e-06 | Train [Total=0.00243 MSE=0.00242 Smooth=0.00001] | Val   [Total=0.00250 MSE=0.00247 Smooth=0.00003]
Epoch 910/1000 | λ=1.21e-05 | LR=2.97e-06 | Train [Total=0.00704 MSE=0.00703 Smooth=0.00001] | Val   [Total=0.00247 MSE=0.00244 Smooth=0.00003]
Epoch 911/1000 | λ=1.20e-05 | LR=2.92e-06 | Train [Total=0.00472 MSE=0.00471 Smooth=0.00001] | Val   [Total=0.00248 MSE=0.00245 Smooth=0.00003]
Epoch 912/1000 | λ=1.19e-05 | LR=2.88e-06 | Train [Total=0.00423 MSE=0.00422 Smooth=0.00001] | Val   [Total=0.00251 MSE=0.00248 Smooth=0.00003]
Epoch 913/1000 | λ=1.18e-05 | LR=2.84e-06 | Train [Total=0.00426 MSE=0.00425 Smooth=0.00001] | Val   [Total=0.00251 MSE=0.00248 Smooth=0.00003]
Epoch 914/1000 | λ=1.16e-05 | LR=2.80e-06 | Train [Total=0.00697 MSE=0.00696 Smooth=0.00001] | Val   [Total=0.00252 MSE=0.00249 Smooth=0.00003]
Epoch 915/1000 | λ=1.15e-05 | LR=2.75e-06 | Train [Total=0.00741 MSE=0.00741 Smooth=0.00001] | Val   [Total=0.00249 MSE=0.00246 Smooth=0.00003]
Epoch 916/1000 | λ=1.14e-05 | LR=2.71e-06 | Train [Total=0.00637 MSE=0.00636 Smooth=0.00001] | Val   [Total=0.00248 MSE=0.00245 Smooth=0.00003]
Epoch 917/1000 | λ=1.13e-05 | LR=2.67e-06 | Train [Total=0.00459 MSE=0.00459 Smooth=0.00001] | Val   [Total=0.00248 MSE=0.00245 Smooth=0.00003]
Epoch 918/1000 | λ=1.11e-05 | LR=2.63e-06 | Train [Total=0.01143 MSE=0.01142 Smooth=0.00001] | Val   [Total=0.00248 MSE=0.00245 Smooth=0.00003]
Epoch 919/1000 | λ=1.10e-05 | LR=2.59e-06 | Train [Total=0.00422 MSE=0.00422 Smooth=0.00001] | Val   [Total=0.00246 MSE=0.00243 Smooth=0.00003] *** BEST ***
Epoch 920/1000 | λ=1.09e-05 | LR=2.56e-06 | Train [Total=0.00322 MSE=0.00321 Smooth=0.00001] | Val   [Total=0.00246 MSE=0.00243 Smooth=0.00003] *** BEST ***
Epoch 921/1000 | λ=1.08e-05 | LR=2.52e-06 | Train [Total=0.00701 MSE=0.00700 Smooth=0.00001] | Val   [Total=0.00246 MSE=0.00243 Smooth=0.00003] *** BEST ***
Epoch 922/1000 | λ=1.07e-05 | LR=2.48e-06 | Train [Total=0.00803 MSE=0.00802 Smooth=0.00001] | Val   [Total=0.00246 MSE=0.00243 Smooth=0.00003]
Epoch 923/1000 | λ=1.05e-05 | LR=2.44e-06 | Train [Total=0.00612 MSE=0.00612 Smooth=0.00001] | Val   [Total=0.00247 MSE=0.00245 Smooth=0.00003]
Epoch 924/1000 | λ=1.04e-05 | LR=2.40e-06 | Train [Total=0.00312 MSE=0.00312 Smooth=0.00001] | Val   [Total=0.00245 MSE=0.00242 Smooth=0.00003] *** BEST ***
Epoch 925/1000 | λ=1.03e-05 | LR=2.37e-06 | Train [Total=0.00558 MSE=0.00557 Smooth=0.00001] | Val   [Total=0.00245 MSE=0.00242 Smooth=0.00003]
Epoch 926/1000 | λ=1.02e-05 | LR=2.33e-06 | Train [Total=0.00781 MSE=0.00781 Smooth=0.00001] | Val   [Total=0.00246 MSE=0.00244 Smooth=0.00003]
Epoch 927/1000 | λ=1.00e-05 | LR=2.30e-06 | Train [Total=0.00447 MSE=0.00446 Smooth=0.00001] | Val   [Total=0.00250 MSE=0.00247 Smooth=0.00003]
Epoch 928/1000 | λ=9.91e-06 | LR=2.26e-06 | Train [Total=0.00499 MSE=0.00499 Smooth=0.00001] | Val   [Total=0.00248 MSE=0.00246 Smooth=0.00003]
Epoch 929/1000 | λ=9.79e-06 | LR=2.23e-06 | Train [Total=0.00718 MSE=0.00717 Smooth=0.00001] | Val   [Total=0.00248 MSE=0.00246 Smooth=0.00003]
Epoch 930/1000 | λ=9.66e-06 | LR=2.19e-06 | Train [Total=0.00547 MSE=0.00547 Smooth=0.00001] | Val   [Total=0.00248 MSE=0.00245 Smooth=0.00003]
Epoch 931/1000 | λ=9.54e-06 | LR=2.16e-06 | Train [Total=0.00669 MSE=0.00668 Smooth=0.00001] | Val   [Total=0.00248 MSE=0.00246 Smooth=0.00003]
Epoch 932/1000 | λ=9.42e-06 | LR=2.13e-06 | Train [Total=0.00607 MSE=0.00606 Smooth=0.00001] | Val   [Total=0.00247 MSE=0.00245 Smooth=0.00003]
Epoch 933/1000 | λ=9.29e-06 | LR=2.09e-06 | Train [Total=0.00471 MSE=0.00471 Smooth=0.00001] | Val   [Total=0.00246 MSE=0.00244 Smooth=0.00002]
Epoch 934/1000 | λ=9.17e-06 | LR=2.06e-06 | Train [Total=0.00774 MSE=0.00773 Smooth=0.00001] | Val   [Total=0.00245 MSE=0.00243 Smooth=0.00002]
Epoch 935/1000 | λ=9.04e-06 | LR=2.03e-06 | Train [Total=0.00351 MSE=0.00351 Smooth=0.00000] | Val   [Total=0.00245 MSE=0.00243 Smooth=0.00002]
Epoch 936/1000 | λ=8.92e-06 | LR=2.00e-06 | Train [Total=0.00960 MSE=0.00959 Smooth=0.00001] | Val   [Total=0.00245 MSE=0.00243 Smooth=0.00002]
Epoch 937/1000 | λ=8.80e-06 | LR=1.97e-06 | Train [Total=0.00401 MSE=0.00400 Smooth=0.00001] | Val   [Total=0.00245 MSE=0.00242 Smooth=0.00002] *** BEST ***
Epoch 938/1000 | λ=8.67e-06 | LR=1.94e-06 | Train [Total=0.00330 MSE=0.00330 Smooth=0.00001] | Val   [Total=0.00245 MSE=0.00243 Smooth=0.00002]
Epoch 939/1000 | λ=8.55e-06 | LR=1.91e-06 | Train [Total=0.00452 MSE=0.00451 Smooth=0.00001] | Val   [Total=0.00245 MSE=0.00243 Smooth=0.00002]
Epoch 940/1000 | λ=8.43e-06 | LR=1.88e-06 | Train [Total=0.00655 MSE=0.00655 Smooth=0.00001] | Val   [Total=0.00246 MSE=0.00244 Smooth=0.00002]
Epoch 941/1000 | λ=8.30e-06 | LR=1.85e-06 | Train [Total=0.00577 MSE=0.00577 Smooth=0.00001] | Val   [Total=0.00246 MSE=0.00244 Smooth=0.00002]
Epoch 942/1000 | λ=8.18e-06 | LR=1.82e-06 | Train [Total=0.00275 MSE=0.00274 Smooth=0.00000] | Val   [Total=0.00245 MSE=0.00243 Smooth=0.00002]
Epoch 943/1000 | λ=8.05e-06 | LR=1.79e-06 | Train [Total=0.00742 MSE=0.00741 Smooth=0.00000] | Val   [Total=0.00246 MSE=0.00244 Smooth=0.00002]
Epoch 944/1000 | λ=7.93e-06 | LR=1.76e-06 | Train [Total=0.00287 MSE=0.00286 Smooth=0.00001] | Val   [Total=0.00244 MSE=0.00242 Smooth=0.00002] *** BEST ***
Epoch 945/1000 | λ=7.81e-06 | LR=1.74e-06 | Train [Total=0.00574 MSE=0.00574 Smooth=0.00000] | Val   [Total=0.00245 MSE=0.00243 Smooth=0.00002]
Epoch 946/1000 | λ=7.68e-06 | LR=1.71e-06 | Train [Total=0.00635 MSE=0.00634 Smooth=0.00001] | Val   [Total=0.00244 MSE=0.00242 Smooth=0.00002] *** BEST ***
Epoch 947/1000 | λ=7.56e-06 | LR=1.68e-06 | Train [Total=0.00474 MSE=0.00473 Smooth=0.00001] | Val   [Total=0.00244 MSE=0.00242 Smooth=0.00002]
Epoch 948/1000 | λ=7.43e-06 | LR=1.66e-06 | Train [Total=0.00597 MSE=0.00596 Smooth=0.00000] | Val   [Total=0.00245 MSE=0.00243 Smooth=0.00002]
Epoch 949/1000 | λ=7.31e-06 | LR=1.63e-06 | Train [Total=0.00714 MSE=0.00714 Smooth=0.00001] | Val   [Total=0.00244 MSE=0.00242 Smooth=0.00002] *** BEST ***
Epoch 950/1000 | λ=7.19e-06 | LR=1.61e-06 | Train [Total=0.00599 MSE=0.00598 Smooth=0.00001] | Val   [Total=0.00245 MSE=0.00243 Smooth=0.00002]
Epoch 951/1000 | λ=7.06e-06 | LR=1.59e-06 | Train [Total=0.00579 MSE=0.00578 Smooth=0.00001] | Val   [Total=0.00244 MSE=0.00242 Smooth=0.00002]
Epoch 952/1000 | λ=6.94e-06 | LR=1.56e-06 | Train [Total=0.00505 MSE=0.00504 Smooth=0.00000] | Val   [Total=0.00244 MSE=0.00242 Smooth=0.00002]
Epoch 953/1000 | λ=6.82e-06 | LR=1.54e-06 | Train [Total=0.00785 MSE=0.00784 Smooth=0.00001] | Val   [Total=0.00244 MSE=0.00242 Smooth=0.00002]
Epoch 954/1000 | λ=6.69e-06 | LR=1.52e-06 | Train [Total=0.00565 MSE=0.00565 Smooth=0.00000] | Val   [Total=0.00244 MSE=0.00242 Smooth=0.00002]
Epoch 955/1000 | λ=6.57e-06 | LR=1.49e-06 | Train [Total=0.00501 MSE=0.00500 Smooth=0.00000] | Val   [Total=0.00246 MSE=0.00244 Smooth=0.00002]
Epoch 956/1000 | λ=6.44e-06 | LR=1.47e-06 | Train [Total=0.00409 MSE=0.00409 Smooth=0.00000] | Val   [Total=0.00245 MSE=0.00243 Smooth=0.00002]
Epoch 957/1000 | λ=6.32e-06 | LR=1.45e-06 | Train [Total=0.00473 MSE=0.00473 Smooth=0.00000] | Val   [Total=0.00246 MSE=0.00245 Smooth=0.00002]
Epoch 958/1000 | λ=6.20e-06 | LR=1.43e-06 | Train [Total=0.00721 MSE=0.00720 Smooth=0.00000] | Val   [Total=0.00245 MSE=0.00243 Smooth=0.00002]
Epoch 959/1000 | λ=6.07e-06 | LR=1.41e-06 | Train [Total=0.00585 MSE=0.00584 Smooth=0.00000] | Val   [Total=0.00244 MSE=0.00242 Smooth=0.00002]
Epoch 960/1000 | λ=5.95e-06 | LR=1.39e-06 | Train [Total=0.00439 MSE=0.00438 Smooth=0.00000] | Val   [Total=0.00244 MSE=0.00242 Smooth=0.00002]
Epoch 961/1000 | λ=5.83e-06 | LR=1.37e-06 | Train [Total=0.00546 MSE=0.00546 Smooth=0.00000] | Val   [Total=0.00244 MSE=0.00243 Smooth=0.00002]
Epoch 962/1000 | λ=5.70e-06 | LR=1.35e-06 | Train [Total=0.00510 MSE=0.00510 Smooth=0.00000] | Val   [Total=0.00243 MSE=0.00242 Smooth=0.00002] *** BEST ***
Epoch 963/1000 | λ=5.58e-06 | LR=1.33e-06 | Train [Total=0.00473 MSE=0.00472 Smooth=0.00000] | Val   [Total=0.00243 MSE=0.00241 Smooth=0.00001] *** BEST ***
Epoch 964/1000 | λ=5.45e-06 | LR=1.32e-06 | Train [Total=0.00470 MSE=0.00470 Smooth=0.00000] | Val   [Total=0.00244 MSE=0.00242 Smooth=0.00001]
Epoch 965/1000 | λ=5.33e-06 | LR=1.30e-06 | Train [Total=0.00818 MSE=0.00818 Smooth=0.00000] | Val   [Total=0.00243 MSE=0.00242 Smooth=0.00001]
Epoch 966/1000 | λ=5.21e-06 | LR=1.28e-06 | Train [Total=0.00260 MSE=0.00260 Smooth=0.00000] | Val   [Total=0.00243 MSE=0.00242 Smooth=0.00001]
Epoch 967/1000 | λ=5.08e-06 | LR=1.27e-06 | Train [Total=0.00541 MSE=0.00541 Smooth=0.00000] | Val   [Total=0.00244 MSE=0.00243 Smooth=0.00001]
Epoch 968/1000 | λ=4.96e-06 | LR=1.25e-06 | Train [Total=0.00714 MSE=0.00714 Smooth=0.00000] | Val   [Total=0.00243 MSE=0.00242 Smooth=0.00001]
Epoch 969/1000 | λ=4.84e-06 | LR=1.23e-06 | Train [Total=0.00597 MSE=0.00597 Smooth=0.00000] | Val   [Total=0.00243 MSE=0.00242 Smooth=0.00001]
Epoch 970/1000 | λ=4.71e-06 | LR=1.22e-06 | Train [Total=0.00780 MSE=0.00780 Smooth=0.00000] | Val   [Total=0.00245 MSE=0.00244 Smooth=0.00001]
Epoch 971/1000 | λ=4.59e-06 | LR=1.21e-06 | Train [Total=0.00943 MSE=0.00943 Smooth=0.00000] | Val   [Total=0.00244 MSE=0.00242 Smooth=0.00001]
Epoch 972/1000 | λ=4.47e-06 | LR=1.19e-06 | Train [Total=0.01295 MSE=0.01294 Smooth=0.00000] | Val   [Total=0.00244 MSE=0.00242 Smooth=0.00001]
Epoch 973/1000 | λ=4.34e-06 | LR=1.18e-06 | Train [Total=0.00639 MSE=0.00639 Smooth=0.00000] | Val   [Total=0.00244 MSE=0.00243 Smooth=0.00001]
Epoch 974/1000 | λ=4.22e-06 | LR=1.17e-06 | Train [Total=0.00385 MSE=0.00385 Smooth=0.00000] | Val   [Total=0.00244 MSE=0.00243 Smooth=0.00001]
Epoch 975/1000 | λ=4.09e-06 | LR=1.15e-06 | Train [Total=0.00863 MSE=0.00863 Smooth=0.00000] | Val   [Total=0.00243 MSE=0.00242 Smooth=0.00001]
Epoch 976/1000 | λ=3.97e-06 | LR=1.14e-06 | Train [Total=0.00829 MSE=0.00829 Smooth=0.00000] | Val   [Total=0.00244 MSE=0.00243 Smooth=0.00001]
Epoch 977/1000 | λ=3.85e-06 | LR=1.13e-06 | Train [Total=0.00617 MSE=0.00617 Smooth=0.00000] | Val   [Total=0.00243 MSE=0.00242 Smooth=0.00001] *** BEST ***
Epoch 978/1000 | λ=3.72e-06 | LR=1.12e-06 | Train [Total=0.00766 MSE=0.00765 Smooth=0.00000] | Val   [Total=0.00243 MSE=0.00242 Smooth=0.00001]
Epoch 979/1000 | λ=3.60e-06 | LR=1.11e-06 | Train [Total=0.00698 MSE=0.00698 Smooth=0.00000] | Val   [Total=0.00243 MSE=0.00242 Smooth=0.00001]
Epoch 980/1000 | λ=3.48e-06 | LR=1.10e-06 | Train [Total=0.00805 MSE=0.00805 Smooth=0.00000] | Val   [Total=0.00243 MSE=0.00242 Smooth=0.00001]
Epoch 981/1000 | λ=3.35e-06 | LR=1.09e-06 | Train [Total=0.00407 MSE=0.00406 Smooth=0.00000] | Val   [Total=0.00243 MSE=0.00242 Smooth=0.00001]
Epoch 982/1000 | λ=3.23e-06 | LR=1.08e-06 | Train [Total=0.00717 MSE=0.00716 Smooth=0.00000] | Val   [Total=0.00243 MSE=0.00243 Smooth=0.00001]
Epoch 983/1000 | λ=3.10e-06 | LR=1.07e-06 | Train [Total=0.00650 MSE=0.00650 Smooth=0.00000] | Val   [Total=0.00243 MSE=0.00242 Smooth=0.00001]
Epoch 984/1000 | λ=2.98e-06 | LR=1.06e-06 | Train [Total=0.00379 MSE=0.00379 Smooth=0.00000] | Val   [Total=0.00244 MSE=0.00243 Smooth=0.00001]
Epoch 985/1000 | λ=2.86e-06 | LR=1.05e-06 | Train [Total=0.00613 MSE=0.00613 Smooth=0.00000] | Val   [Total=0.00244 MSE=0.00243 Smooth=0.00001]
Epoch 986/1000 | λ=2.73e-06 | LR=1.05e-06 | Train [Total=0.00457 MSE=0.00457 Smooth=0.00000] | Val   [Total=0.00244 MSE=0.00243 Smooth=0.00001]
Epoch 987/1000 | λ=2.61e-06 | LR=1.04e-06 | Train [Total=0.00807 MSE=0.00807 Smooth=0.00000] | Val   [Total=0.00243 MSE=0.00243 Smooth=0.00001]
Epoch 988/1000 | λ=2.49e-06 | LR=1.04e-06 | Train [Total=0.00394 MSE=0.00394 Smooth=0.00000] | Val   [Total=0.00243 MSE=0.00243 Smooth=0.00001]
Epoch 989/1000 | λ=2.36e-06 | LR=1.03e-06 | Train [Total=0.00805 MSE=0.00805 Smooth=0.00000] | Val   [Total=0.00245 MSE=0.00244 Smooth=0.00001]
Epoch 990/1000 | λ=2.24e-06 | LR=1.02e-06 | Train [Total=0.00481 MSE=0.00480 Smooth=0.00000] | Val   [Total=0.00243 MSE=0.00242 Smooth=0.00001]
Epoch 991/1000 | λ=2.11e-06 | LR=1.02e-06 | Train [Total=0.00724 MSE=0.00724 Smooth=0.00000] | Val   [Total=0.00247 MSE=0.00246 Smooth=0.00001]
Epoch 992/1000 | λ=1.99e-06 | LR=1.02e-06 | Train [Total=0.00548 MSE=0.00548 Smooth=0.00000] | Val   [Total=0.00244 MSE=0.00243 Smooth=0.00001]
Epoch 993/1000 | λ=1.87e-06 | LR=1.01e-06 | Train [Total=0.00681 MSE=0.00681 Smooth=0.00000] | Val   [Total=0.00244 MSE=0.00243 Smooth=0.00000]
Epoch 994/1000 | λ=1.74e-06 | LR=1.01e-06 | Train [Total=0.00381 MSE=0.00381 Smooth=0.00000] | Val   [Total=0.00244 MSE=0.00244 Smooth=0.00000]
Epoch 995/1000 | λ=1.62e-06 | LR=1.01e-06 | Train [Total=0.00551 MSE=0.00550 Smooth=0.00000] | Val   [Total=0.00245 MSE=0.00244 Smooth=0.00000]
Epoch 996/1000 | λ=1.49e-06 | LR=1.00e-06 | Train [Total=0.00591 MSE=0.00591 Smooth=0.00000] | Val   [Total=0.00243 MSE=0.00243 Smooth=0.00000]
Epoch 997/1000 | λ=1.37e-06 | LR=1.00e-06 | Train [Total=0.00393 MSE=0.00393 Smooth=0.00000] | Val   [Total=0.00243 MSE=0.00242 Smooth=0.00000] *** BEST ***
Epoch 998/1000 | λ=1.25e-06 | LR=1.00e-06 | Train [Total=0.00443 MSE=0.00443 Smooth=0.00000] | Val   [Total=0.00242 MSE=0.00242 Smooth=0.00000] *** BEST ***
Epoch 999/1000 | λ=1.12e-06 | LR=1.00e-06 | Train [Total=0.00557 MSE=0.00557 Smooth=0.00000] | Val   [Total=0.00242 MSE=0.00242 Smooth=0.00000]
Epoch 1000/1000 | λ=1.00e-06 | LR=1.00e-06 | Train [Total=0.00454 MSE=0.00454 Smooth=0.00000] | Val   [Total=0.00242 MSE=0.00242 Smooth=0.00000]
Training complete.
