This job can be monitored from: https://job.c3se.chalmers.se/alvis/6319515
============================================================
Run started: 2026-04-03 21:27:00
Log file:    /mimer/NOBACKUP/groups/caim1/dafne/checkpoints/training.log
============================================================
Using device: cuda
Train=425, Val=75, Test=100
Loaded DVF stats: mean=-3.174312, std=10.820530
No checkpoint found — starting from scratch
Epoch 001/1000 | λ=1.00e-04 | LR=1.00e-04 | Train [Total=1.18940 MSE=0.99151 Smooth=0.19789] | Val   [Total=1.85748 MSE=0.93883 Smooth=0.91865] *** BEST ***
Epoch 002/1000 | λ=1.00e-04 | LR=1.00e-04 | Train [Total=1.09320 MSE=0.87188 Smooth=0.22132] | Val   [Total=1.54704 MSE=0.80682 Smooth=0.74022] *** BEST ***
Epoch 003/1000 | λ=1.00e-04 | LR=1.00e-04 | Train [Total=0.85504 MSE=0.72522 Smooth=0.12982] | Val   [Total=1.24703 MSE=0.67332 Smooth=0.57371] *** BEST ***
Epoch 004/1000 | λ=1.00e-04 | LR=1.00e-04 | Train [Total=0.73223 MSE=0.60089 Smooth=0.13135] | Val   [Total=0.98106 MSE=0.55475 Smooth=0.42632] *** BEST ***
Epoch 005/1000 | λ=1.00e-04 | LR=1.00e-04 | Train [Total=0.55132 MSE=0.47975 Smooth=0.07156] | Val   [Total=0.77739 MSE=0.46274 Smooth=0.31464] *** BEST ***
Epoch 006/1000 | λ=1.00e-04 | LR=1.00e-04 | Train [Total=0.43820 MSE=0.38400 Smooth=0.05420] | Val   [Total=0.61831 MSE=0.38903 Smooth=0.22929] *** BEST ***
Epoch 007/1000 | λ=1.00e-04 | LR=1.00e-04 | Train [Total=0.37033 MSE=0.31330 Smooth=0.05703] | Val   [Total=0.48795 MSE=0.32659 Smooth=0.16136] *** BEST ***
Epoch 008/1000 | λ=1.00e-04 | LR=1.00e-04 | Train [Total=0.31434 MSE=0.27731 Smooth=0.03703] | Val   [Total=0.41794 MSE=0.29247 Smooth=0.12548] *** BEST ***
Epoch 009/1000 | λ=1.00e-04 | LR=1.00e-04 | Train [Total=0.28564 MSE=0.25513 Smooth=0.03051] | Val   [Total=0.37034 MSE=0.26767 Smooth=0.10267] *** BEST ***
Epoch 010/1000 | λ=1.00e-04 | LR=1.00e-04 | Train [Total=0.22452 MSE=0.20372 Smooth=0.02080] | Val   [Total=0.33150 MSE=0.24654 Smooth=0.08496] *** BEST ***
Epoch 011/1000 | λ=1.00e-04 | LR=1.00e-04 | Train [Total=0.22395 MSE=0.20669 Smooth=0.01726] | Val   [Total=0.30472 MSE=0.23015 Smooth=0.07457] *** BEST ***
Epoch 012/1000 | λ=1.00e-04 | LR=1.00e-04 | Train [Total=0.20698 MSE=0.18777 Smooth=0.01921] | Val   [Total=0.28278 MSE=0.21842 Smooth=0.06436] *** BEST ***
Epoch 013/1000 | λ=1.00e-04 | LR=1.00e-04 | Train [Total=0.16917 MSE=0.15462 Smooth=0.01456] | Val   [Total=0.26182 MSE=0.20539 Smooth=0.05643] *** BEST ***
Epoch 014/1000 | λ=1.00e-04 | LR=1.00e-04 | Train [Total=0.16623 MSE=0.15220 Smooth=0.01403] | Val   [Total=0.24776 MSE=0.19857 Smooth=0.04919] *** BEST ***
Epoch 015/1000 | λ=1.00e-04 | LR=9.99e-05 | Train [Total=0.17728 MSE=0.16679 Smooth=0.01049] | Val   [Total=0.23250 MSE=0.18940 Smooth=0.04311] *** BEST ***
Epoch 016/1000 | λ=1.00e-04 | LR=9.99e-05 | Train [Total=0.16156 MSE=0.15015 Smooth=0.01141] | Val   [Total=0.22103 MSE=0.18369 Smooth=0.03734] *** BEST ***
Epoch 017/1000 | λ=1.00e-04 | LR=9.99e-05 | Train [Total=0.14281 MSE=0.13202 Smooth=0.01079] | Val   [Total=0.20822 MSE=0.17595 Smooth=0.03227] *** BEST ***
Epoch 018/1000 | λ=1.00e-04 | LR=9.99e-05 | Train [Total=0.13983 MSE=0.13078 Smooth=0.00905] | Val   [Total=0.19802 MSE=0.16934 Smooth=0.02868] *** BEST ***
Epoch 019/1000 | λ=1.00e-04 | LR=9.99e-05 | Train [Total=0.12860 MSE=0.12054 Smooth=0.00806] | Val   [Total=0.19236 MSE=0.16672 Smooth=0.02565] *** BEST ***
Epoch 020/1000 | λ=1.00e-04 | LR=9.99e-05 | Train [Total=0.12692 MSE=0.11922 Smooth=0.00770] | Val   [Total=0.18481 MSE=0.16135 Smooth=0.02345] *** BEST ***
Epoch 021/1000 | λ=1.00e-04 | LR=9.99e-05 | Train [Total=0.14715 MSE=0.14084 Smooth=0.00631] | Val   [Total=0.18097 MSE=0.15967 Smooth=0.02130] *** BEST ***
Epoch 022/1000 | λ=1.00e-04 | LR=9.99e-05 | Train [Total=0.11303 MSE=0.10882 Smooth=0.00421] | Val   [Total=0.17313 MSE=0.15386 Smooth=0.01927] *** BEST ***
Epoch 023/1000 | λ=1.00e-04 | LR=9.99e-05 | Train [Total=0.13636 MSE=0.13130 Smooth=0.00506] | Val   [Total=0.16747 MSE=0.15063 Smooth=0.01683] *** BEST ***
Epoch 024/1000 | λ=1.00e-04 | LR=9.99e-05 | Train [Total=0.12924 MSE=0.12509 Smooth=0.00416] | Val   [Total=0.16540 MSE=0.14873 Smooth=0.01667] *** BEST ***
Epoch 025/1000 | λ=1.00e-04 | LR=9.98e-05 | Train [Total=0.09596 MSE=0.09215 Smooth=0.00381] | Val   [Total=0.16041 MSE=0.14551 Smooth=0.01490] *** BEST ***
Epoch 026/1000 | λ=1.00e-04 | LR=9.98e-05 | Train [Total=0.09139 MSE=0.08656 Smooth=0.00483] | Val   [Total=0.15660 MSE=0.14317 Smooth=0.01343] *** BEST ***
Epoch 027/1000 | λ=1.00e-04 | LR=9.98e-05 | Train [Total=0.10886 MSE=0.10465 Smooth=0.00421] | Val   [Total=0.15294 MSE=0.14040 Smooth=0.01254] *** BEST ***
Epoch 028/1000 | λ=1.00e-04 | LR=9.98e-05 | Train [Total=0.09578 MSE=0.09265 Smooth=0.00313] | Val   [Total=0.15116 MSE=0.13853 Smooth=0.01263] *** BEST ***
Epoch 029/1000 | λ=1.00e-04 | LR=9.98e-05 | Train [Total=0.08898 MSE=0.08598 Smooth=0.00301] | Val   [Total=0.14967 MSE=0.13782 Smooth=0.01186] *** BEST ***
Epoch 030/1000 | λ=1.00e-04 | LR=9.98e-05 | Train [Total=0.08822 MSE=0.08549 Smooth=0.00273] | Val   [Total=0.14791 MSE=0.13620 Smooth=0.01171] *** BEST ***
Epoch 031/1000 | λ=1.00e-04 | LR=9.98e-05 | Train [Total=0.11583 MSE=0.11293 Smooth=0.00290] | Val   [Total=0.14475 MSE=0.13329 Smooth=0.01146] *** BEST ***
Epoch 032/1000 | λ=1.00e-04 | LR=9.98e-05 | Train [Total=0.08792 MSE=0.08465 Smooth=0.00327] | Val   [Total=0.14549 MSE=0.13400 Smooth=0.01149]
Epoch 033/1000 | λ=1.00e-04 | LR=9.97e-05 | Train [Total=0.10079 MSE=0.09797 Smooth=0.00282] | Val   [Total=0.14067 MSE=0.13005 Smooth=0.01062] *** BEST ***
Epoch 034/1000 | λ=1.00e-04 | LR=9.97e-05 | Train [Total=0.08617 MSE=0.08312 Smooth=0.00305] | Val   [Total=0.13810 MSE=0.12826 Smooth=0.00984] *** BEST ***
Epoch 035/1000 | λ=1.00e-04 | LR=9.97e-05 | Train [Total=0.08593 MSE=0.08379 Smooth=0.00214] | Val   [Total=0.13829 MSE=0.12834 Smooth=0.00995]
Epoch 036/1000 | λ=1.00e-04 | LR=9.97e-05 | Train [Total=0.10100 MSE=0.09773 Smooth=0.00327] | Val   [Total=0.13458 MSE=0.12498 Smooth=0.00960] *** BEST ***
Epoch 037/1000 | λ=1.00e-04 | LR=9.97e-05 | Train [Total=0.10038 MSE=0.09844 Smooth=0.00194] | Val   [Total=0.13338 MSE=0.12332 Smooth=0.01006] *** BEST ***
Epoch 038/1000 | λ=1.00e-04 | LR=9.96e-05 | Train [Total=0.07245 MSE=0.07014 Smooth=0.00231] | Val   [Total=0.13298 MSE=0.12312 Smooth=0.00986] *** BEST ***
Epoch 039/1000 | λ=1.00e-04 | LR=9.96e-05 | Train [Total=0.09611 MSE=0.09343 Smooth=0.00268] | Val   [Total=0.13138 MSE=0.12172 Smooth=0.00966] *** BEST ***
Epoch 040/1000 | λ=1.00e-04 | LR=9.96e-05 | Train [Total=0.07483 MSE=0.07271 Smooth=0.00211] | Val   [Total=0.12870 MSE=0.11952 Smooth=0.00918] *** BEST ***
Epoch 041/1000 | λ=1.00e-04 | LR=9.96e-05 | Train [Total=0.07807 MSE=0.07605 Smooth=0.00202] | Val   [Total=0.12796 MSE=0.11886 Smooth=0.00910] *** BEST ***
Epoch 042/1000 | λ=1.00e-04 | LR=9.96e-05 | Train [Total=0.07920 MSE=0.07671 Smooth=0.00249] | Val   [Total=0.12613 MSE=0.11705 Smooth=0.00907] *** BEST ***
Epoch 043/1000 | λ=1.00e-04 | LR=9.95e-05 | Train [Total=0.08492 MSE=0.08293 Smooth=0.00199] | Val   [Total=0.12648 MSE=0.11658 Smooth=0.00989]
Epoch 044/1000 | λ=1.00e-04 | LR=9.95e-05 | Train [Total=0.07002 MSE=0.06818 Smooth=0.00184] | Val   [Total=0.12594 MSE=0.11588 Smooth=0.01006] *** BEST ***
Epoch 045/1000 | λ=1.00e-04 | LR=9.95e-05 | Train [Total=0.06863 MSE=0.06616 Smooth=0.00246] | Val   [Total=0.12411 MSE=0.11523 Smooth=0.00888] *** BEST ***
Epoch 046/1000 | λ=1.00e-04 | LR=9.95e-05 | Train [Total=0.08418 MSE=0.08157 Smooth=0.00261] | Val   [Total=0.12303 MSE=0.11390 Smooth=0.00912] *** BEST ***
Epoch 047/1000 | λ=1.00e-04 | LR=9.95e-05 | Train [Total=0.07363 MSE=0.07095 Smooth=0.00268] | Val   [Total=0.12307 MSE=0.11375 Smooth=0.00932]
Epoch 048/1000 | λ=1.00e-04 | LR=9.94e-05 | Train [Total=0.08453 MSE=0.08215 Smooth=0.00238] | Val   [Total=0.12045 MSE=0.11117 Smooth=0.00928] *** BEST ***
Epoch 049/1000 | λ=1.00e-04 | LR=9.94e-05 | Train [Total=0.07278 MSE=0.07039 Smooth=0.00239] | Val   [Total=0.12196 MSE=0.11299 Smooth=0.00896]
Epoch 050/1000 | λ=1.00e-04 | LR=9.94e-05 | Train [Total=0.08076 MSE=0.07879 Smooth=0.00197] | Val   [Total=0.11872 MSE=0.10939 Smooth=0.00934] *** BEST ***
Epoch 051/1000 | λ=1.00e-04 | LR=9.94e-05 | Train [Total=0.06831 MSE=0.06606 Smooth=0.00225] | Val   [Total=0.11939 MSE=0.11029 Smooth=0.00910]
Epoch 052/1000 | λ=1.00e-04 | LR=9.93e-05 | Train [Total=0.07586 MSE=0.07380 Smooth=0.00206] | Val   [Total=0.11926 MSE=0.10928 Smooth=0.00997]
Epoch 053/1000 | λ=1.00e-04 | LR=9.93e-05 | Train [Total=0.07294 MSE=0.07080 Smooth=0.00214] | Val   [Total=0.11887 MSE=0.10894 Smooth=0.00993]
Epoch 054/1000 | λ=1.00e-04 | LR=9.93e-05 | Train [Total=0.06582 MSE=0.06364 Smooth=0.00217] | Val   [Total=0.11670 MSE=0.10740 Smooth=0.00929] *** BEST ***
Epoch 055/1000 | λ=1.00e-04 | LR=9.93e-05 | Train [Total=0.07557 MSE=0.07331 Smooth=0.00226] | Val   [Total=0.11533 MSE=0.10626 Smooth=0.00906] *** BEST ***
Epoch 056/1000 | λ=1.00e-04 | LR=9.92e-05 | Train [Total=0.07322 MSE=0.07052 Smooth=0.00270] | Val   [Total=0.11517 MSE=0.10623 Smooth=0.00893] *** BEST ***
Epoch 057/1000 | λ=1.00e-04 | LR=9.92e-05 | Train [Total=0.08290 MSE=0.08072 Smooth=0.00218] | Val   [Total=0.11249 MSE=0.10371 Smooth=0.00878] *** BEST ***
Epoch 058/1000 | λ=1.00e-04 | LR=9.92e-05 | Train [Total=0.07867 MSE=0.07628 Smooth=0.00238] | Val   [Total=0.11144 MSE=0.10293 Smooth=0.00851] *** BEST ***
Epoch 059/1000 | λ=1.00e-04 | LR=9.92e-05 | Train [Total=0.06044 MSE=0.05833 Smooth=0.00211] | Val   [Total=0.11040 MSE=0.10261 Smooth=0.00780] *** BEST ***
Epoch 060/1000 | λ=1.00e-04 | LR=9.91e-05 | Train [Total=0.07112 MSE=0.06943 Smooth=0.00170] | Val   [Total=0.11042 MSE=0.10134 Smooth=0.00908]
Epoch 061/1000 | λ=1.00e-04 | LR=9.91e-05 | Train [Total=0.05876 MSE=0.05679 Smooth=0.00196] | Val   [Total=0.10992 MSE=0.10172 Smooth=0.00820] *** BEST ***
Epoch 062/1000 | λ=1.00e-04 | LR=9.91e-05 | Train [Total=0.06005 MSE=0.05767 Smooth=0.00238] | Val   [Total=0.10930 MSE=0.10092 Smooth=0.00839] *** BEST ***
Epoch 063/1000 | λ=1.00e-04 | LR=9.90e-05 | Train [Total=0.06716 MSE=0.06521 Smooth=0.00195] | Val   [Total=0.10757 MSE=0.09965 Smooth=0.00792] *** BEST ***
Epoch 064/1000 | λ=1.00e-04 | LR=9.90e-05 | Train [Total=0.06842 MSE=0.06660 Smooth=0.00182] | Val   [Total=0.10659 MSE=0.09832 Smooth=0.00827] *** BEST ***
Epoch 065/1000 | λ=1.00e-04 | LR=9.90e-05 | Train [Total=0.05320 MSE=0.05145 Smooth=0.00175] | Val   [Total=0.10547 MSE=0.09810 Smooth=0.00737] *** BEST ***
Epoch 066/1000 | λ=1.00e-04 | LR=9.89e-05 | Train [Total=0.06963 MSE=0.06784 Smooth=0.00179] | Val   [Total=0.10515 MSE=0.09756 Smooth=0.00759] *** BEST ***
Epoch 067/1000 | λ=1.00e-04 | LR=9.89e-05 | Train [Total=0.06452 MSE=0.06286 Smooth=0.00165] | Val   [Total=0.10835 MSE=0.10049 Smooth=0.00786]
Epoch 068/1000 | λ=1.00e-04 | LR=9.89e-05 | Train [Total=0.06370 MSE=0.06198 Smooth=0.00172] | Val   [Total=0.10666 MSE=0.09911 Smooth=0.00755]
Epoch 069/1000 | λ=1.00e-04 | LR=9.88e-05 | Train [Total=0.07263 MSE=0.07096 Smooth=0.00167] | Val   [Total=0.10299 MSE=0.09458 Smooth=0.00841] *** BEST ***
Epoch 070/1000 | λ=1.00e-04 | LR=9.88e-05 | Train [Total=0.06536 MSE=0.06339 Smooth=0.00197] | Val   [Total=0.10132 MSE=0.09395 Smooth=0.00737] *** BEST ***
Epoch 071/1000 | λ=1.00e-04 | LR=9.88e-05 | Train [Total=0.06551 MSE=0.06393 Smooth=0.00158] | Val   [Total=0.10108 MSE=0.09355 Smooth=0.00753] *** BEST ***
Epoch 072/1000 | λ=1.00e-04 | LR=9.87e-05 | Train [Total=0.06418 MSE=0.06189 Smooth=0.00229] | Val   [Total=0.09836 MSE=0.09196 Smooth=0.00640] *** BEST ***
Epoch 073/1000 | λ=1.00e-04 | LR=9.87e-05 | Train [Total=0.05474 MSE=0.05317 Smooth=0.00157] | Val   [Total=0.09852 MSE=0.09194 Smooth=0.00657]
Epoch 074/1000 | λ=1.00e-04 | LR=9.87e-05 | Train [Total=0.05402 MSE=0.05209 Smooth=0.00193] | Val   [Total=0.09719 MSE=0.09074 Smooth=0.00644] *** BEST ***
Epoch 075/1000 | λ=1.00e-04 | LR=9.86e-05 | Train [Total=0.04314 MSE=0.04153 Smooth=0.00161] | Val   [Total=0.09633 MSE=0.09036 Smooth=0.00596] *** BEST ***
Epoch 076/1000 | λ=1.00e-04 | LR=9.86e-05 | Train [Total=0.04616 MSE=0.04466 Smooth=0.00150] | Val   [Total=0.09598 MSE=0.08961 Smooth=0.00637] *** BEST ***
Epoch 077/1000 | λ=1.00e-04 | LR=9.86e-05 | Train [Total=0.06305 MSE=0.06172 Smooth=0.00133] | Val   [Total=0.10359 MSE=0.09746 Smooth=0.00613]
Epoch 078/1000 | λ=1.00e-04 | LR=9.85e-05 | Train [Total=0.05449 MSE=0.05277 Smooth=0.00172] | Val   [Total=0.09502 MSE=0.08869 Smooth=0.00634] *** BEST ***
Epoch 079/1000 | λ=1.00e-04 | LR=9.85e-05 | Train [Total=0.05272 MSE=0.05096 Smooth=0.00177] | Val   [Total=0.09377 MSE=0.08813 Smooth=0.00565] *** BEST ***
Epoch 080/1000 | λ=1.00e-04 | LR=9.84e-05 | Train [Total=0.06317 MSE=0.06179 Smooth=0.00138] | Val   [Total=0.09251 MSE=0.08655 Smooth=0.00596] *** BEST ***
Epoch 081/1000 | λ=1.00e-04 | LR=9.84e-05 | Train [Total=0.05597 MSE=0.05403 Smooth=0.00194] | Val   [Total=0.09169 MSE=0.08624 Smooth=0.00545] *** BEST ***
Epoch 082/1000 | λ=1.00e-04 | LR=9.84e-05 | Train [Total=0.05596 MSE=0.05451 Smooth=0.00145] | Val   [Total=0.09151 MSE=0.08598 Smooth=0.00553] *** BEST ***
Epoch 083/1000 | λ=1.00e-04 | LR=9.83e-05 | Train [Total=0.05103 MSE=0.04925 Smooth=0.00178] | Val   [Total=0.09121 MSE=0.08588 Smooth=0.00533] *** BEST ***
Epoch 084/1000 | λ=1.00e-04 | LR=9.83e-05 | Train [Total=0.06836 MSE=0.06694 Smooth=0.00142] | Val   [Total=0.08953 MSE=0.08421 Smooth=0.00532] *** BEST ***
Epoch 085/1000 | λ=1.00e-04 | LR=9.82e-05 | Train [Total=0.06437 MSE=0.06304 Smooth=0.00133] | Val   [Total=0.08784 MSE=0.08244 Smooth=0.00540] *** BEST ***
Epoch 086/1000 | λ=1.00e-04 | LR=9.82e-05 | Train [Total=0.05266 MSE=0.05177 Smooth=0.00089] | Val   [Total=0.08918 MSE=0.08406 Smooth=0.00512]
Epoch 087/1000 | λ=1.00e-04 | LR=9.82e-05 | Train [Total=0.06001 MSE=0.05879 Smooth=0.00123] | Val   [Total=0.08689 MSE=0.08183 Smooth=0.00506] *** BEST ***
Epoch 088/1000 | λ=1.00e-04 | LR=9.81e-05 | Train [Total=0.05181 MSE=0.05032 Smooth=0.00149] | Val   [Total=0.08775 MSE=0.08271 Smooth=0.00504]
Epoch 089/1000 | λ=1.00e-04 | LR=9.81e-05 | Train [Total=0.04567 MSE=0.04435 Smooth=0.00132] | Val   [Total=0.08607 MSE=0.08109 Smooth=0.00499] *** BEST ***
Epoch 090/1000 | λ=1.00e-04 | LR=9.80e-05 | Train [Total=0.04359 MSE=0.04206 Smooth=0.00152] | Val   [Total=0.08531 MSE=0.08064 Smooth=0.00467] *** BEST ***
Epoch 091/1000 | λ=1.00e-04 | LR=9.80e-05 | Train [Total=0.03703 MSE=0.03570 Smooth=0.00133] | Val   [Total=0.08522 MSE=0.08047 Smooth=0.00475] *** BEST ***
Epoch 092/1000 | λ=1.00e-04 | LR=9.79e-05 | Train [Total=0.05464 MSE=0.05326 Smooth=0.00138] | Val   [Total=0.08365 MSE=0.07901 Smooth=0.00464] *** BEST ***
Epoch 093/1000 | λ=1.00e-04 | LR=9.79e-05 | Train [Total=0.05330 MSE=0.05196 Smooth=0.00134] | Val   [Total=0.08255 MSE=0.07815 Smooth=0.00440] *** BEST ***
Epoch 094/1000 | λ=1.00e-04 | LR=9.79e-05 | Train [Total=0.05593 MSE=0.05448 Smooth=0.00145] | Val   [Total=0.08177 MSE=0.07724 Smooth=0.00453] *** BEST ***
Epoch 095/1000 | λ=1.00e-04 | LR=9.78e-05 | Train [Total=0.04663 MSE=0.04529 Smooth=0.00134] | Val   [Total=0.08136 MSE=0.07699 Smooth=0.00437] *** BEST ***
Epoch 096/1000 | λ=1.00e-04 | LR=9.78e-05 | Train [Total=0.04758 MSE=0.04648 Smooth=0.00110] | Val   [Total=0.08061 MSE=0.07631 Smooth=0.00430] *** BEST ***
Epoch 097/1000 | λ=1.00e-04 | LR=9.77e-05 | Train [Total=0.04969 MSE=0.04863 Smooth=0.00107] | Val   [Total=0.08016 MSE=0.07594 Smooth=0.00422] *** BEST ***
Epoch 098/1000 | λ=1.00e-04 | LR=9.77e-05 | Train [Total=0.06806 MSE=0.06683 Smooth=0.00123] | Val   [Total=0.07910 MSE=0.07481 Smooth=0.00428] *** BEST ***
Epoch 099/1000 | λ=1.00e-04 | LR=9.76e-05 | Train [Total=0.04942 MSE=0.04834 Smooth=0.00108] | Val   [Total=0.07783 MSE=0.07361 Smooth=0.00422] *** BEST ***
Epoch 100/1000 | λ=1.00e-04 | LR=9.76e-05 | Train [Total=0.05351 MSE=0.05237 Smooth=0.00115] | Val   [Total=0.07751 MSE=0.07327 Smooth=0.00424] *** BEST ***
Epoch 101/1000 | λ=1.00e-04 | LR=9.75e-05 | Train [Total=0.04268 MSE=0.04132 Smooth=0.00136] | Val   [Total=0.07705 MSE=0.07291 Smooth=0.00414] *** BEST ***
Epoch 102/1000 | λ=1.00e-04 | LR=9.75e-05 | Train [Total=0.04277 MSE=0.04181 Smooth=0.00096] | Val   [Total=0.07748 MSE=0.07331 Smooth=0.00417]
Epoch 103/1000 | λ=1.00e-04 | LR=9.74e-05 | Train [Total=0.04676 MSE=0.04561 Smooth=0.00115] | Val   [Total=0.07564 MSE=0.07153 Smooth=0.00411] *** BEST ***
Epoch 104/1000 | λ=1.00e-04 | LR=9.74e-05 | Train [Total=0.05008 MSE=0.04905 Smooth=0.00104] | Val   [Total=0.07446 MSE=0.07032 Smooth=0.00414] *** BEST ***
Epoch 105/1000 | λ=1.00e-04 | LR=9.73e-05 | Train [Total=0.05597 MSE=0.05497 Smooth=0.00100] | Val   [Total=0.07428 MSE=0.07014 Smooth=0.00414] *** BEST ***
Epoch 106/1000 | λ=1.00e-04 | LR=9.73e-05 | Train [Total=0.03962 MSE=0.03826 Smooth=0.00136] | Val   [Total=0.07252 MSE=0.06877 Smooth=0.00375] *** BEST ***
Epoch 107/1000 | λ=1.00e-04 | LR=9.72e-05 | Train [Total=0.03816 MSE=0.03738 Smooth=0.00078] | Val   [Total=0.07324 MSE=0.06917 Smooth=0.00408]
Epoch 108/1000 | λ=1.00e-04 | LR=9.72e-05 | Train [Total=0.04485 MSE=0.04389 Smooth=0.00096] | Val   [Total=0.07428 MSE=0.06986 Smooth=0.00443]
Epoch 109/1000 | λ=1.00e-04 | LR=9.71e-05 | Train [Total=0.04753 MSE=0.04662 Smooth=0.00091] | Val   [Total=0.07163 MSE=0.06771 Smooth=0.00392] *** BEST ***
Epoch 110/1000 | λ=1.00e-04 | LR=9.71e-05 | Train [Total=0.04203 MSE=0.04095 Smooth=0.00108] | Val   [Total=0.07028 MSE=0.06649 Smooth=0.00379] *** BEST ***
Epoch 111/1000 | λ=1.00e-04 | LR=9.70e-05 | Train [Total=0.04386 MSE=0.04298 Smooth=0.00088] | Val   [Total=0.06926 MSE=0.06570 Smooth=0.00356] *** BEST ***
Epoch 112/1000 | λ=1.00e-04 | LR=9.70e-05 | Train [Total=0.03774 MSE=0.03706 Smooth=0.00067] | Val   [Total=0.06909 MSE=0.06527 Smooth=0.00382] *** BEST ***
Epoch 113/1000 | λ=1.00e-04 | LR=9.69e-05 | Train [Total=0.04248 MSE=0.04143 Smooth=0.00105] | Val   [Total=0.06919 MSE=0.06523 Smooth=0.00395]
Epoch 114/1000 | λ=1.00e-04 | LR=9.69e-05 | Train [Total=0.04528 MSE=0.04430 Smooth=0.00099] | Val   [Total=0.06772 MSE=0.06422 Smooth=0.00350] *** BEST ***
Epoch 115/1000 | λ=1.00e-04 | LR=9.68e-05 | Train [Total=0.04445 MSE=0.04368 Smooth=0.00077] | Val   [Total=0.06875 MSE=0.06489 Smooth=0.00386]
Epoch 116/1000 | λ=1.00e-04 | LR=9.67e-05 | Train [Total=0.05586 MSE=0.05498 Smooth=0.00089] | Val   [Total=0.06667 MSE=0.06311 Smooth=0.00356] *** BEST ***
Epoch 117/1000 | λ=1.00e-04 | LR=9.67e-05 | Train [Total=0.05022 MSE=0.04950 Smooth=0.00072] | Val   [Total=0.06622 MSE=0.06252 Smooth=0.00371] *** BEST ***
Epoch 118/1000 | λ=1.00e-04 | LR=9.66e-05 | Train [Total=0.04766 MSE=0.04684 Smooth=0.00083] | Val   [Total=0.06495 MSE=0.06108 Smooth=0.00387] *** BEST ***
Epoch 119/1000 | λ=1.00e-04 | LR=9.66e-05 | Train [Total=0.05092 MSE=0.04987 Smooth=0.00105] | Val   [Total=0.06467 MSE=0.06106 Smooth=0.00361] *** BEST ***
Epoch 120/1000 | λ=1.00e-04 | LR=9.65e-05 | Train [Total=0.05346 MSE=0.05250 Smooth=0.00097] | Val   [Total=0.06249 MSE=0.05896 Smooth=0.00353] *** BEST ***
Epoch 121/1000 | λ=1.00e-04 | LR=9.65e-05 | Train [Total=0.04865 MSE=0.04771 Smooth=0.00094] | Val   [Total=0.06331 MSE=0.05979 Smooth=0.00351]
Epoch 122/1000 | λ=1.00e-04 | LR=9.64e-05 | Train [Total=0.04558 MSE=0.04475 Smooth=0.00083] | Val   [Total=0.06055 MSE=0.05712 Smooth=0.00343] *** BEST ***
Epoch 123/1000 | λ=1.00e-04 | LR=9.64e-05 | Train [Total=0.04171 MSE=0.04076 Smooth=0.00094] | Val   [Total=0.05954 MSE=0.05608 Smooth=0.00346] *** BEST ***
Epoch 124/1000 | λ=1.00e-04 | LR=9.63e-05 | Train [Total=0.04076 MSE=0.03977 Smooth=0.00098] | Val   [Total=0.05924 MSE=0.05598 Smooth=0.00326] *** BEST ***
Epoch 125/1000 | λ=1.00e-04 | LR=9.62e-05 | Train [Total=0.03745 MSE=0.03674 Smooth=0.00071] | Val   [Total=0.06321 MSE=0.06000 Smooth=0.00321]
Epoch 126/1000 | λ=1.00e-04 | LR=9.62e-05 | Train [Total=0.03171 MSE=0.03091 Smooth=0.00080] | Val   [Total=0.05892 MSE=0.05566 Smooth=0.00325] *** BEST ***
Epoch 127/1000 | λ=1.00e-04 | LR=9.61e-05 | Train [Total=0.03612 MSE=0.03534 Smooth=0.00079] | Val   [Total=0.05788 MSE=0.05470 Smooth=0.00317] *** BEST ***
Epoch 128/1000 | λ=1.00e-04 | LR=9.61e-05 | Train [Total=0.03886 MSE=0.03810 Smooth=0.00076] | Val   [Total=0.05769 MSE=0.05376 Smooth=0.00393] *** BEST ***
Epoch 129/1000 | λ=1.00e-04 | LR=9.60e-05 | Train [Total=0.04524 MSE=0.04443 Smooth=0.00081] | Val   [Total=0.05781 MSE=0.05463 Smooth=0.00318]
Epoch 130/1000 | λ=1.00e-04 | LR=9.59e-05 | Train [Total=0.05197 MSE=0.05128 Smooth=0.00069] | Val   [Total=0.05652 MSE=0.05318 Smooth=0.00335] *** BEST ***
Epoch 131/1000 | λ=1.00e-04 | LR=9.59e-05 | Train [Total=0.04548 MSE=0.04477 Smooth=0.00071] | Val   [Total=0.05605 MSE=0.05253 Smooth=0.00352] *** BEST ***
Epoch 132/1000 | λ=1.00e-04 | LR=9.58e-05 | Train [Total=0.04284 MSE=0.04215 Smooth=0.00068] | Val   [Total=0.05422 MSE=0.05102 Smooth=0.00320] *** BEST ***
Epoch 133/1000 | λ=1.00e-04 | LR=9.57e-05 | Train [Total=0.03641 MSE=0.03557 Smooth=0.00084] | Val   [Total=0.05406 MSE=0.05088 Smooth=0.00318] *** BEST ***
Epoch 134/1000 | λ=1.00e-04 | LR=9.57e-05 | Train [Total=0.02419 MSE=0.02328 Smooth=0.00091] | Val   [Total=0.05425 MSE=0.05119 Smooth=0.00306]
Epoch 135/1000 | λ=1.00e-04 | LR=9.56e-05 | Train [Total=0.04607 MSE=0.04531 Smooth=0.00076] | Val   [Total=0.05389 MSE=0.05063 Smooth=0.00326] *** BEST ***
Epoch 136/1000 | λ=1.00e-04 | LR=9.56e-05 | Train [Total=0.04659 MSE=0.04590 Smooth=0.00068] | Val   [Total=0.05150 MSE=0.04843 Smooth=0.00307] *** BEST ***
Epoch 137/1000 | λ=1.00e-04 | LR=9.55e-05 | Train [Total=0.03937 MSE=0.03869 Smooth=0.00068] | Val   [Total=0.05110 MSE=0.04792 Smooth=0.00318] *** BEST ***
Epoch 138/1000 | λ=1.00e-04 | LR=9.54e-05 | Train [Total=0.04706 MSE=0.04614 Smooth=0.00092] | Val   [Total=0.04994 MSE=0.04691 Smooth=0.00303] *** BEST ***
Epoch 139/1000 | λ=1.00e-04 | LR=9.54e-05 | Train [Total=0.03098 MSE=0.03016 Smooth=0.00081] | Val   [Total=0.05153 MSE=0.04838 Smooth=0.00315]
Epoch 140/1000 | λ=1.00e-04 | LR=9.53e-05 | Train [Total=0.03179 MSE=0.03096 Smooth=0.00083] | Val   [Total=0.05026 MSE=0.04716 Smooth=0.00310]
Epoch 141/1000 | λ=1.00e-04 | LR=9.52e-05 | Train [Total=0.04436 MSE=0.04371 Smooth=0.00065] | Val   [Total=0.05019 MSE=0.04698 Smooth=0.00321]
Epoch 142/1000 | λ=1.00e-04 | LR=9.52e-05 | Train [Total=0.04796 MSE=0.04718 Smooth=0.00079] | Val   [Total=0.04989 MSE=0.04677 Smooth=0.00311] *** BEST ***
Epoch 143/1000 | λ=1.00e-04 | LR=9.51e-05 | Train [Total=0.04188 MSE=0.04119 Smooth=0.00069] | Val   [Total=0.04980 MSE=0.04657 Smooth=0.00323] *** BEST ***
Epoch 144/1000 | λ=1.00e-04 | LR=9.50e-05 | Train [Total=0.04579 MSE=0.04492 Smooth=0.00087] | Val   [Total=0.04778 MSE=0.04497 Smooth=0.00281] *** BEST ***
Epoch 145/1000 | λ=1.00e-04 | LR=9.50e-05 | Train [Total=0.03932 MSE=0.03831 Smooth=0.00101] | Val   [Total=0.04811 MSE=0.04527 Smooth=0.00284]
Epoch 146/1000 | λ=1.00e-04 | LR=9.49e-05 | Train [Total=0.03758 MSE=0.03683 Smooth=0.00075] | Val   [Total=0.04620 MSE=0.04346 Smooth=0.00274] *** BEST ***
Epoch 147/1000 | λ=1.00e-04 | LR=9.48e-05 | Train [Total=0.03077 MSE=0.03003 Smooth=0.00074] | Val   [Total=0.04780 MSE=0.04454 Smooth=0.00326]
Epoch 148/1000 | λ=1.00e-04 | LR=9.47e-05 | Train [Total=0.04352 MSE=0.04281 Smooth=0.00071] | Val   [Total=0.04768 MSE=0.04490 Smooth=0.00278]
Epoch 149/1000 | λ=1.00e-04 | LR=9.47e-05 | Train [Total=0.03992 MSE=0.03915 Smooth=0.00077] | Val   [Total=0.04573 MSE=0.04291 Smooth=0.00282] *** BEST ***
Epoch 150/1000 | λ=1.00e-04 | LR=9.46e-05 | Train [Total=0.03345 MSE=0.03275 Smooth=0.00071] | Val   [Total=0.04512 MSE=0.04217 Smooth=0.00295] *** BEST ***
Epoch 151/1000 | λ=1.00e-04 | LR=9.45e-05 | Train [Total=0.02972 MSE=0.02913 Smooth=0.00059] | Val   [Total=0.04593 MSE=0.04332 Smooth=0.00261]
Epoch 152/1000 | λ=1.00e-04 | LR=9.45e-05 | Train [Total=0.03226 MSE=0.03165 Smooth=0.00061] | Val   [Total=0.04603 MSE=0.04328 Smooth=0.00275]
Epoch 153/1000 | λ=1.00e-04 | LR=9.44e-05 | Train [Total=0.03763 MSE=0.03684 Smooth=0.00079] | Val   [Total=0.04415 MSE=0.04141 Smooth=0.00275] *** BEST ***
Epoch 154/1000 | λ=1.00e-04 | LR=9.43e-05 | Train [Total=0.03297 MSE=0.03235 Smooth=0.00062] | Val   [Total=0.04361 MSE=0.04098 Smooth=0.00264] *** BEST ***
Epoch 155/1000 | λ=1.00e-04 | LR=9.42e-05 | Train [Total=0.03645 MSE=0.03570 Smooth=0.00076] | Val   [Total=0.04358 MSE=0.04103 Smooth=0.00256] *** BEST ***
Epoch 156/1000 | λ=1.00e-04 | LR=9.42e-05 | Train [Total=0.03900 MSE=0.03833 Smooth=0.00067] | Val   [Total=0.04263 MSE=0.04006 Smooth=0.00257] *** BEST ***
Epoch 157/1000 | λ=1.00e-04 | LR=9.41e-05 | Train [Total=0.03669 MSE=0.03601 Smooth=0.00069] | Val   [Total=0.04434 MSE=0.04143 Smooth=0.00291]
Epoch 158/1000 | λ=1.00e-04 | LR=9.40e-05 | Train [Total=0.03527 MSE=0.03456 Smooth=0.00071] | Val   [Total=0.04272 MSE=0.04014 Smooth=0.00258]
Epoch 159/1000 | λ=1.00e-04 | LR=9.40e-05 | Train [Total=0.03922 MSE=0.03853 Smooth=0.00069] | Val   [Total=0.04393 MSE=0.04126 Smooth=0.00267]
Epoch 160/1000 | λ=1.00e-04 | LR=9.39e-05 | Train [Total=0.02931 MSE=0.02867 Smooth=0.00064] | Val   [Total=0.04095 MSE=0.03820 Smooth=0.00275] *** BEST ***
Epoch 161/1000 | λ=1.00e-04 | LR=9.38e-05 | Train [Total=0.03246 MSE=0.03185 Smooth=0.00061] | Val   [Total=0.04079 MSE=0.03822 Smooth=0.00257] *** BEST ***
Epoch 162/1000 | λ=1.00e-04 | LR=9.37e-05 | Train [Total=0.02645 MSE=0.02547 Smooth=0.00097] | Val   [Total=0.04020 MSE=0.03778 Smooth=0.00241] *** BEST ***
Epoch 163/1000 | λ=1.00e-04 | LR=9.37e-05 | Train [Total=0.03205 MSE=0.03155 Smooth=0.00050] | Val   [Total=0.04098 MSE=0.03836 Smooth=0.00262]
Epoch 164/1000 | λ=1.00e-04 | LR=9.36e-05 | Train [Total=0.03886 MSE=0.03834 Smooth=0.00052] | Val   [Total=0.04101 MSE=0.03824 Smooth=0.00277]
Epoch 165/1000 | λ=1.00e-04 | LR=9.35e-05 | Train [Total=0.03635 MSE=0.03570 Smooth=0.00065] | Val   [Total=0.04137 MSE=0.03887 Smooth=0.00250]
Epoch 166/1000 | λ=1.00e-04 | LR=9.34e-05 | Train [Total=0.04508 MSE=0.04450 Smooth=0.00058] | Val   [Total=0.03815 MSE=0.03562 Smooth=0.00253] *** BEST ***
Epoch 167/1000 | λ=1.00e-04 | LR=9.33e-05 | Train [Total=0.02653 MSE=0.02581 Smooth=0.00072] | Val   [Total=0.03971 MSE=0.03734 Smooth=0.00237]
Epoch 168/1000 | λ=1.00e-04 | LR=9.33e-05 | Train [Total=0.03240 MSE=0.03181 Smooth=0.00059] | Val   [Total=0.03933 MSE=0.03682 Smooth=0.00251]
Epoch 169/1000 | λ=1.00e-04 | LR=9.32e-05 | Train [Total=0.03806 MSE=0.03743 Smooth=0.00062] | Val   [Total=0.03842 MSE=0.03600 Smooth=0.00242]
Epoch 170/1000 | λ=1.00e-04 | LR=9.31e-05 | Train [Total=0.03336 MSE=0.03270 Smooth=0.00066] | Val   [Total=0.03770 MSE=0.03532 Smooth=0.00239] *** BEST ***
Epoch 171/1000 | λ=1.00e-04 | LR=9.30e-05 | Train [Total=0.02568 MSE=0.02509 Smooth=0.00058] | Val   [Total=0.03755 MSE=0.03509 Smooth=0.00245] *** BEST ***
Epoch 172/1000 | λ=1.00e-04 | LR=9.29e-05 | Train [Total=0.02918 MSE=0.02856 Smooth=0.00062] | Val   [Total=0.03655 MSE=0.03413 Smooth=0.00242] *** BEST ***
Epoch 173/1000 | λ=1.00e-04 | LR=9.29e-05 | Train [Total=0.03041 MSE=0.02985 Smooth=0.00055] | Val   [Total=0.03683 MSE=0.03434 Smooth=0.00250]
Epoch 174/1000 | λ=1.00e-04 | LR=9.28e-05 | Train [Total=0.03584 MSE=0.03526 Smooth=0.00058] | Val   [Total=0.03596 MSE=0.03361 Smooth=0.00234] *** BEST ***
Epoch 175/1000 | λ=1.00e-04 | LR=9.27e-05 | Train [Total=0.03384 MSE=0.03313 Smooth=0.00071] | Val   [Total=0.03918 MSE=0.03667 Smooth=0.00250]
Epoch 176/1000 | λ=1.00e-04 | LR=9.26e-05 | Train [Total=0.02390 MSE=0.02330 Smooth=0.00060] | Val   [Total=0.03469 MSE=0.03238 Smooth=0.00231] *** BEST ***
Epoch 177/1000 | λ=1.00e-04 | LR=9.25e-05 | Train [Total=0.03165 MSE=0.03104 Smooth=0.00061] | Val   [Total=0.03681 MSE=0.03424 Smooth=0.00257]
Epoch 178/1000 | λ=1.00e-04 | LR=9.25e-05 | Train [Total=0.03059 MSE=0.02991 Smooth=0.00069] | Val   [Total=0.03502 MSE=0.03272 Smooth=0.00230]
Epoch 179/1000 | λ=1.00e-04 | LR=9.24e-05 | Train [Total=0.03601 MSE=0.03558 Smooth=0.00043] | Val   [Total=0.03562 MSE=0.03319 Smooth=0.00243]
Epoch 180/1000 | λ=1.00e-04 | LR=9.23e-05 | Train [Total=0.03891 MSE=0.03811 Smooth=0.00080] | Val   [Total=0.03377 MSE=0.03153 Smooth=0.00224] *** BEST ***
Epoch 181/1000 | λ=1.00e-04 | LR=9.22e-05 | Train [Total=0.03514 MSE=0.03441 Smooth=0.00073] | Val   [Total=0.03374 MSE=0.03138 Smooth=0.00236] *** BEST ***
Epoch 182/1000 | λ=1.00e-04 | LR=9.21e-05 | Train [Total=0.03141 MSE=0.03065 Smooth=0.00075] | Val   [Total=0.03345 MSE=0.03129 Smooth=0.00216] *** BEST ***
Epoch 183/1000 | λ=1.00e-04 | LR=9.20e-05 | Train [Total=0.03248 MSE=0.03192 Smooth=0.00056] | Val   [Total=0.03409 MSE=0.03174 Smooth=0.00235]
Epoch 184/1000 | λ=1.00e-04 | LR=9.20e-05 | Train [Total=0.03964 MSE=0.03913 Smooth=0.00051] | Val   [Total=0.03337 MSE=0.03112 Smooth=0.00226] *** BEST ***
Epoch 185/1000 | λ=1.00e-04 | LR=9.19e-05 | Train [Total=0.02519 MSE=0.02458 Smooth=0.00061] | Val   [Total=0.03193 MSE=0.02967 Smooth=0.00226] *** BEST ***
Epoch 186/1000 | λ=1.00e-04 | LR=9.18e-05 | Train [Total=0.04348 MSE=0.04297 Smooth=0.00051] | Val   [Total=0.03174 MSE=0.02955 Smooth=0.00219] *** BEST ***
Epoch 187/1000 | λ=1.00e-04 | LR=9.17e-05 | Train [Total=0.02750 MSE=0.02685 Smooth=0.00065] | Val   [Total=0.03248 MSE=0.03026 Smooth=0.00222]
Epoch 188/1000 | λ=1.00e-04 | LR=9.16e-05 | Train [Total=0.02677 MSE=0.02618 Smooth=0.00059] | Val   [Total=0.03195 MSE=0.02981 Smooth=0.00215]
Epoch 189/1000 | λ=1.00e-04 | LR=9.15e-05 | Train [Total=0.03247 MSE=0.03181 Smooth=0.00066] | Val   [Total=0.03101 MSE=0.02886 Smooth=0.00214] *** BEST ***
Epoch 190/1000 | λ=1.00e-04 | LR=9.14e-05 | Train [Total=0.03670 MSE=0.03607 Smooth=0.00063] | Val   [Total=0.03079 MSE=0.02846 Smooth=0.00233] *** BEST ***
Epoch 191/1000 | λ=1.00e-04 | LR=9.14e-05 | Train [Total=0.02250 MSE=0.02202 Smooth=0.00048] | Val   [Total=0.03096 MSE=0.02879 Smooth=0.00217]
Epoch 192/1000 | λ=1.00e-04 | LR=9.13e-05 | Train [Total=0.02104 MSE=0.02035 Smooth=0.00068] | Val   [Total=0.02985 MSE=0.02772 Smooth=0.00212] *** BEST ***
Epoch 193/1000 | λ=1.00e-04 | LR=9.12e-05 | Train [Total=0.03039 MSE=0.02973 Smooth=0.00066] | Val   [Total=0.03020 MSE=0.02803 Smooth=0.00217]
Epoch 194/1000 | λ=1.00e-04 | LR=9.11e-05 | Train [Total=0.03483 MSE=0.03423 Smooth=0.00060] | Val   [Total=0.03029 MSE=0.02801 Smooth=0.00228]
Epoch 195/1000 | λ=1.00e-04 | LR=9.10e-05 | Train [Total=0.03223 MSE=0.03179 Smooth=0.00044] | Val   [Total=0.02911 MSE=0.02691 Smooth=0.00219] *** BEST ***
Epoch 196/1000 | λ=1.00e-04 | LR=9.09e-05 | Train [Total=0.03002 MSE=0.02963 Smooth=0.00040] | Val   [Total=0.02893 MSE=0.02680 Smooth=0.00213] *** BEST ***
Epoch 197/1000 | λ=1.00e-04 | LR=9.08e-05 | Train [Total=0.03012 MSE=0.02961 Smooth=0.00051] | Val   [Total=0.02914 MSE=0.02699 Smooth=0.00215]
Epoch 198/1000 | λ=1.00e-04 | LR=9.07e-05 | Train [Total=0.02367 MSE=0.02317 Smooth=0.00050] | Val   [Total=0.02940 MSE=0.02725 Smooth=0.00215]
Epoch 199/1000 | λ=1.00e-04 | LR=9.06e-05 | Train [Total=0.01893 MSE=0.01838 Smooth=0.00056] | Val   [Total=0.02942 MSE=0.02735 Smooth=0.00207]
Epoch 200/1000 | λ=1.00e-04 | LR=9.05e-05 | Train [Total=0.02492 MSE=0.02436 Smooth=0.00055] | Val   [Total=0.02741 MSE=0.02530 Smooth=0.00211] *** BEST ***
Epoch 201/1000 | λ=9.99e-05 | LR=9.05e-05 | Train [Total=0.02477 MSE=0.02413 Smooth=0.00064] | Val   [Total=0.02745 MSE=0.02539 Smooth=0.00206]
Epoch 202/1000 | λ=9.98e-05 | LR=9.04e-05 | Train [Total=0.01961 MSE=0.01896 Smooth=0.00065] | Val   [Total=0.02721 MSE=0.02518 Smooth=0.00203] *** BEST ***
Epoch 203/1000 | λ=9.96e-05 | LR=9.03e-05 | Train [Total=0.02248 MSE=0.02195 Smooth=0.00053] | Val   [Total=0.02665 MSE=0.02459 Smooth=0.00206] *** BEST ***
Epoch 204/1000 | λ=9.95e-05 | LR=9.02e-05 | Train [Total=0.02811 MSE=0.02770 Smooth=0.00041] | Val   [Total=0.02844 MSE=0.02638 Smooth=0.00206]
Epoch 205/1000 | λ=9.94e-05 | LR=9.01e-05 | Train [Total=0.02225 MSE=0.02182 Smooth=0.00043] | Val   [Total=0.02676 MSE=0.02470 Smooth=0.00206]
Epoch 206/1000 | λ=9.93e-05 | LR=9.00e-05 | Train [Total=0.02718 MSE=0.02655 Smooth=0.00062] | Val   [Total=0.02880 MSE=0.02666 Smooth=0.00214]
Epoch 207/1000 | λ=9.91e-05 | LR=8.99e-05 | Train [Total=0.02585 MSE=0.02540 Smooth=0.00045] | Val   [Total=0.02966 MSE=0.02744 Smooth=0.00222]
Epoch 208/1000 | λ=9.90e-05 | LR=8.98e-05 | Train [Total=0.02727 MSE=0.02673 Smooth=0.00054] | Val   [Total=0.02627 MSE=0.02418 Smooth=0.00209] *** BEST ***
Epoch 209/1000 | λ=9.89e-05 | LR=8.97e-05 | Train [Total=0.01603 MSE=0.01555 Smooth=0.00048] | Val   [Total=0.02599 MSE=0.02398 Smooth=0.00201] *** BEST ***
Epoch 210/1000 | λ=9.88e-05 | LR=8.96e-05 | Train [Total=0.02505 MSE=0.02453 Smooth=0.00052] | Val   [Total=0.03007 MSE=0.02803 Smooth=0.00204]
Epoch 211/1000 | λ=9.86e-05 | LR=8.95e-05 | Train [Total=0.02325 MSE=0.02262 Smooth=0.00062] | Val   [Total=0.02730 MSE=0.02528 Smooth=0.00202]
Epoch 212/1000 | λ=9.85e-05 | LR=8.94e-05 | Train [Total=0.03310 MSE=0.03259 Smooth=0.00051] | Val   [Total=0.02619 MSE=0.02415 Smooth=0.00204]
Epoch 213/1000 | λ=9.84e-05 | LR=8.93e-05 | Train [Total=0.02573 MSE=0.02527 Smooth=0.00046] | Val   [Total=0.02567 MSE=0.02362 Smooth=0.00205] *** BEST ***
Epoch 214/1000 | λ=9.83e-05 | LR=8.92e-05 | Train [Total=0.02822 MSE=0.02777 Smooth=0.00045] | Val   [Total=0.02629 MSE=0.02422 Smooth=0.00207]
Epoch 215/1000 | λ=9.81e-05 | LR=8.91e-05 | Train [Total=0.02638 MSE=0.02587 Smooth=0.00050] | Val   [Total=0.02765 MSE=0.02570 Smooth=0.00195]
Epoch 216/1000 | λ=9.80e-05 | LR=8.90e-05 | Train [Total=0.01891 MSE=0.01842 Smooth=0.00049] | Val   [Total=0.02580 MSE=0.02388 Smooth=0.00192]
Epoch 217/1000 | λ=9.79e-05 | LR=8.89e-05 | Train [Total=0.02254 MSE=0.02212 Smooth=0.00043] | Val   [Total=0.02515 MSE=0.02320 Smooth=0.00195] *** BEST ***
Epoch 218/1000 | λ=9.78e-05 | LR=8.88e-05 | Train [Total=0.02192 MSE=0.02145 Smooth=0.00047] | Val   [Total=0.02705 MSE=0.02507 Smooth=0.00197]
Epoch 219/1000 | λ=9.76e-05 | LR=8.87e-05 | Train [Total=0.02768 MSE=0.02714 Smooth=0.00054] | Val   [Total=0.02379 MSE=0.02184 Smooth=0.00195] *** BEST ***
Epoch 220/1000 | λ=9.75e-05 | LR=8.86e-05 | Train [Total=0.02712 MSE=0.02662 Smooth=0.00050] | Val   [Total=0.02644 MSE=0.02437 Smooth=0.00206]
Epoch 221/1000 | λ=9.74e-05 | LR=8.85e-05 | Train [Total=0.03020 MSE=0.02960 Smooth=0.00060] | Val   [Total=0.02294 MSE=0.02098 Smooth=0.00196] *** BEST ***
Epoch 222/1000 | λ=9.73e-05 | LR=8.84e-05 | Train [Total=0.03167 MSE=0.03114 Smooth=0.00054] | Val   [Total=0.02255 MSE=0.02062 Smooth=0.00192] *** BEST ***
Epoch 223/1000 | λ=9.72e-05 | LR=8.83e-05 | Train [Total=0.02278 MSE=0.02232 Smooth=0.00046] | Val   [Total=0.02384 MSE=0.02175 Smooth=0.00209]
Epoch 224/1000 | λ=9.70e-05 | LR=8.82e-05 | Train [Total=0.01783 MSE=0.01731 Smooth=0.00052] | Val   [Total=0.02300 MSE=0.02114 Smooth=0.00187]
Epoch 225/1000 | λ=9.69e-05 | LR=8.81e-05 | Train [Total=0.03075 MSE=0.03027 Smooth=0.00048] | Val   [Total=0.02344 MSE=0.02157 Smooth=0.00187]
Epoch 226/1000 | λ=9.68e-05 | LR=8.80e-05 | Train [Total=0.02663 MSE=0.02622 Smooth=0.00041] | Val   [Total=0.02234 MSE=0.02049 Smooth=0.00186] *** BEST ***
Epoch 227/1000 | λ=9.67e-05 | LR=8.79e-05 | Train [Total=0.02217 MSE=0.02164 Smooth=0.00052] | Val   [Total=0.02235 MSE=0.02043 Smooth=0.00191]
Epoch 228/1000 | λ=9.65e-05 | LR=8.78e-05 | Train [Total=0.03022 MSE=0.02975 Smooth=0.00046] | Val   [Total=0.02175 MSE=0.01993 Smooth=0.00182] *** BEST ***
Epoch 229/1000 | λ=9.64e-05 | LR=8.77e-05 | Train [Total=0.02968 MSE=0.02910 Smooth=0.00057] | Val   [Total=0.02081 MSE=0.01892 Smooth=0.00189] *** BEST ***
Epoch 230/1000 | λ=9.63e-05 | LR=8.76e-05 | Train [Total=0.02558 MSE=0.02517 Smooth=0.00041] | Val   [Total=0.02112 MSE=0.01931 Smooth=0.00181]
Epoch 231/1000 | λ=9.62e-05 | LR=8.75e-05 | Train [Total=0.02607 MSE=0.02544 Smooth=0.00063] | Val   [Total=0.02122 MSE=0.01937 Smooth=0.00185]
Epoch 232/1000 | λ=9.60e-05 | LR=8.74e-05 | Train [Total=0.02677 MSE=0.02627 Smooth=0.00051] | Val   [Total=0.02251 MSE=0.02067 Smooth=0.00183]
Epoch 233/1000 | λ=9.59e-05 | LR=8.73e-05 | Train [Total=0.02246 MSE=0.02194 Smooth=0.00053] | Val   [Total=0.02161 MSE=0.01976 Smooth=0.00185]
Epoch 234/1000 | λ=9.58e-05 | LR=8.72e-05 | Train [Total=0.02591 MSE=0.02545 Smooth=0.00047] | Val   [Total=0.02122 MSE=0.01937 Smooth=0.00185]
Epoch 235/1000 | λ=9.57e-05 | LR=8.71e-05 | Train [Total=0.02182 MSE=0.02134 Smooth=0.00048] | Val   [Total=0.02074 MSE=0.01898 Smooth=0.00176] *** BEST ***
Epoch 236/1000 | λ=9.55e-05 | LR=8.70e-05 | Train [Total=0.02191 MSE=0.02152 Smooth=0.00039] | Val   [Total=0.02158 MSE=0.01979 Smooth=0.00179]
Epoch 237/1000 | λ=9.54e-05 | LR=8.69e-05 | Train [Total=0.03165 MSE=0.03112 Smooth=0.00053] | Val   [Total=0.02166 MSE=0.01972 Smooth=0.00194]
Epoch 238/1000 | λ=9.53e-05 | LR=8.68e-05 | Train [Total=0.02692 MSE=0.02645 Smooth=0.00047] | Val   [Total=0.02249 MSE=0.02068 Smooth=0.00181]
Epoch 239/1000 | λ=9.52e-05 | LR=8.67e-05 | Train [Total=0.02400 MSE=0.02346 Smooth=0.00053] | Val   [Total=0.02067 MSE=0.01890 Smooth=0.00176] *** BEST ***
Epoch 240/1000 | λ=9.51e-05 | LR=8.66e-05 | Train [Total=0.03155 MSE=0.03101 Smooth=0.00054] | Val   [Total=0.02199 MSE=0.02007 Smooth=0.00192]
Epoch 241/1000 | λ=9.49e-05 | LR=8.65e-05 | Train [Total=0.02165 MSE=0.02104 Smooth=0.00061] | Val   [Total=0.01963 MSE=0.01790 Smooth=0.00173] *** BEST ***
Epoch 242/1000 | λ=9.48e-05 | LR=8.64e-05 | Train [Total=0.02395 MSE=0.02340 Smooth=0.00055] | Val   [Total=0.01927 MSE=0.01747 Smooth=0.00180] *** BEST ***
Epoch 243/1000 | λ=9.47e-05 | LR=8.63e-05 | Train [Total=0.02980 MSE=0.02937 Smooth=0.00043] | Val   [Total=0.01935 MSE=0.01756 Smooth=0.00180]
Epoch 244/1000 | λ=9.46e-05 | LR=8.62e-05 | Train [Total=0.02249 MSE=0.02210 Smooth=0.00038] | Val   [Total=0.02241 MSE=0.02017 Smooth=0.00224]
Epoch 245/1000 | λ=9.44e-05 | LR=8.60e-05 | Train [Total=0.03659 MSE=0.03614 Smooth=0.00046] | Val   [Total=0.01825 MSE=0.01653 Smooth=0.00172] *** BEST ***
Epoch 246/1000 | λ=9.43e-05 | LR=8.59e-05 | Train [Total=0.02058 MSE=0.02020 Smooth=0.00038] | Val   [Total=0.01752 MSE=0.01582 Smooth=0.00171] *** BEST ***
Epoch 247/1000 | λ=9.42e-05 | LR=8.58e-05 | Train [Total=0.03410 MSE=0.03364 Smooth=0.00046] | Val   [Total=0.01721 MSE=0.01546 Smooth=0.00176] *** BEST ***
Epoch 248/1000 | λ=9.41e-05 | LR=8.57e-05 | Train [Total=0.01523 MSE=0.01475 Smooth=0.00047] | Val   [Total=0.01928 MSE=0.01752 Smooth=0.00176]
Epoch 249/1000 | λ=9.39e-05 | LR=8.56e-05 | Train [Total=0.02001 MSE=0.01959 Smooth=0.00042] | Val   [Total=0.01749 MSE=0.01560 Smooth=0.00189]
Epoch 250/1000 | λ=9.38e-05 | LR=8.55e-05 | Train [Total=0.02405 MSE=0.02363 Smooth=0.00042] | Val   [Total=0.01891 MSE=0.01715 Smooth=0.00176]
Epoch 251/1000 | λ=9.37e-05 | LR=8.54e-05 | Train [Total=0.02275 MSE=0.02221 Smooth=0.00054] | Val   [Total=0.01868 MSE=0.01691 Smooth=0.00177]
Epoch 252/1000 | λ=9.36e-05 | LR=8.53e-05 | Train [Total=0.01965 MSE=0.01910 Smooth=0.00055] | Val   [Total=0.01821 MSE=0.01654 Smooth=0.00167]
Epoch 253/1000 | λ=9.34e-05 | LR=8.52e-05 | Train [Total=0.02744 MSE=0.02700 Smooth=0.00044] | Val   [Total=0.01795 MSE=0.01629 Smooth=0.00165]
Epoch 254/1000 | λ=9.33e-05 | LR=8.51e-05 | Train [Total=0.02390 MSE=0.02341 Smooth=0.00049] | Val   [Total=0.01657 MSE=0.01491 Smooth=0.00166] *** BEST ***
Epoch 255/1000 | λ=9.32e-05 | LR=8.49e-05 | Train [Total=0.02963 MSE=0.02928 Smooth=0.00035] | Val   [Total=0.01679 MSE=0.01514 Smooth=0.00164]
Epoch 256/1000 | λ=9.31e-05 | LR=8.48e-05 | Train [Total=0.03087 MSE=0.03044 Smooth=0.00043] | Val   [Total=0.01575 MSE=0.01406 Smooth=0.00170] *** BEST ***
Epoch 257/1000 | λ=9.29e-05 | LR=8.47e-05 | Train [Total=0.01740 MSE=0.01699 Smooth=0.00041] | Val   [Total=0.01699 MSE=0.01537 Smooth=0.00163]
Epoch 258/1000 | λ=9.28e-05 | LR=8.46e-05 | Train [Total=0.01797 MSE=0.01750 Smooth=0.00047] | Val   [Total=0.01581 MSE=0.01419 Smooth=0.00162]
Epoch 259/1000 | λ=9.27e-05 | LR=8.45e-05 | Train [Total=0.02104 MSE=0.02073 Smooth=0.00031] | Val   [Total=0.01869 MSE=0.01705 Smooth=0.00165]
Epoch 260/1000 | λ=9.26e-05 | LR=8.44e-05 | Train [Total=0.01756 MSE=0.01697 Smooth=0.00060] | Val   [Total=0.01783 MSE=0.01620 Smooth=0.00163]
Epoch 261/1000 | λ=9.25e-05 | LR=8.43e-05 | Train [Total=0.02084 MSE=0.02039 Smooth=0.00044] | Val   [Total=0.01805 MSE=0.01646 Smooth=0.00160]
Epoch 262/1000 | λ=9.23e-05 | LR=8.42e-05 | Train [Total=0.01642 MSE=0.01606 Smooth=0.00036] | Val   [Total=0.01847 MSE=0.01678 Smooth=0.00168]
Epoch 263/1000 | λ=9.22e-05 | LR=8.40e-05 | Train [Total=0.01747 MSE=0.01711 Smooth=0.00037] | Val   [Total=0.01654 MSE=0.01494 Smooth=0.00160]
Epoch 264/1000 | λ=9.21e-05 | LR=8.39e-05 | Train [Total=0.01994 MSE=0.01945 Smooth=0.00050] | Val   [Total=0.01562 MSE=0.01406 Smooth=0.00156] *** BEST ***
Epoch 265/1000 | λ=9.20e-05 | LR=8.38e-05 | Train [Total=0.01504 MSE=0.01471 Smooth=0.00033] | Val   [Total=0.01584 MSE=0.01422 Smooth=0.00162]
Epoch 266/1000 | λ=9.18e-05 | LR=8.37e-05 | Train [Total=0.02191 MSE=0.02158 Smooth=0.00033] | Val   [Total=0.01550 MSE=0.01390 Smooth=0.00160] *** BEST ***
Epoch 267/1000 | λ=9.17e-05 | LR=8.36e-05 | Train [Total=0.02204 MSE=0.02169 Smooth=0.00036] | Val   [Total=0.01489 MSE=0.01332 Smooth=0.00157] *** BEST ***
Epoch 268/1000 | λ=9.16e-05 | LR=8.35e-05 | Train [Total=0.02868 MSE=0.02834 Smooth=0.00034] | Val   [Total=0.01392 MSE=0.01237 Smooth=0.00155] *** BEST ***
Epoch 269/1000 | λ=9.15e-05 | LR=8.34e-05 | Train [Total=0.02039 MSE=0.01996 Smooth=0.00042] | Val   [Total=0.01618 MSE=0.01456 Smooth=0.00162]
Epoch 270/1000 | λ=9.13e-05 | LR=8.32e-05 | Train [Total=0.02014 MSE=0.01977 Smooth=0.00037] | Val   [Total=0.01579 MSE=0.01423 Smooth=0.00156]
Epoch 271/1000 | λ=9.12e-05 | LR=8.31e-05 | Train [Total=0.02746 MSE=0.02701 Smooth=0.00045] | Val   [Total=0.01482 MSE=0.01329 Smooth=0.00153]
Epoch 272/1000 | λ=9.11e-05 | LR=8.30e-05 | Train [Total=0.02204 MSE=0.02159 Smooth=0.00044] | Val   [Total=0.01721 MSE=0.01563 Smooth=0.00158]
Epoch 273/1000 | λ=9.10e-05 | LR=8.29e-05 | Train [Total=0.02564 MSE=0.02515 Smooth=0.00049] | Val   [Total=0.01478 MSE=0.01326 Smooth=0.00152]
Epoch 274/1000 | λ=9.08e-05 | LR=8.28e-05 | Train [Total=0.02311 MSE=0.02271 Smooth=0.00039] | Val   [Total=0.01532 MSE=0.01381 Smooth=0.00151]
Epoch 275/1000 | λ=9.07e-05 | LR=8.26e-05 | Train [Total=0.01609 MSE=0.01571 Smooth=0.00038] | Val   [Total=0.01534 MSE=0.01382 Smooth=0.00152]
Epoch 276/1000 | λ=9.06e-05 | LR=8.25e-05 | Train [Total=0.01891 MSE=0.01854 Smooth=0.00036] | Val   [Total=0.01398 MSE=0.01250 Smooth=0.00148]
Epoch 277/1000 | λ=9.05e-05 | LR=8.24e-05 | Train [Total=0.02780 MSE=0.02744 Smooth=0.00035] | Val   [Total=0.01623 MSE=0.01468 Smooth=0.00154]
Epoch 278/1000 | λ=9.03e-05 | LR=8.23e-05 | Train [Total=0.01761 MSE=0.01723 Smooth=0.00038] | Val   [Total=0.01544 MSE=0.01391 Smooth=0.00153]
Epoch 279/1000 | λ=9.02e-05 | LR=8.22e-05 | Train [Total=0.01810 MSE=0.01771 Smooth=0.00040] | Val   [Total=0.01776 MSE=0.01620 Smooth=0.00156]
Epoch 280/1000 | λ=9.01e-05 | LR=8.21e-05 | Train [Total=0.01680 MSE=0.01648 Smooth=0.00032] | Val   [Total=0.01993 MSE=0.01842 Smooth=0.00151]
Epoch 281/1000 | λ=9.00e-05 | LR=8.19e-05 | Train [Total=0.01650 MSE=0.01593 Smooth=0.00057] | Val   [Total=0.01387 MSE=0.01239 Smooth=0.00148] *** BEST ***
Epoch 282/1000 | λ=8.99e-05 | LR=8.18e-05 | Train [Total=0.01970 MSE=0.01935 Smooth=0.00035] | Val   [Total=0.01492 MSE=0.01339 Smooth=0.00154]
Epoch 283/1000 | λ=8.97e-05 | LR=8.17e-05 | Train [Total=0.02609 MSE=0.02571 Smooth=0.00038] | Val   [Total=0.01585 MSE=0.01437 Smooth=0.00148]
Epoch 284/1000 | λ=8.96e-05 | LR=8.16e-05 | Train [Total=0.02503 MSE=0.02460 Smooth=0.00043] | Val   [Total=0.01329 MSE=0.01176 Smooth=0.00153] *** BEST ***
Epoch 285/1000 | λ=8.95e-05 | LR=8.14e-05 | Train [Total=0.02526 MSE=0.02486 Smooth=0.00040] | Val   [Total=0.01372 MSE=0.01223 Smooth=0.00149]
Epoch 286/1000 | λ=8.94e-05 | LR=8.13e-05 | Train [Total=0.02305 MSE=0.02277 Smooth=0.00027] | Val   [Total=0.01332 MSE=0.01186 Smooth=0.00146]
Epoch 287/1000 | λ=8.92e-05 | LR=8.12e-05 | Train [Total=0.02414 MSE=0.02377 Smooth=0.00038] | Val   [Total=0.01511 MSE=0.01360 Smooth=0.00151]
Epoch 288/1000 | λ=8.91e-05 | LR=8.11e-05 | Train [Total=0.01488 MSE=0.01444 Smooth=0.00044] | Val   [Total=0.01327 MSE=0.01180 Smooth=0.00147] *** BEST ***
Epoch 289/1000 | λ=8.90e-05 | LR=8.10e-05 | Train [Total=0.01767 MSE=0.01723 Smooth=0.00044] | Val   [Total=0.01660 MSE=0.01512 Smooth=0.00149]
Epoch 290/1000 | λ=8.89e-05 | LR=8.08e-05 | Train [Total=0.01648 MSE=0.01609 Smooth=0.00039] | Val   [Total=0.01452 MSE=0.01299 Smooth=0.00153]
Epoch 291/1000 | λ=8.87e-05 | LR=8.07e-05 | Train [Total=0.01686 MSE=0.01654 Smooth=0.00032] | Val   [Total=0.01305 MSE=0.01153 Smooth=0.00152] *** BEST ***
Epoch 292/1000 | λ=8.86e-05 | LR=8.06e-05 | Train [Total=0.01680 MSE=0.01646 Smooth=0.00035] | Val   [Total=0.01285 MSE=0.01146 Smooth=0.00139] *** BEST ***
Epoch 293/1000 | λ=8.85e-05 | LR=8.05e-05 | Train [Total=0.01751 MSE=0.01712 Smooth=0.00039] | Val   [Total=0.01253 MSE=0.01108 Smooth=0.00144] *** BEST ***
Epoch 294/1000 | λ=8.84e-05 | LR=8.03e-05 | Train [Total=0.02034 MSE=0.02002 Smooth=0.00032] | Val   [Total=0.01248 MSE=0.01105 Smooth=0.00143] *** BEST ***
Epoch 295/1000 | λ=8.82e-05 | LR=8.02e-05 | Train [Total=0.01771 MSE=0.01735 Smooth=0.00036] | Val   [Total=0.01273 MSE=0.01134 Smooth=0.00139]
Epoch 296/1000 | λ=8.81e-05 | LR=8.01e-05 | Train [Total=0.01763 MSE=0.01731 Smooth=0.00032] | Val   [Total=0.01296 MSE=0.01149 Smooth=0.00147]
Epoch 297/1000 | λ=8.80e-05 | LR=8.00e-05 | Train [Total=0.02018 MSE=0.01985 Smooth=0.00033] | Val   [Total=0.01527 MSE=0.01383 Smooth=0.00144]
Epoch 298/1000 | λ=8.79e-05 | LR=7.98e-05 | Train [Total=0.02525 MSE=0.02479 Smooth=0.00045] | Val   [Total=0.01644 MSE=0.01498 Smooth=0.00146]
Epoch 299/1000 | λ=8.77e-05 | LR=7.97e-05 | Train [Total=0.02285 MSE=0.02251 Smooth=0.00034] | Val   [Total=0.01231 MSE=0.01091 Smooth=0.00139] *** BEST ***
Epoch 300/1000 | λ=8.76e-05 | LR=7.96e-05 | Train [Total=0.02576 MSE=0.02537 Smooth=0.00039] | Val   [Total=0.01172 MSE=0.01030 Smooth=0.00142] *** BEST ***
Epoch 301/1000 | λ=8.75e-05 | LR=7.95e-05 | Train [Total=0.01891 MSE=0.01854 Smooth=0.00037] | Val   [Total=0.01143 MSE=0.01000 Smooth=0.00143] *** BEST ***
Epoch 302/1000 | λ=8.74e-05 | LR=7.93e-05 | Train [Total=0.01383 MSE=0.01338 Smooth=0.00045] | Val   [Total=0.01219 MSE=0.01084 Smooth=0.00135]
Epoch 303/1000 | λ=8.73e-05 | LR=7.92e-05 | Train [Total=0.01972 MSE=0.01943 Smooth=0.00028] | Val   [Total=0.01240 MSE=0.01102 Smooth=0.00138]
Epoch 304/1000 | λ=8.71e-05 | LR=7.91e-05 | Train [Total=0.01962 MSE=0.01933 Smooth=0.00029] | Val   [Total=0.01368 MSE=0.01230 Smooth=0.00137]
Epoch 305/1000 | λ=8.70e-05 | LR=7.90e-05 | Train [Total=0.01703 MSE=0.01665 Smooth=0.00039] | Val   [Total=0.01119 MSE=0.00983 Smooth=0.00137] *** BEST ***
Epoch 306/1000 | λ=8.69e-05 | LR=7.88e-05 | Train [Total=0.01310 MSE=0.01280 Smooth=0.00030] | Val   [Total=0.01086 MSE=0.00955 Smooth=0.00132] *** BEST ***
Epoch 307/1000 | λ=8.68e-05 | LR=7.87e-05 | Train [Total=0.01865 MSE=0.01832 Smooth=0.00034] | Val   [Total=0.01132 MSE=0.00993 Smooth=0.00139]
Epoch 308/1000 | λ=8.66e-05 | LR=7.86e-05 | Train [Total=0.02226 MSE=0.02192 Smooth=0.00034] | Val   [Total=0.01265 MSE=0.01133 Smooth=0.00132]
Epoch 309/1000 | λ=8.65e-05 | LR=7.85e-05 | Train [Total=0.01933 MSE=0.01894 Smooth=0.00038] | Val   [Total=0.01141 MSE=0.01004 Smooth=0.00137]
Epoch 310/1000 | λ=8.64e-05 | LR=7.83e-05 | Train [Total=0.02212 MSE=0.02182 Smooth=0.00030] | Val   [Total=0.01320 MSE=0.01188 Smooth=0.00132]
Epoch 311/1000 | λ=8.63e-05 | LR=7.82e-05 | Train [Total=0.02362 MSE=0.02322 Smooth=0.00039] | Val   [Total=0.01089 MSE=0.00958 Smooth=0.00131]
Epoch 312/1000 | λ=8.61e-05 | LR=7.81e-05 | Train [Total=0.01653 MSE=0.01613 Smooth=0.00040] | Val   [Total=0.01068 MSE=0.00936 Smooth=0.00132] *** BEST ***
Epoch 313/1000 | λ=8.60e-05 | LR=7.79e-05 | Train [Total=0.02084 MSE=0.02057 Smooth=0.00026] | Val   [Total=0.01088 MSE=0.00952 Smooth=0.00136]
Epoch 314/1000 | λ=8.59e-05 | LR=7.78e-05 | Train [Total=0.01996 MSE=0.01956 Smooth=0.00040] | Val   [Total=0.01148 MSE=0.01016 Smooth=0.00133]
Epoch 315/1000 | λ=8.58e-05 | LR=7.77e-05 | Train [Total=0.02599 MSE=0.02563 Smooth=0.00036] | Val   [Total=0.01144 MSE=0.01005 Smooth=0.00139]
Epoch 316/1000 | λ=8.56e-05 | LR=7.75e-05 | Train [Total=0.01987 MSE=0.01940 Smooth=0.00046] | Val   [Total=0.01025 MSE=0.00893 Smooth=0.00132] *** BEST ***
Epoch 317/1000 | λ=8.55e-05 | LR=7.74e-05 | Train [Total=0.02186 MSE=0.02148 Smooth=0.00038] | Val   [Total=0.01097 MSE=0.00962 Smooth=0.00135]
Epoch 318/1000 | λ=8.54e-05 | LR=7.73e-05 | Train [Total=0.02492 MSE=0.02456 Smooth=0.00036] | Val   [Total=0.00965 MSE=0.00830 Smooth=0.00135] *** BEST ***
Epoch 319/1000 | λ=8.53e-05 | LR=7.72e-05 | Train [Total=0.02564 MSE=0.02527 Smooth=0.00037] | Val   [Total=0.01070 MSE=0.00938 Smooth=0.00131]
Epoch 320/1000 | λ=8.52e-05 | LR=7.70e-05 | Train [Total=0.01602 MSE=0.01565 Smooth=0.00037] | Val   [Total=0.01103 MSE=0.00972 Smooth=0.00131]
Epoch 321/1000 | λ=8.50e-05 | LR=7.69e-05 | Train [Total=0.01894 MSE=0.01856 Smooth=0.00039] | Val   [Total=0.00959 MSE=0.00828 Smooth=0.00131] *** BEST ***
Epoch 322/1000 | λ=8.49e-05 | LR=7.68e-05 | Train [Total=0.02305 MSE=0.02273 Smooth=0.00032] | Val   [Total=0.01012 MSE=0.00884 Smooth=0.00128]
Epoch 323/1000 | λ=8.48e-05 | LR=7.66e-05 | Train [Total=0.02094 MSE=0.02057 Smooth=0.00037] | Val   [Total=0.00887 MSE=0.00759 Smooth=0.00128] *** BEST ***
Epoch 324/1000 | λ=8.47e-05 | LR=7.65e-05 | Train [Total=0.01492 MSE=0.01457 Smooth=0.00035] | Val   [Total=0.01026 MSE=0.00898 Smooth=0.00128]
Epoch 325/1000 | λ=8.45e-05 | LR=7.64e-05 | Train [Total=0.02032 MSE=0.01999 Smooth=0.00032] | Val   [Total=0.00932 MSE=0.00805 Smooth=0.00127]
Epoch 326/1000 | λ=8.44e-05 | LR=7.62e-05 | Train [Total=0.01537 MSE=0.01505 Smooth=0.00032] | Val   [Total=0.00999 MSE=0.00871 Smooth=0.00128]
Epoch 327/1000 | λ=8.43e-05 | LR=7.61e-05 | Train [Total=0.02197 MSE=0.02166 Smooth=0.00031] | Val   [Total=0.00987 MSE=0.00849 Smooth=0.00138]
Epoch 328/1000 | λ=8.42e-05 | LR=7.60e-05 | Train [Total=0.01812 MSE=0.01768 Smooth=0.00044] | Val   [Total=0.01164 MSE=0.01014 Smooth=0.00150]
Epoch 329/1000 | λ=8.40e-05 | LR=7.58e-05 | Train [Total=0.01386 MSE=0.01357 Smooth=0.00028] | Val   [Total=0.01014 MSE=0.00887 Smooth=0.00127]
Epoch 330/1000 | λ=8.39e-05 | LR=7.57e-05 | Train [Total=0.01720 MSE=0.01687 Smooth=0.00032] | Val   [Total=0.01016 MSE=0.00889 Smooth=0.00127]
Epoch 331/1000 | λ=8.38e-05 | LR=7.56e-05 | Train [Total=0.02251 MSE=0.02223 Smooth=0.00029] | Val   [Total=0.00933 MSE=0.00803 Smooth=0.00130]
Epoch 332/1000 | λ=8.37e-05 | LR=7.54e-05 | Train [Total=0.01950 MSE=0.01927 Smooth=0.00023] | Val   [Total=0.01251 MSE=0.01124 Smooth=0.00127]
Epoch 333/1000 | λ=8.35e-05 | LR=7.53e-05 | Train [Total=0.01734 MSE=0.01703 Smooth=0.00031] | Val   [Total=0.00959 MSE=0.00834 Smooth=0.00125]
Epoch 334/1000 | λ=8.34e-05 | LR=7.52e-05 | Train [Total=0.01336 MSE=0.01308 Smooth=0.00028] | Val   [Total=0.01011 MSE=0.00888 Smooth=0.00123]
Epoch 335/1000 | λ=8.33e-05 | LR=7.50e-05 | Train [Total=0.02582 MSE=0.02548 Smooth=0.00034] | Val   [Total=0.01382 MSE=0.01257 Smooth=0.00125]
Epoch 336/1000 | λ=8.32e-05 | LR=7.49e-05 | Train [Total=0.01781 MSE=0.01751 Smooth=0.00030] | Val   [Total=0.00897 MSE=0.00774 Smooth=0.00123]
Epoch 337/1000 | λ=8.30e-05 | LR=7.48e-05 | Train [Total=0.01648 MSE=0.01611 Smooth=0.00037] | Val   [Total=0.01046 MSE=0.00925 Smooth=0.00121]
Epoch 338/1000 | λ=8.29e-05 | LR=7.46e-05 | Train [Total=0.01320 MSE=0.01287 Smooth=0.00033] | Val   [Total=0.00972 MSE=0.00849 Smooth=0.00123]
Epoch 339/1000 | λ=8.28e-05 | LR=7.45e-05 | Train [Total=0.01032 MSE=0.01001 Smooth=0.00031] | Val   [Total=0.01086 MSE=0.00953 Smooth=0.00133]
Epoch 340/1000 | λ=8.27e-05 | LR=7.43e-05 | Train [Total=0.02392 MSE=0.02355 Smooth=0.00037] | Val   [Total=0.00974 MSE=0.00846 Smooth=0.00128]
Epoch 341/1000 | λ=8.26e-05 | LR=7.42e-05 | Train [Total=0.01627 MSE=0.01599 Smooth=0.00029] | Val   [Total=0.00981 MSE=0.00856 Smooth=0.00125]
Epoch 342/1000 | λ=8.24e-05 | LR=7.41e-05 | Train [Total=0.01585 MSE=0.01552 Smooth=0.00033] | Val   [Total=0.00951 MSE=0.00828 Smooth=0.00123]
Epoch 343/1000 | λ=8.23e-05 | LR=7.39e-05 | Train [Total=0.01393 MSE=0.01360 Smooth=0.00033] | Val   [Total=0.00926 MSE=0.00807 Smooth=0.00119]
Epoch 344/1000 | λ=8.22e-05 | LR=7.38e-05 | Train [Total=0.02655 MSE=0.02626 Smooth=0.00028] | Val   [Total=0.01006 MSE=0.00882 Smooth=0.00124]
Epoch 345/1000 | λ=8.21e-05 | LR=7.37e-05 | Train [Total=0.02039 MSE=0.02009 Smooth=0.00030] | Val   [Total=0.00878 MSE=0.00752 Smooth=0.00126] *** BEST ***
Epoch 346/1000 | λ=8.19e-05 | LR=7.35e-05 | Train [Total=0.01501 MSE=0.01465 Smooth=0.00036] | Val   [Total=0.00900 MSE=0.00780 Smooth=0.00120]
Epoch 347/1000 | λ=8.18e-05 | LR=7.34e-05 | Train [Total=0.02105 MSE=0.02072 Smooth=0.00033] | Val   [Total=0.00964 MSE=0.00845 Smooth=0.00119]
Epoch 348/1000 | λ=8.17e-05 | LR=7.32e-05 | Train [Total=0.01933 MSE=0.01907 Smooth=0.00025] | Val   [Total=0.00828 MSE=0.00700 Smooth=0.00129] *** BEST ***
Epoch 349/1000 | λ=8.16e-05 | LR=7.31e-05 | Train [Total=0.01787 MSE=0.01756 Smooth=0.00031] | Val   [Total=0.00861 MSE=0.00744 Smooth=0.00117]
Epoch 350/1000 | λ=8.14e-05 | LR=7.30e-05 | Train [Total=0.01538 MSE=0.01503 Smooth=0.00034] | Val   [Total=0.00991 MSE=0.00875 Smooth=0.00116]
Epoch 351/1000 | λ=8.13e-05 | LR=7.28e-05 | Train [Total=0.02549 MSE=0.02523 Smooth=0.00026] | Val   [Total=0.00808 MSE=0.00693 Smooth=0.00116] *** BEST ***
Epoch 352/1000 | λ=8.12e-05 | LR=7.27e-05 | Train [Total=0.01470 MSE=0.01446 Smooth=0.00023] | Val   [Total=0.00872 MSE=0.00755 Smooth=0.00117]
Epoch 353/1000 | λ=8.11e-05 | LR=7.26e-05 | Train [Total=0.02002 MSE=0.01974 Smooth=0.00029] | Val   [Total=0.00831 MSE=0.00712 Smooth=0.00119]
Epoch 354/1000 | λ=8.09e-05 | LR=7.24e-05 | Train [Total=0.02205 MSE=0.02169 Smooth=0.00036] | Val   [Total=0.00872 MSE=0.00756 Smooth=0.00116]
Epoch 355/1000 | λ=8.08e-05 | LR=7.23e-05 | Train [Total=0.01984 MSE=0.01956 Smooth=0.00027] | Val   [Total=0.00781 MSE=0.00667 Smooth=0.00114] *** BEST ***
Epoch 356/1000 | λ=8.07e-05 | LR=7.21e-05 | Train [Total=0.01481 MSE=0.01443 Smooth=0.00038] | Val   [Total=0.00915 MSE=0.00798 Smooth=0.00116]
Epoch 357/1000 | λ=8.06e-05 | LR=7.20e-05 | Train [Total=0.01398 MSE=0.01372 Smooth=0.00026] | Val   [Total=0.00931 MSE=0.00816 Smooth=0.00115]
Epoch 358/1000 | λ=8.04e-05 | LR=7.19e-05 | Train [Total=0.01571 MSE=0.01543 Smooth=0.00028] | Val   [Total=0.00815 MSE=0.00703 Smooth=0.00113]
Epoch 359/1000 | λ=8.03e-05 | LR=7.17e-05 | Train [Total=0.01506 MSE=0.01473 Smooth=0.00032] | Val   [Total=0.00873 MSE=0.00752 Smooth=0.00121]
Epoch 360/1000 | λ=8.02e-05 | LR=7.16e-05 | Train [Total=0.02068 MSE=0.02041 Smooth=0.00027] | Val   [Total=0.00843 MSE=0.00724 Smooth=0.00119]
Epoch 361/1000 | λ=8.01e-05 | LR=7.14e-05 | Train [Total=0.02131 MSE=0.02107 Smooth=0.00024] | Val   [Total=0.00881 MSE=0.00767 Smooth=0.00114]
Epoch 362/1000 | λ=8.00e-05 | LR=7.13e-05 | Train [Total=0.01655 MSE=0.01628 Smooth=0.00026] | Val   [Total=0.01057 MSE=0.00937 Smooth=0.00120]
Epoch 363/1000 | λ=7.98e-05 | LR=7.12e-05 | Train [Total=0.02307 MSE=0.02278 Smooth=0.00029] | Val   [Total=0.00832 MSE=0.00720 Smooth=0.00112]
Epoch 364/1000 | λ=7.97e-05 | LR=7.10e-05 | Train [Total=0.01185 MSE=0.01152 Smooth=0.00033] | Val   [Total=0.00737 MSE=0.00625 Smooth=0.00112] *** BEST ***
Epoch 365/1000 | λ=7.96e-05 | LR=7.09e-05 | Train [Total=0.01394 MSE=0.01366 Smooth=0.00029] | Val   [Total=0.00747 MSE=0.00635 Smooth=0.00112]
Epoch 366/1000 | λ=7.95e-05 | LR=7.07e-05 | Train [Total=0.02129 MSE=0.02102 Smooth=0.00027] | Val   [Total=0.00764 MSE=0.00653 Smooth=0.00111]
Epoch 367/1000 | λ=7.93e-05 | LR=7.06e-05 | Train [Total=0.01180 MSE=0.01150 Smooth=0.00030] | Val   [Total=0.00864 MSE=0.00755 Smooth=0.00109]
Epoch 368/1000 | λ=7.92e-05 | LR=7.04e-05 | Train [Total=0.01291 MSE=0.01255 Smooth=0.00036] | Val   [Total=0.00786 MSE=0.00678 Smooth=0.00108]
Epoch 369/1000 | λ=7.91e-05 | LR=7.03e-05 | Train [Total=0.01319 MSE=0.01296 Smooth=0.00024] | Val   [Total=0.00758 MSE=0.00648 Smooth=0.00110]
Epoch 370/1000 | λ=7.90e-05 | LR=7.02e-05 | Train [Total=0.01990 MSE=0.01963 Smooth=0.00026] | Val   [Total=0.01050 MSE=0.00942 Smooth=0.00108]
Epoch 371/1000 | λ=7.88e-05 | LR=7.00e-05 | Train [Total=0.02219 MSE=0.02192 Smooth=0.00027] | Val   [Total=0.00863 MSE=0.00754 Smooth=0.00109]
Epoch 372/1000 | λ=7.87e-05 | LR=6.99e-05 | Train [Total=0.01771 MSE=0.01743 Smooth=0.00028] | Val   [Total=0.00852 MSE=0.00742 Smooth=0.00109]
Epoch 373/1000 | λ=7.86e-05 | LR=6.97e-05 | Train [Total=0.01341 MSE=0.01314 Smooth=0.00027] | Val   [Total=0.00770 MSE=0.00661 Smooth=0.00109]
Epoch 374/1000 | λ=7.85e-05 | LR=6.96e-05 | Train [Total=0.01173 MSE=0.01151 Smooth=0.00022] | Val   [Total=0.00721 MSE=0.00613 Smooth=0.00108] *** BEST ***
Epoch 375/1000 | λ=7.83e-05 | LR=6.94e-05 | Train [Total=0.01565 MSE=0.01544 Smooth=0.00021] | Val   [Total=0.00716 MSE=0.00609 Smooth=0.00107] *** BEST ***
Epoch 376/1000 | λ=7.82e-05 | LR=6.93e-05 | Train [Total=0.01368 MSE=0.01344 Smooth=0.00024] | Val   [Total=0.00756 MSE=0.00647 Smooth=0.00109]
Epoch 377/1000 | λ=7.81e-05 | LR=6.92e-05 | Train [Total=0.01425 MSE=0.01401 Smooth=0.00025] | Val   [Total=0.00809 MSE=0.00700 Smooth=0.00109]
Epoch 378/1000 | λ=7.80e-05 | LR=6.90e-05 | Train [Total=0.01755 MSE=0.01728 Smooth=0.00027] | Val   [Total=0.00701 MSE=0.00597 Smooth=0.00104] *** BEST ***
Epoch 379/1000 | λ=7.78e-05 | LR=6.89e-05 | Train [Total=0.01594 MSE=0.01568 Smooth=0.00026] | Val   [Total=0.00761 MSE=0.00655 Smooth=0.00106]
Epoch 380/1000 | λ=7.77e-05 | LR=6.87e-05 | Train [Total=0.01711 MSE=0.01681 Smooth=0.00030] | Val   [Total=0.01114 MSE=0.01007 Smooth=0.00107]
Epoch 381/1000 | λ=7.76e-05 | LR=6.86e-05 | Train [Total=0.01724 MSE=0.01695 Smooth=0.00029] | Val   [Total=0.00760 MSE=0.00652 Smooth=0.00108]
Epoch 382/1000 | λ=7.75e-05 | LR=6.84e-05 | Train [Total=0.01499 MSE=0.01471 Smooth=0.00029] | Val   [Total=0.00713 MSE=0.00606 Smooth=0.00106]
Epoch 383/1000 | λ=7.74e-05 | LR=6.83e-05 | Train [Total=0.01717 MSE=0.01692 Smooth=0.00025] | Val   [Total=0.00709 MSE=0.00603 Smooth=0.00107]
Epoch 384/1000 | λ=7.72e-05 | LR=6.81e-05 | Train [Total=0.01738 MSE=0.01715 Smooth=0.00023] | Val   [Total=0.00787 MSE=0.00683 Smooth=0.00104]
Epoch 385/1000 | λ=7.71e-05 | LR=6.80e-05 | Train [Total=0.01322 MSE=0.01301 Smooth=0.00022] | Val   [Total=0.00747 MSE=0.00645 Smooth=0.00103]
Epoch 386/1000 | λ=7.70e-05 | LR=6.79e-05 | Train [Total=0.01205 MSE=0.01182 Smooth=0.00022] | Val   [Total=0.00811 MSE=0.00708 Smooth=0.00103]
Epoch 387/1000 | λ=7.69e-05 | LR=6.77e-05 | Train [Total=0.01476 MSE=0.01452 Smooth=0.00024] | Val   [Total=0.00805 MSE=0.00700 Smooth=0.00104]
Epoch 388/1000 | λ=7.67e-05 | LR=6.76e-05 | Train [Total=0.02134 MSE=0.02110 Smooth=0.00024] | Val   [Total=0.00705 MSE=0.00602 Smooth=0.00103]
Epoch 389/1000 | λ=7.66e-05 | LR=6.74e-05 | Train [Total=0.01355 MSE=0.01326 Smooth=0.00029] | Val   [Total=0.00838 MSE=0.00736 Smooth=0.00103]
Epoch 390/1000 | λ=7.65e-05 | LR=6.73e-05 | Train [Total=0.01716 MSE=0.01687 Smooth=0.00029] | Val   [Total=0.00669 MSE=0.00568 Smooth=0.00101] *** BEST ***
Epoch 391/1000 | λ=7.64e-05 | LR=6.71e-05 | Train [Total=0.01187 MSE=0.01163 Smooth=0.00025] | Val   [Total=0.00900 MSE=0.00799 Smooth=0.00101]
Epoch 392/1000 | λ=7.62e-05 | LR=6.70e-05 | Train [Total=0.01277 MSE=0.01255 Smooth=0.00022] | Val   [Total=0.00799 MSE=0.00698 Smooth=0.00101]
Epoch 393/1000 | λ=7.61e-05 | LR=6.68e-05 | Train [Total=0.01368 MSE=0.01338 Smooth=0.00030] | Val   [Total=0.00773 MSE=0.00669 Smooth=0.00103]
Epoch 394/1000 | λ=7.60e-05 | LR=6.67e-05 | Train [Total=0.01746 MSE=0.01716 Smooth=0.00031] | Val   [Total=0.00711 MSE=0.00610 Smooth=0.00101]
Epoch 395/1000 | λ=7.59e-05 | LR=6.65e-05 | Train [Total=0.02158 MSE=0.02130 Smooth=0.00028] | Val   [Total=0.00706 MSE=0.00603 Smooth=0.00103]
Epoch 396/1000 | λ=7.57e-05 | LR=6.64e-05 | Train [Total=0.01278 MSE=0.01253 Smooth=0.00025] | Val   [Total=0.00723 MSE=0.00623 Smooth=0.00100]
Epoch 397/1000 | λ=7.56e-05 | LR=6.62e-05 | Train [Total=0.01768 MSE=0.01739 Smooth=0.00028] | Val   [Total=0.00663 MSE=0.00562 Smooth=0.00101] *** BEST ***
Epoch 398/1000 | λ=7.55e-05 | LR=6.61e-05 | Train [Total=0.01561 MSE=0.01533 Smooth=0.00028] | Val   [Total=0.00686 MSE=0.00585 Smooth=0.00101]
Epoch 399/1000 | λ=7.54e-05 | LR=6.59e-05 | Train [Total=0.01573 MSE=0.01548 Smooth=0.00025] | Val   [Total=0.00750 MSE=0.00648 Smooth=0.00101]
Epoch 400/1000 | λ=7.52e-05 | LR=6.58e-05 | Train [Total=0.01481 MSE=0.01459 Smooth=0.00022] | Val   [Total=0.00694 MSE=0.00592 Smooth=0.00102]
Epoch 401/1000 | λ=7.51e-05 | LR=6.56e-05 | Train [Total=0.01497 MSE=0.01470 Smooth=0.00026] | Val   [Total=0.00642 MSE=0.00542 Smooth=0.00099] *** BEST ***
Epoch 402/1000 | λ=7.50e-05 | LR=6.55e-05 | Train [Total=0.01772 MSE=0.01747 Smooth=0.00025] | Val   [Total=0.00642 MSE=0.00543 Smooth=0.00099]
Epoch 403/1000 | λ=7.49e-05 | LR=6.54e-05 | Train [Total=0.01539 MSE=0.01521 Smooth=0.00019] | Val   [Total=0.00680 MSE=0.00579 Smooth=0.00101]
Epoch 404/1000 | λ=7.48e-05 | LR=6.52e-05 | Train [Total=0.01675 MSE=0.01652 Smooth=0.00024] | Val   [Total=0.00693 MSE=0.00596 Smooth=0.00097]
Epoch 405/1000 | λ=7.46e-05 | LR=6.51e-05 | Train [Total=0.02091 MSE=0.02059 Smooth=0.00032] | Val   [Total=0.00692 MSE=0.00595 Smooth=0.00096]
Epoch 406/1000 | λ=7.45e-05 | LR=6.49e-05 | Train [Total=0.01575 MSE=0.01557 Smooth=0.00018] | Val   [Total=0.00698 MSE=0.00601 Smooth=0.00097]
Epoch 407/1000 | λ=7.44e-05 | LR=6.48e-05 | Train [Total=0.02221 MSE=0.02200 Smooth=0.00021] | Val   [Total=0.00780 MSE=0.00683 Smooth=0.00096]
Epoch 408/1000 | λ=7.43e-05 | LR=6.46e-05 | Train [Total=0.01703 MSE=0.01681 Smooth=0.00022] | Val   [Total=0.00641 MSE=0.00545 Smooth=0.00097] *** BEST ***
Epoch 409/1000 | λ=7.41e-05 | LR=6.45e-05 | Train [Total=0.01968 MSE=0.01943 Smooth=0.00024] | Val   [Total=0.00702 MSE=0.00600 Smooth=0.00102]
Epoch 410/1000 | λ=7.40e-05 | LR=6.43e-05 | Train [Total=0.01640 MSE=0.01614 Smooth=0.00026] | Val   [Total=0.00628 MSE=0.00531 Smooth=0.00097] *** BEST ***
Epoch 411/1000 | λ=7.39e-05 | LR=6.42e-05 | Train [Total=0.01800 MSE=0.01776 Smooth=0.00024] | Val   [Total=0.00936 MSE=0.00841 Smooth=0.00095]
Epoch 412/1000 | λ=7.38e-05 | LR=6.40e-05 | Train [Total=0.01786 MSE=0.01756 Smooth=0.00030] | Val   [Total=0.00764 MSE=0.00663 Smooth=0.00101]
Epoch 413/1000 | λ=7.36e-05 | LR=6.39e-05 | Train [Total=0.01925 MSE=0.01897 Smooth=0.00028] | Val   [Total=0.00751 MSE=0.00655 Smooth=0.00096]
Epoch 414/1000 | λ=7.35e-05 | LR=6.37e-05 | Train [Total=0.01393 MSE=0.01369 Smooth=0.00024] | Val   [Total=0.00769 MSE=0.00672 Smooth=0.00097]
Epoch 415/1000 | λ=7.34e-05 | LR=6.36e-05 | Train [Total=0.02173 MSE=0.02144 Smooth=0.00029] | Val   [Total=0.00659 MSE=0.00562 Smooth=0.00097]
Epoch 416/1000 | λ=7.33e-05 | LR=6.34e-05 | Train [Total=0.01697 MSE=0.01675 Smooth=0.00022] | Val   [Total=0.00615 MSE=0.00522 Smooth=0.00094] *** BEST ***
Epoch 417/1000 | λ=7.31e-05 | LR=6.33e-05 | Train [Total=0.01568 MSE=0.01545 Smooth=0.00023] | Val   [Total=0.00650 MSE=0.00556 Smooth=0.00094]
Epoch 418/1000 | λ=7.30e-05 | LR=6.31e-05 | Train [Total=0.01121 MSE=0.01089 Smooth=0.00031] | Val   [Total=0.00704 MSE=0.00610 Smooth=0.00093]
Epoch 419/1000 | λ=7.29e-05 | LR=6.30e-05 | Train [Total=0.01761 MSE=0.01735 Smooth=0.00026] | Val   [Total=0.00732 MSE=0.00639 Smooth=0.00093]
Epoch 420/1000 | λ=7.28e-05 | LR=6.28e-05 | Train [Total=0.01511 MSE=0.01481 Smooth=0.00030] | Val   [Total=0.00670 MSE=0.00577 Smooth=0.00094]
Epoch 421/1000 | λ=7.27e-05 | LR=6.27e-05 | Train [Total=0.02269 MSE=0.02245 Smooth=0.00024] | Val   [Total=0.00639 MSE=0.00546 Smooth=0.00092]
Epoch 422/1000 | λ=7.25e-05 | LR=6.25e-05 | Train [Total=0.01885 MSE=0.01861 Smooth=0.00023] | Val   [Total=0.00684 MSE=0.00590 Smooth=0.00094]
Epoch 423/1000 | λ=7.24e-05 | LR=6.24e-05 | Train [Total=0.01280 MSE=0.01260 Smooth=0.00020] | Val   [Total=0.00684 MSE=0.00587 Smooth=0.00096]
Epoch 424/1000 | λ=7.23e-05 | LR=6.22e-05 | Train [Total=0.01433 MSE=0.01409 Smooth=0.00025] | Val   [Total=0.00707 MSE=0.00611 Smooth=0.00096]
Epoch 425/1000 | λ=7.22e-05 | LR=6.21e-05 | Train [Total=0.01762 MSE=0.01738 Smooth=0.00024] | Val   [Total=0.00951 MSE=0.00856 Smooth=0.00095]
Epoch 426/1000 | λ=7.20e-05 | LR=6.19e-05 | Train [Total=0.02146 MSE=0.02124 Smooth=0.00022] | Val   [Total=0.00640 MSE=0.00548 Smooth=0.00092]
Epoch 427/1000 | λ=7.19e-05 | LR=6.18e-05 | Train [Total=0.02134 MSE=0.02111 Smooth=0.00023] | Val   [Total=0.00871 MSE=0.00780 Smooth=0.00091]
Epoch 428/1000 | λ=7.18e-05 | LR=6.16e-05 | Train [Total=0.01536 MSE=0.01511 Smooth=0.00025] | Val   [Total=0.00608 MSE=0.00517 Smooth=0.00091] *** BEST ***
Epoch 429/1000 | λ=7.17e-05 | LR=6.14e-05 | Train [Total=0.01584 MSE=0.01563 Smooth=0.00021] | Val   [Total=0.00638 MSE=0.00541 Smooth=0.00096]
Epoch 430/1000 | λ=7.15e-05 | LR=6.13e-05 | Train [Total=0.01525 MSE=0.01493 Smooth=0.00032] | Val   [Total=0.00720 MSE=0.00630 Smooth=0.00090]
Epoch 431/1000 | λ=7.14e-05 | LR=6.11e-05 | Train [Total=0.02091 MSE=0.02063 Smooth=0.00028] | Val   [Total=0.00785 MSE=0.00696 Smooth=0.00090]
Epoch 432/1000 | λ=7.13e-05 | LR=6.10e-05 | Train [Total=0.01349 MSE=0.01324 Smooth=0.00025] | Val   [Total=0.00990 MSE=0.00898 Smooth=0.00092]
Epoch 433/1000 | λ=7.12e-05 | LR=6.08e-05 | Train [Total=0.01589 MSE=0.01569 Smooth=0.00020] | Val   [Total=0.00630 MSE=0.00535 Smooth=0.00095]
Epoch 434/1000 | λ=7.10e-05 | LR=6.07e-05 | Train [Total=0.01817 MSE=0.01796 Smooth=0.00021] | Val   [Total=0.01214 MSE=0.01124 Smooth=0.00091]
Epoch 435/1000 | λ=7.09e-05 | LR=6.05e-05 | Train [Total=0.02250 MSE=0.02230 Smooth=0.00020] | Val   [Total=0.00612 MSE=0.00521 Smooth=0.00092]
Epoch 436/1000 | λ=7.08e-05 | LR=6.04e-05 | Train [Total=0.01414 MSE=0.01384 Smooth=0.00029] | Val   [Total=0.00771 MSE=0.00683 Smooth=0.00088]
Epoch 437/1000 | λ=7.07e-05 | LR=6.02e-05 | Train [Total=0.01811 MSE=0.01787 Smooth=0.00025] | Val   [Total=0.00654 MSE=0.00566 Smooth=0.00088]
Epoch 438/1000 | λ=7.05e-05 | LR=6.01e-05 | Train [Total=0.01808 MSE=0.01783 Smooth=0.00025] | Val   [Total=0.00671 MSE=0.00582 Smooth=0.00090]
Epoch 439/1000 | λ=7.04e-05 | LR=5.99e-05 | Train [Total=0.01729 MSE=0.01704 Smooth=0.00025] | Val   [Total=0.00588 MSE=0.00501 Smooth=0.00087] *** BEST ***
Epoch 440/1000 | λ=7.03e-05 | LR=5.98e-05 | Train [Total=0.01748 MSE=0.01731 Smooth=0.00017] | Val   [Total=0.00626 MSE=0.00538 Smooth=0.00087]
Epoch 441/1000 | λ=7.02e-05 | LR=5.96e-05 | Train [Total=0.01168 MSE=0.01146 Smooth=0.00022] | Val   [Total=0.00615 MSE=0.00528 Smooth=0.00087]
Epoch 442/1000 | λ=7.01e-05 | LR=5.95e-05 | Train [Total=0.01440 MSE=0.01422 Smooth=0.00019] | Val   [Total=0.00629 MSE=0.00543 Smooth=0.00086]
Epoch 443/1000 | λ=6.99e-05 | LR=5.93e-05 | Train [Total=0.01996 MSE=0.01971 Smooth=0.00025] | Val   [Total=0.00984 MSE=0.00896 Smooth=0.00088]
Epoch 444/1000 | λ=6.98e-05 | LR=5.92e-05 | Train [Total=0.01493 MSE=0.01471 Smooth=0.00023] | Val   [Total=0.00613 MSE=0.00522 Smooth=0.00091]
Epoch 445/1000 | λ=6.97e-05 | LR=5.90e-05 | Train [Total=0.01952 MSE=0.01934 Smooth=0.00019] | Val   [Total=0.00777 MSE=0.00686 Smooth=0.00091]
Epoch 446/1000 | λ=6.96e-05 | LR=5.89e-05 | Train [Total=0.01754 MSE=0.01728 Smooth=0.00026] | Val   [Total=0.01244 MSE=0.01154 Smooth=0.00090]
Epoch 447/1000 | λ=6.94e-05 | LR=5.87e-05 | Train [Total=0.02088 MSE=0.02067 Smooth=0.00021] | Val   [Total=0.00634 MSE=0.00549 Smooth=0.00085]
Epoch 448/1000 | λ=6.93e-05 | LR=5.86e-05 | Train [Total=0.01095 MSE=0.01071 Smooth=0.00024] | Val   [Total=0.00767 MSE=0.00679 Smooth=0.00088]
Epoch 449/1000 | λ=6.92e-05 | LR=5.84e-05 | Train [Total=0.01900 MSE=0.01879 Smooth=0.00021] | Val   [Total=0.00745 MSE=0.00658 Smooth=0.00088]
Epoch 450/1000 | λ=6.91e-05 | LR=5.82e-05 | Train [Total=0.02317 MSE=0.02291 Smooth=0.00026] | Val   [Total=0.00594 MSE=0.00508 Smooth=0.00086]
Epoch 451/1000 | λ=6.89e-05 | LR=5.81e-05 | Train [Total=0.01159 MSE=0.01136 Smooth=0.00023] | Val   [Total=0.00731 MSE=0.00646 Smooth=0.00085]
Epoch 452/1000 | λ=6.88e-05 | LR=5.79e-05 | Train [Total=0.01925 MSE=0.01906 Smooth=0.00019] | Val   [Total=0.00662 MSE=0.00577 Smooth=0.00085]
Epoch 453/1000 | λ=6.87e-05 | LR=5.78e-05 | Train [Total=0.01448 MSE=0.01433 Smooth=0.00016] | Val   [Total=0.00685 MSE=0.00601 Smooth=0.00084]
Epoch 454/1000 | λ=6.86e-05 | LR=5.76e-05 | Train [Total=0.01211 MSE=0.01189 Smooth=0.00022] | Val   [Total=0.00721 MSE=0.00635 Smooth=0.00086]
Epoch 455/1000 | λ=6.84e-05 | LR=5.75e-05 | Train [Total=0.01475 MSE=0.01453 Smooth=0.00022] | Val   [Total=0.00567 MSE=0.00483 Smooth=0.00084] *** BEST ***
Epoch 456/1000 | λ=6.83e-05 | LR=5.73e-05 | Train [Total=0.01229 MSE=0.01206 Smooth=0.00023] | Val   [Total=0.00677 MSE=0.00594 Smooth=0.00083]
Epoch 457/1000 | λ=6.82e-05 | LR=5.72e-05 | Train [Total=0.01605 MSE=0.01584 Smooth=0.00021] | Val   [Total=0.00578 MSE=0.00497 Smooth=0.00081]
Epoch 458/1000 | λ=6.81e-05 | LR=5.70e-05 | Train [Total=0.01696 MSE=0.01673 Smooth=0.00023] | Val   [Total=0.00647 MSE=0.00565 Smooth=0.00082]
Epoch 459/1000 | λ=6.79e-05 | LR=5.69e-05 | Train [Total=0.01776 MSE=0.01756 Smooth=0.00020] | Val   [Total=0.00582 MSE=0.00499 Smooth=0.00083]
Epoch 460/1000 | λ=6.78e-05 | LR=5.67e-05 | Train [Total=0.01148 MSE=0.01124 Smooth=0.00023] | Val   [Total=0.00710 MSE=0.00628 Smooth=0.00082]
Epoch 461/1000 | λ=6.77e-05 | LR=5.65e-05 | Train [Total=0.01625 MSE=0.01605 Smooth=0.00020] | Val   [Total=0.00831 MSE=0.00749 Smooth=0.00083]
Epoch 462/1000 | λ=6.76e-05 | LR=5.64e-05 | Train [Total=0.02421 MSE=0.02401 Smooth=0.00020] | Val   [Total=0.00597 MSE=0.00516 Smooth=0.00081]
Epoch 463/1000 | λ=6.75e-05 | LR=5.62e-05 | Train [Total=0.01510 MSE=0.01489 Smooth=0.00021] | Val   [Total=0.00615 MSE=0.00533 Smooth=0.00083]
Epoch 464/1000 | λ=6.73e-05 | LR=5.61e-05 | Train [Total=0.01282 MSE=0.01264 Smooth=0.00018] | Val   [Total=0.00611 MSE=0.00529 Smooth=0.00082]
Epoch 465/1000 | λ=6.72e-05 | LR=5.59e-05 | Train [Total=0.02169 MSE=0.02148 Smooth=0.00021] | Val   [Total=0.00582 MSE=0.00499 Smooth=0.00083]
Epoch 466/1000 | λ=6.71e-05 | LR=5.58e-05 | Train [Total=0.01114 MSE=0.01091 Smooth=0.00023] | Val   [Total=0.00648 MSE=0.00564 Smooth=0.00084]
Epoch 467/1000 | λ=6.70e-05 | LR=5.56e-05 | Train [Total=0.01113 MSE=0.01088 Smooth=0.00025] | Val   [Total=0.00606 MSE=0.00523 Smooth=0.00083]
Epoch 468/1000 | λ=6.68e-05 | LR=5.55e-05 | Train [Total=0.01856 MSE=0.01834 Smooth=0.00022] | Val   [Total=0.00643 MSE=0.00563 Smooth=0.00080]
Epoch 469/1000 | λ=6.67e-05 | LR=5.53e-05 | Train [Total=0.01360 MSE=0.01339 Smooth=0.00021] | Val   [Total=0.00650 MSE=0.00570 Smooth=0.00080]
Epoch 470/1000 | λ=6.66e-05 | LR=5.52e-05 | Train [Total=0.01722 MSE=0.01706 Smooth=0.00016] | Val   [Total=0.00666 MSE=0.00587 Smooth=0.00079]
Epoch 471/1000 | λ=6.65e-05 | LR=5.50e-05 | Train [Total=0.01500 MSE=0.01482 Smooth=0.00018] | Val   [Total=0.00716 MSE=0.00637 Smooth=0.00080]
Epoch 472/1000 | λ=6.63e-05 | LR=5.48e-05 | Train [Total=0.01972 MSE=0.01949 Smooth=0.00022] | Val   [Total=0.00634 MSE=0.00552 Smooth=0.00082]
Epoch 473/1000 | λ=6.62e-05 | LR=5.47e-05 | Train [Total=0.02269 MSE=0.02247 Smooth=0.00022] | Val   [Total=0.00620 MSE=0.00539 Smooth=0.00081]
Epoch 474/1000 | λ=6.61e-05 | LR=5.45e-05 | Train [Total=0.01196 MSE=0.01174 Smooth=0.00021] | Val   [Total=0.00582 MSE=0.00503 Smooth=0.00078]
Epoch 475/1000 | λ=6.60e-05 | LR=5.44e-05 | Train [Total=0.01369 MSE=0.01348 Smooth=0.00021] | Val   [Total=0.00678 MSE=0.00596 Smooth=0.00081]
Epoch 476/1000 | λ=6.58e-05 | LR=5.42e-05 | Train [Total=0.01820 MSE=0.01803 Smooth=0.00018] | Val   [Total=0.00615 MSE=0.00531 Smooth=0.00084]
Epoch 477/1000 | λ=6.57e-05 | LR=5.41e-05 | Train [Total=0.02284 MSE=0.02267 Smooth=0.00018] | Val   [Total=0.00663 MSE=0.00584 Smooth=0.00079]
Epoch 478/1000 | λ=6.56e-05 | LR=5.39e-05 | Train [Total=0.01634 MSE=0.01618 Smooth=0.00016] | Val   [Total=0.00646 MSE=0.00562 Smooth=0.00084]
Epoch 479/1000 | λ=6.55e-05 | LR=5.38e-05 | Train [Total=0.01307 MSE=0.01284 Smooth=0.00024] | Val   [Total=0.00675 MSE=0.00595 Smooth=0.00080]
Epoch 480/1000 | λ=6.54e-05 | LR=5.36e-05 | Train [Total=0.01389 MSE=0.01371 Smooth=0.00017] | Val   [Total=0.00663 MSE=0.00585 Smooth=0.00079]
Epoch 481/1000 | λ=6.52e-05 | LR=5.35e-05 | Train [Total=0.01542 MSE=0.01519 Smooth=0.00023] | Val   [Total=0.00637 MSE=0.00558 Smooth=0.00078]
Epoch 482/1000 | λ=6.51e-05 | LR=5.33e-05 | Train [Total=0.01003 MSE=0.00985 Smooth=0.00018] | Val   [Total=0.00629 MSE=0.00553 Smooth=0.00077]
Epoch 483/1000 | λ=6.50e-05 | LR=5.31e-05 | Train [Total=0.01709 MSE=0.01687 Smooth=0.00021] | Val   [Total=0.00679 MSE=0.00602 Smooth=0.00077]
Epoch 484/1000 | λ=6.49e-05 | LR=5.30e-05 | Train [Total=0.01368 MSE=0.01348 Smooth=0.00019] | Val   [Total=0.00645 MSE=0.00568 Smooth=0.00077]
Epoch 485/1000 | λ=6.47e-05 | LR=5.28e-05 | Train [Total=0.01474 MSE=0.01454 Smooth=0.00020] | Val   [Total=0.00630 MSE=0.00554 Smooth=0.00076]
Epoch 486/1000 | λ=6.46e-05 | LR=5.27e-05 | Train [Total=0.01780 MSE=0.01763 Smooth=0.00017] | Val   [Total=0.00812 MSE=0.00736 Smooth=0.00076]
Epoch 487/1000 | λ=6.45e-05 | LR=5.25e-05 | Train [Total=0.01907 MSE=0.01890 Smooth=0.00017] | Val   [Total=0.00622 MSE=0.00544 Smooth=0.00078]
Epoch 488/1000 | λ=6.44e-05 | LR=5.24e-05 | Train [Total=0.01839 MSE=0.01823 Smooth=0.00017] | Val   [Total=0.00596 MSE=0.00521 Smooth=0.00075]
Epoch 489/1000 | λ=6.42e-05 | LR=5.22e-05 | Train [Total=0.00851 MSE=0.00834 Smooth=0.00017] | Val   [Total=0.00617 MSE=0.00543 Smooth=0.00074]
Epoch 490/1000 | λ=6.41e-05 | LR=5.21e-05 | Train [Total=0.01251 MSE=0.01234 Smooth=0.00017] | Val   [Total=0.00644 MSE=0.00565 Smooth=0.00079]
Epoch 491/1000 | λ=6.40e-05 | LR=5.19e-05 | Train [Total=0.01125 MSE=0.01106 Smooth=0.00019] | Val   [Total=0.00667 MSE=0.00593 Smooth=0.00074]
Epoch 492/1000 | λ=6.39e-05 | LR=5.17e-05 | Train [Total=0.01540 MSE=0.01519 Smooth=0.00021] | Val   [Total=0.00548 MSE=0.00473 Smooth=0.00074] *** BEST ***
Epoch 493/1000 | λ=6.37e-05 | LR=5.16e-05 | Train [Total=0.00797 MSE=0.00779 Smooth=0.00018] | Val   [Total=0.00561 MSE=0.00489 Smooth=0.00073]
Epoch 494/1000 | λ=6.36e-05 | LR=5.14e-05 | Train [Total=0.01009 MSE=0.00987 Smooth=0.00022] | Val   [Total=0.00615 MSE=0.00542 Smooth=0.00074]
Epoch 495/1000 | λ=6.35e-05 | LR=5.13e-05 | Train [Total=0.02059 MSE=0.02042 Smooth=0.00017] | Val   [Total=0.00593 MSE=0.00516 Smooth=0.00077]
Epoch 496/1000 | λ=6.34e-05 | LR=5.11e-05 | Train [Total=0.01286 MSE=0.01260 Smooth=0.00026] | Val   [Total=0.00571 MSE=0.00499 Smooth=0.00072]
Epoch 497/1000 | λ=6.32e-05 | LR=5.10e-05 | Train [Total=0.01308 MSE=0.01289 Smooth=0.00020] | Val   [Total=0.00619 MSE=0.00547 Smooth=0.00072]
Epoch 498/1000 | λ=6.31e-05 | LR=5.08e-05 | Train [Total=0.00933 MSE=0.00910 Smooth=0.00023] | Val   [Total=0.00702 MSE=0.00630 Smooth=0.00072]
Epoch 499/1000 | λ=6.30e-05 | LR=5.07e-05 | Train [Total=0.01355 MSE=0.01336 Smooth=0.00020] | Val   [Total=0.00590 MSE=0.00517 Smooth=0.00072]
Epoch 500/1000 | λ=6.29e-05 | LR=5.05e-05 | Train [Total=0.01796 MSE=0.01781 Smooth=0.00015] | Val   [Total=0.00711 MSE=0.00638 Smooth=0.00073]
Epoch 501/1000 | λ=6.28e-05 | LR=5.03e-05 | Train [Total=0.01180 MSE=0.01165 Smooth=0.00015] | Val   [Total=0.00613 MSE=0.00540 Smooth=0.00073]
Epoch 502/1000 | λ=6.26e-05 | LR=5.02e-05 | Train [Total=0.01601 MSE=0.01579 Smooth=0.00023] | Val   [Total=0.00608 MSE=0.00534 Smooth=0.00074]
Epoch 503/1000 | λ=6.25e-05 | LR=5.00e-05 | Train [Total=0.01358 MSE=0.01342 Smooth=0.00016] | Val   [Total=0.00738 MSE=0.00662 Smooth=0.00075]
Epoch 504/1000 | λ=6.24e-05 | LR=4.99e-05 | Train [Total=0.01554 MSE=0.01537 Smooth=0.00017] | Val   [Total=0.00631 MSE=0.00559 Smooth=0.00072]
Epoch 505/1000 | λ=6.23e-05 | LR=4.97e-05 | Train [Total=0.01389 MSE=0.01370 Smooth=0.00019] | Val   [Total=0.00629 MSE=0.00558 Smooth=0.00071]
Epoch 506/1000 | λ=6.21e-05 | LR=4.96e-05 | Train [Total=0.01171 MSE=0.01148 Smooth=0.00024] | Val   [Total=0.00593 MSE=0.00522 Smooth=0.00071]
Epoch 507/1000 | λ=6.20e-05 | LR=4.94e-05 | Train [Total=0.01390 MSE=0.01372 Smooth=0.00019] | Val   [Total=0.00610 MSE=0.00540 Smooth=0.00069]
Epoch 508/1000 | λ=6.19e-05 | LR=4.93e-05 | Train [Total=0.01624 MSE=0.01608 Smooth=0.00015] | Val   [Total=0.00633 MSE=0.00563 Smooth=0.00070]
Epoch 509/1000 | λ=6.18e-05 | LR=4.91e-05 | Train [Total=0.01165 MSE=0.01147 Smooth=0.00018] | Val   [Total=0.00567 MSE=0.00496 Smooth=0.00071]
Epoch 510/1000 | λ=6.16e-05 | LR=4.89e-05 | Train [Total=0.01550 MSE=0.01531 Smooth=0.00018] | Val   [Total=0.00584 MSE=0.00513 Smooth=0.00072]
Epoch 511/1000 | λ=6.15e-05 | LR=4.88e-05 | Train [Total=0.01569 MSE=0.01552 Smooth=0.00017] | Val   [Total=0.00584 MSE=0.00514 Smooth=0.00070]
Epoch 512/1000 | λ=6.14e-05 | LR=4.86e-05 | Train [Total=0.02088 MSE=0.02074 Smooth=0.00014] | Val   [Total=0.00589 MSE=0.00521 Smooth=0.00069]
Epoch 513/1000 | λ=6.13e-05 | LR=4.85e-05 | Train [Total=0.02346 MSE=0.02329 Smooth=0.00017] | Val   [Total=0.00593 MSE=0.00523 Smooth=0.00070]
Epoch 514/1000 | λ=6.11e-05 | LR=4.83e-05 | Train [Total=0.00867 MSE=0.00853 Smooth=0.00014] | Val   [Total=0.00567 MSE=0.00496 Smooth=0.00072]
Epoch 515/1000 | λ=6.10e-05 | LR=4.82e-05 | Train [Total=0.00779 MSE=0.00756 Smooth=0.00023] | Val   [Total=0.00593 MSE=0.00524 Smooth=0.00069]
Epoch 516/1000 | λ=6.09e-05 | LR=4.80e-05 | Train [Total=0.01486 MSE=0.01471 Smooth=0.00014] | Val   [Total=0.00733 MSE=0.00662 Smooth=0.00071]
Epoch 517/1000 | λ=6.08e-05 | LR=4.79e-05 | Train [Total=0.00879 MSE=0.00862 Smooth=0.00017] | Val   [Total=0.00554 MSE=0.00486 Smooth=0.00068]
Epoch 518/1000 | λ=6.06e-05 | LR=4.77e-05 | Train [Total=0.01513 MSE=0.01495 Smooth=0.00018] | Val   [Total=0.00566 MSE=0.00498 Smooth=0.00068]
Epoch 519/1000 | λ=6.05e-05 | LR=4.75e-05 | Train [Total=0.01509 MSE=0.01494 Smooth=0.00015] | Val   [Total=0.00721 MSE=0.00653 Smooth=0.00068]
Epoch 520/1000 | λ=6.04e-05 | LR=4.74e-05 | Train [Total=0.01009 MSE=0.00990 Smooth=0.00019] | Val   [Total=0.00584 MSE=0.00516 Smooth=0.00068]
Epoch 521/1000 | λ=6.03e-05 | LR=4.72e-05 | Train [Total=0.01025 MSE=0.01009 Smooth=0.00017] | Val   [Total=0.00601 MSE=0.00534 Smooth=0.00067]
Epoch 522/1000 | λ=6.02e-05 | LR=4.71e-05 | Train [Total=0.01234 MSE=0.01211 Smooth=0.00023] | Val   [Total=0.00801 MSE=0.00733 Smooth=0.00068]
Epoch 523/1000 | λ=6.00e-05 | LR=4.69e-05 | Train [Total=0.01457 MSE=0.01442 Smooth=0.00015] | Val   [Total=0.00596 MSE=0.00529 Smooth=0.00067]
Epoch 524/1000 | λ=5.99e-05 | LR=4.68e-05 | Train [Total=0.01367 MSE=0.01354 Smooth=0.00014] | Val   [Total=0.00578 MSE=0.00509 Smooth=0.00069]
Epoch 525/1000 | λ=5.98e-05 | LR=4.66e-05 | Train [Total=0.01399 MSE=0.01383 Smooth=0.00016] | Val   [Total=0.00664 MSE=0.00595 Smooth=0.00069]
Epoch 526/1000 | λ=5.97e-05 | LR=4.65e-05 | Train [Total=0.01099 MSE=0.01083 Smooth=0.00016] | Val   [Total=0.00621 MSE=0.00555 Smooth=0.00066]
Epoch 527/1000 | λ=5.95e-05 | LR=4.63e-05 | Train [Total=0.02828 MSE=0.02813 Smooth=0.00016] | Val   [Total=0.00658 MSE=0.00590 Smooth=0.00067]
Epoch 528/1000 | λ=5.94e-05 | LR=4.62e-05 | Train [Total=0.01158 MSE=0.01143 Smooth=0.00015] | Val   [Total=0.00623 MSE=0.00555 Smooth=0.00069]
Epoch 529/1000 | λ=5.93e-05 | LR=4.60e-05 | Train [Total=0.01459 MSE=0.01444 Smooth=0.00015] | Val   [Total=0.00695 MSE=0.00626 Smooth=0.00069]
Epoch 530/1000 | λ=5.92e-05 | LR=4.58e-05 | Train [Total=0.01157 MSE=0.01137 Smooth=0.00019] | Val   [Total=0.00711 MSE=0.00643 Smooth=0.00068]
Epoch 531/1000 | λ=5.90e-05 | LR=4.57e-05 | Train [Total=0.01095 MSE=0.01076 Smooth=0.00019] | Val   [Total=0.00602 MSE=0.00531 Smooth=0.00070]
Epoch 532/1000 | λ=5.89e-05 | LR=4.55e-05 | Train [Total=0.01555 MSE=0.01535 Smooth=0.00019] | Val   [Total=0.00597 MSE=0.00531 Smooth=0.00066]
Epoch 533/1000 | λ=5.88e-05 | LR=4.54e-05 | Train [Total=0.01297 MSE=0.01280 Smooth=0.00018] | Val   [Total=0.00606 MSE=0.00540 Smooth=0.00066]
Epoch 534/1000 | λ=5.87e-05 | LR=4.52e-05 | Train [Total=0.01943 MSE=0.01928 Smooth=0.00014] | Val   [Total=0.00644 MSE=0.00578 Smooth=0.00067]
Epoch 535/1000 | λ=5.85e-05 | LR=4.51e-05 | Train [Total=0.00929 MSE=0.00912 Smooth=0.00018] | Val   [Total=0.00591 MSE=0.00526 Smooth=0.00065]
Epoch 536/1000 | λ=5.84e-05 | LR=4.49e-05 | Train [Total=0.01608 MSE=0.01590 Smooth=0.00019] | Val   [Total=0.00612 MSE=0.00548 Smooth=0.00064]
Epoch 537/1000 | λ=5.83e-05 | LR=4.48e-05 | Train [Total=0.00846 MSE=0.00829 Smooth=0.00017] | Val   [Total=0.00509 MSE=0.00445 Smooth=0.00064] *** BEST ***
Epoch 538/1000 | λ=5.82e-05 | LR=4.46e-05 | Train [Total=0.01028 MSE=0.01013 Smooth=0.00015] | Val   [Total=0.00740 MSE=0.00676 Smooth=0.00064]
Epoch 539/1000 | λ=5.80e-05 | LR=4.45e-05 | Train [Total=0.01494 MSE=0.01477 Smooth=0.00016] | Val   [Total=0.00676 MSE=0.00610 Smooth=0.00065]
Epoch 540/1000 | λ=5.79e-05 | LR=4.43e-05 | Train [Total=0.01906 MSE=0.01890 Smooth=0.00016] | Val   [Total=0.00668 MSE=0.00602 Smooth=0.00066]
Epoch 541/1000 | λ=5.78e-05 | LR=4.41e-05 | Train [Total=0.01461 MSE=0.01443 Smooth=0.00018] | Val   [Total=0.00586 MSE=0.00521 Smooth=0.00064]
Epoch 542/1000 | λ=5.77e-05 | LR=4.40e-05 | Train [Total=0.01003 MSE=0.00986 Smooth=0.00017] | Val   [Total=0.00642 MSE=0.00575 Smooth=0.00067]
Epoch 543/1000 | λ=5.76e-05 | LR=4.38e-05 | Train [Total=0.01193 MSE=0.01179 Smooth=0.00014] | Val   [Total=0.00629 MSE=0.00562 Smooth=0.00067]
Epoch 544/1000 | λ=5.74e-05 | LR=4.37e-05 | Train [Total=0.01132 MSE=0.01115 Smooth=0.00017] | Val   [Total=0.00699 MSE=0.00635 Smooth=0.00064]
Epoch 545/1000 | λ=5.73e-05 | LR=4.35e-05 | Train [Total=0.02265 MSE=0.02250 Smooth=0.00016] | Val   [Total=0.00641 MSE=0.00578 Smooth=0.00063]
Epoch 546/1000 | λ=5.72e-05 | LR=4.34e-05 | Train [Total=0.01724 MSE=0.01711 Smooth=0.00013] | Val   [Total=0.00682 MSE=0.00619 Smooth=0.00063]
Epoch 547/1000 | λ=5.71e-05 | LR=4.32e-05 | Train [Total=0.01318 MSE=0.01303 Smooth=0.00015] | Val   [Total=0.00562 MSE=0.00497 Smooth=0.00064]
Epoch 548/1000 | λ=5.69e-05 | LR=4.31e-05 | Train [Total=0.01236 MSE=0.01220 Smooth=0.00016] | Val   [Total=0.00602 MSE=0.00539 Smooth=0.00063]
Epoch 549/1000 | λ=5.68e-05 | LR=4.29e-05 | Train [Total=0.00921 MSE=0.00907 Smooth=0.00015] | Val   [Total=0.00557 MSE=0.00494 Smooth=0.00063]
Epoch 550/1000 | λ=5.67e-05 | LR=4.28e-05 | Train [Total=0.00776 MSE=0.00760 Smooth=0.00016] | Val   [Total=0.00556 MSE=0.00495 Smooth=0.00061]
Epoch 551/1000 | λ=5.66e-05 | LR=4.26e-05 | Train [Total=0.00961 MSE=0.00947 Smooth=0.00014] | Val   [Total=0.00561 MSE=0.00499 Smooth=0.00062]
Epoch 552/1000 | λ=5.64e-05 | LR=4.24e-05 | Train [Total=0.01219 MSE=0.01205 Smooth=0.00014] | Val   [Total=0.00811 MSE=0.00749 Smooth=0.00062]
Epoch 553/1000 | λ=5.63e-05 | LR=4.23e-05 | Train [Total=0.01702 MSE=0.01685 Smooth=0.00017] | Val   [Total=0.00532 MSE=0.00472 Smooth=0.00061]
Epoch 554/1000 | λ=5.62e-05 | LR=4.21e-05 | Train [Total=0.01458 MSE=0.01444 Smooth=0.00014] | Val   [Total=0.00582 MSE=0.00521 Smooth=0.00061]
Epoch 555/1000 | λ=5.61e-05 | LR=4.20e-05 | Train [Total=0.01192 MSE=0.01174 Smooth=0.00018] | Val   [Total=0.00555 MSE=0.00494 Smooth=0.00061]
Epoch 556/1000 | λ=5.59e-05 | LR=4.18e-05 | Train [Total=0.01310 MSE=0.01294 Smooth=0.00016] | Val   [Total=0.00620 MSE=0.00559 Smooth=0.00061]
Epoch 557/1000 | λ=5.58e-05 | LR=4.17e-05 | Train [Total=0.00919 MSE=0.00904 Smooth=0.00015] | Val   [Total=0.00744 MSE=0.00684 Smooth=0.00060]
Epoch 558/1000 | λ=5.57e-05 | LR=4.15e-05 | Train [Total=0.00783 MSE=0.00769 Smooth=0.00015] | Val   [Total=0.00575 MSE=0.00516 Smooth=0.00059]
Epoch 559/1000 | λ=5.56e-05 | LR=4.14e-05 | Train [Total=0.01412 MSE=0.01397 Smooth=0.00016] | Val   [Total=0.00616 MSE=0.00556 Smooth=0.00060]
Epoch 560/1000 | λ=5.54e-05 | LR=4.12e-05 | Train [Total=0.01353 MSE=0.01336 Smooth=0.00018] | Val   [Total=0.00590 MSE=0.00530 Smooth=0.00059]
Epoch 561/1000 | λ=5.53e-05 | LR=4.11e-05 | Train [Total=0.01175 MSE=0.01162 Smooth=0.00013] | Val   [Total=0.00632 MSE=0.00573 Smooth=0.00059]
Epoch 562/1000 | λ=5.52e-05 | LR=4.09e-05 | Train [Total=0.01620 MSE=0.01602 Smooth=0.00018] | Val   [Total=0.00618 MSE=0.00559 Smooth=0.00058]
Epoch 563/1000 | λ=5.51e-05 | LR=4.08e-05 | Train [Total=0.01453 MSE=0.01438 Smooth=0.00015] | Val   [Total=0.00666 MSE=0.00606 Smooth=0.00060]
Epoch 564/1000 | λ=5.50e-05 | LR=4.06e-05 | Train [Total=0.00808 MSE=0.00791 Smooth=0.00017] | Val   [Total=0.00648 MSE=0.00587 Smooth=0.00061]
Epoch 565/1000 | λ=5.48e-05 | LR=4.05e-05 | Train [Total=0.01706 MSE=0.01689 Smooth=0.00017] | Val   [Total=0.00622 MSE=0.00562 Smooth=0.00060]
Epoch 566/1000 | λ=5.47e-05 | LR=4.03e-05 | Train [Total=0.01021 MSE=0.01007 Smooth=0.00013] | Val   [Total=0.00523 MSE=0.00464 Smooth=0.00059]
Epoch 567/1000 | λ=5.46e-05 | LR=4.02e-05 | Train [Total=0.01278 MSE=0.01260 Smooth=0.00018] | Val   [Total=0.00641 MSE=0.00581 Smooth=0.00060]
Epoch 568/1000 | λ=5.45e-05 | LR=4.00e-05 | Train [Total=0.01157 MSE=0.01144 Smooth=0.00013] | Val   [Total=0.00656 MSE=0.00598 Smooth=0.00059]
Epoch 569/1000 | λ=5.43e-05 | LR=3.99e-05 | Train [Total=0.01941 MSE=0.01927 Smooth=0.00014] | Val   [Total=0.00531 MSE=0.00473 Smooth=0.00058]
Epoch 570/1000 | λ=5.42e-05 | LR=3.97e-05 | Train [Total=0.01576 MSE=0.01565 Smooth=0.00011] | Val   [Total=0.00594 MSE=0.00535 Smooth=0.00058]
Epoch 571/1000 | λ=5.41e-05 | LR=3.96e-05 | Train [Total=0.01103 MSE=0.01091 Smooth=0.00012] | Val   [Total=0.00590 MSE=0.00532 Smooth=0.00058]
Epoch 572/1000 | λ=5.40e-05 | LR=3.94e-05 | Train [Total=0.00926 MSE=0.00909 Smooth=0.00017] | Val   [Total=0.00627 MSE=0.00568 Smooth=0.00059]
Epoch 573/1000 | λ=5.38e-05 | LR=3.92e-05 | Train [Total=0.00913 MSE=0.00897 Smooth=0.00016] | Val   [Total=0.00580 MSE=0.00522 Smooth=0.00058]
Epoch 574/1000 | λ=5.37e-05 | LR=3.91e-05 | Train [Total=0.01109 MSE=0.01089 Smooth=0.00020] | Val   [Total=0.00723 MSE=0.00667 Smooth=0.00057]
Epoch 575/1000 | λ=5.36e-05 | LR=3.89e-05 | Train [Total=0.01319 MSE=0.01302 Smooth=0.00017] | Val   [Total=0.00605 MSE=0.00547 Smooth=0.00058]
Epoch 576/1000 | λ=5.35e-05 | LR=3.88e-05 | Train [Total=0.01286 MSE=0.01269 Smooth=0.00017] | Val   [Total=0.00627 MSE=0.00570 Smooth=0.00057]
Epoch 577/1000 | λ=5.33e-05 | LR=3.86e-05 | Train [Total=0.01813 MSE=0.01802 Smooth=0.00011] | Val   [Total=0.00597 MSE=0.00540 Smooth=0.00057]
Epoch 578/1000 | λ=5.32e-05 | LR=3.85e-05 | Train [Total=0.01483 MSE=0.01470 Smooth=0.00013] | Val   [Total=0.00666 MSE=0.00609 Smooth=0.00057]
Epoch 579/1000 | λ=5.31e-05 | LR=3.83e-05 | Train [Total=0.01334 MSE=0.01320 Smooth=0.00013] | Val   [Total=0.00616 MSE=0.00559 Smooth=0.00056]
Epoch 580/1000 | λ=5.30e-05 | LR=3.82e-05 | Train [Total=0.01308 MSE=0.01293 Smooth=0.00015] | Val   [Total=0.00637 MSE=0.00581 Smooth=0.00056]
Epoch 581/1000 | λ=5.29e-05 | LR=3.80e-05 | Train [Total=0.01108 MSE=0.01093 Smooth=0.00015] | Val   [Total=0.00548 MSE=0.00492 Smooth=0.00056]
Epoch 582/1000 | λ=5.27e-05 | LR=3.79e-05 | Train [Total=0.01599 MSE=0.01586 Smooth=0.00014] | Val   [Total=0.00845 MSE=0.00789 Smooth=0.00056]
Epoch 583/1000 | λ=5.26e-05 | LR=3.77e-05 | Train [Total=0.01501 MSE=0.01485 Smooth=0.00016] | Val   [Total=0.00594 MSE=0.00537 Smooth=0.00057]
Epoch 584/1000 | λ=5.25e-05 | LR=3.76e-05 | Train [Total=0.00976 MSE=0.00962 Smooth=0.00014] | Val   [Total=0.00569 MSE=0.00515 Smooth=0.00055]
Epoch 585/1000 | λ=5.24e-05 | LR=3.74e-05 | Train [Total=0.01178 MSE=0.01163 Smooth=0.00015] | Val   [Total=0.00636 MSE=0.00581 Smooth=0.00055]
Epoch 586/1000 | λ=5.22e-05 | LR=3.73e-05 | Train [Total=0.00808 MSE=0.00795 Smooth=0.00013] | Val   [Total=0.00596 MSE=0.00539 Smooth=0.00057]
Epoch 587/1000 | λ=5.21e-05 | LR=3.71e-05 | Train [Total=0.00869 MSE=0.00855 Smooth=0.00014] | Val   [Total=0.00632 MSE=0.00576 Smooth=0.00056]
Epoch 588/1000 | λ=5.20e-05 | LR=3.70e-05 | Train [Total=0.01657 MSE=0.01646 Smooth=0.00011] | Val   [Total=0.00628 MSE=0.00574 Smooth=0.00054]
Epoch 589/1000 | λ=5.19e-05 | LR=3.68e-05 | Train [Total=0.00759 MSE=0.00744 Smooth=0.00015] | Val   [Total=0.00684 MSE=0.00630 Smooth=0.00054]
Epoch 590/1000 | λ=5.17e-05 | LR=3.67e-05 | Train [Total=0.01590 MSE=0.01578 Smooth=0.00012] | Val   [Total=0.00591 MSE=0.00534 Smooth=0.00057]
Epoch 591/1000 | λ=5.16e-05 | LR=3.65e-05 | Train [Total=0.01518 MSE=0.01506 Smooth=0.00012] | Val   [Total=0.00589 MSE=0.00533 Smooth=0.00056]
Epoch 592/1000 | λ=5.15e-05 | LR=3.64e-05 | Train [Total=0.01579 MSE=0.01564 Smooth=0.00015] | Val   [Total=0.00572 MSE=0.00519 Smooth=0.00054]
Epoch 593/1000 | λ=5.14e-05 | LR=3.62e-05 | Train [Total=0.01068 MSE=0.01055 Smooth=0.00013] | Val   [Total=0.00580 MSE=0.00527 Smooth=0.00053]
Epoch 594/1000 | λ=5.12e-05 | LR=3.61e-05 | Train [Total=0.01387 MSE=0.01374 Smooth=0.00013] | Val   [Total=0.00558 MSE=0.00502 Smooth=0.00056]
Epoch 595/1000 | λ=5.11e-05 | LR=3.59e-05 | Train [Total=0.00948 MSE=0.00931 Smooth=0.00017] | Val   [Total=0.00568 MSE=0.00514 Smooth=0.00054]
Epoch 596/1000 | λ=5.10e-05 | LR=3.58e-05 | Train [Total=0.01270 MSE=0.01258 Smooth=0.00013] | Val   [Total=0.00558 MSE=0.00505 Smooth=0.00053]
Epoch 597/1000 | λ=5.09e-05 | LR=3.56e-05 | Train [Total=0.01013 MSE=0.01001 Smooth=0.00011] | Val   [Total=0.00553 MSE=0.00499 Smooth=0.00054]
Epoch 598/1000 | λ=5.07e-05 | LR=3.55e-05 | Train [Total=0.01644 MSE=0.01627 Smooth=0.00016] | Val   [Total=0.00627 MSE=0.00574 Smooth=0.00053]
Epoch 599/1000 | λ=5.06e-05 | LR=3.54e-05 | Train [Total=0.01189 MSE=0.01175 Smooth=0.00014] | Val   [Total=0.00572 MSE=0.00519 Smooth=0.00053]
Epoch 600/1000 | λ=5.05e-05 | LR=3.52e-05 | Train [Total=0.01372 MSE=0.01357 Smooth=0.00015] | Val   [Total=0.00643 MSE=0.00591 Smooth=0.00052]
Epoch 601/1000 | λ=5.04e-05 | LR=3.51e-05 | Train [Total=0.01269 MSE=0.01253 Smooth=0.00016] | Val   [Total=0.00596 MSE=0.00544 Smooth=0.00052]
Epoch 602/1000 | λ=5.03e-05 | LR=3.49e-05 | Train [Total=0.00782 MSE=0.00768 Smooth=0.00014] | Val   [Total=0.00556 MSE=0.00504 Smooth=0.00051]
Epoch 603/1000 | λ=5.01e-05 | LR=3.48e-05 | Train [Total=0.01578 MSE=0.01565 Smooth=0.00012] | Val   [Total=0.00628 MSE=0.00577 Smooth=0.00052]
Epoch 604/1000 | λ=5.00e-05 | LR=3.46e-05 | Train [Total=0.01688 MSE=0.01677 Smooth=0.00012] | Val   [Total=0.00610 MSE=0.00558 Smooth=0.00052]
Epoch 605/1000 | λ=4.99e-05 | LR=3.45e-05 | Train [Total=0.01017 MSE=0.01003 Smooth=0.00014] | Val   [Total=0.00551 MSE=0.00499 Smooth=0.00051]
Epoch 606/1000 | λ=4.98e-05 | LR=3.43e-05 | Train [Total=0.01072 MSE=0.01059 Smooth=0.00012] | Val   [Total=0.00569 MSE=0.00518 Smooth=0.00051]
Epoch 607/1000 | λ=4.96e-05 | LR=3.42e-05 | Train [Total=0.01682 MSE=0.01671 Smooth=0.00011] | Val   [Total=0.00630 MSE=0.00580 Smooth=0.00051]
Epoch 608/1000 | λ=4.95e-05 | LR=3.40e-05 | Train [Total=0.01378 MSE=0.01365 Smooth=0.00013] | Val   [Total=0.00619 MSE=0.00569 Smooth=0.00050]
Epoch 609/1000 | λ=4.94e-05 | LR=3.39e-05 | Train [Total=0.00846 MSE=0.00831 Smooth=0.00015] | Val   [Total=0.00627 MSE=0.00576 Smooth=0.00052]
Epoch 610/1000 | λ=4.93e-05 | LR=3.37e-05 | Train [Total=0.01788 MSE=0.01776 Smooth=0.00012] | Val   [Total=0.00681 MSE=0.00631 Smooth=0.00051]
Epoch 611/1000 | λ=4.91e-05 | LR=3.36e-05 | Train [Total=0.01635 MSE=0.01624 Smooth=0.00011] | Val   [Total=0.00577 MSE=0.00527 Smooth=0.00051]
Epoch 612/1000 | λ=4.90e-05 | LR=3.34e-05 | Train [Total=0.01062 MSE=0.01048 Smooth=0.00013] | Val   [Total=0.00584 MSE=0.00532 Smooth=0.00051]
Epoch 613/1000 | λ=4.89e-05 | LR=3.33e-05 | Train [Total=0.01297 MSE=0.01280 Smooth=0.00017] | Val   [Total=0.00588 MSE=0.00537 Smooth=0.00050]
Epoch 614/1000 | λ=4.88e-05 | LR=3.31e-05 | Train [Total=0.02167 MSE=0.02156 Smooth=0.00011] | Val   [Total=0.00624 MSE=0.00574 Smooth=0.00049]
Epoch 615/1000 | λ=4.86e-05 | LR=3.30e-05 | Train [Total=0.01316 MSE=0.01303 Smooth=0.00013] | Val   [Total=0.00685 MSE=0.00634 Smooth=0.00051]
Epoch 616/1000 | λ=4.85e-05 | LR=3.29e-05 | Train [Total=0.00824 MSE=0.00813 Smooth=0.00011] | Val   [Total=0.00629 MSE=0.00578 Smooth=0.00051]
Epoch 617/1000 | λ=4.84e-05 | LR=3.27e-05 | Train [Total=0.01674 MSE=0.01663 Smooth=0.00011] | Val   [Total=0.00672 MSE=0.00623 Smooth=0.00049]
Epoch 618/1000 | λ=4.83e-05 | LR=3.26e-05 | Train [Total=0.01308 MSE=0.01296 Smooth=0.00012] | Val   [Total=0.00620 MSE=0.00570 Smooth=0.00050]
Epoch 619/1000 | λ=4.81e-05 | LR=3.24e-05 | Train [Total=0.00736 MSE=0.00724 Smooth=0.00011] | Val   [Total=0.00573 MSE=0.00524 Smooth=0.00049]
Epoch 620/1000 | λ=4.80e-05 | LR=3.23e-05 | Train [Total=0.01204 MSE=0.01191 Smooth=0.00012] | Val   [Total=0.00606 MSE=0.00557 Smooth=0.00050]
Epoch 621/1000 | λ=4.79e-05 | LR=3.21e-05 | Train [Total=0.01066 MSE=0.01048 Smooth=0.00018] | Val   [Total=0.00669 MSE=0.00619 Smooth=0.00050]
Epoch 622/1000 | λ=4.78e-05 | LR=3.20e-05 | Train [Total=0.01425 MSE=0.01412 Smooth=0.00013] | Val   [Total=0.00608 MSE=0.00558 Smooth=0.00050]
Epoch 623/1000 | λ=4.77e-05 | LR=3.18e-05 | Train [Total=0.01332 MSE=0.01319 Smooth=0.00013] | Val   [Total=0.00563 MSE=0.00514 Smooth=0.00049]
Epoch 624/1000 | λ=4.75e-05 | LR=3.17e-05 | Train [Total=0.01505 MSE=0.01494 Smooth=0.00010] | Val   [Total=0.00623 MSE=0.00573 Smooth=0.00050]
Epoch 625/1000 | λ=4.74e-05 | LR=3.16e-05 | Train [Total=0.00931 MSE=0.00919 Smooth=0.00012] | Val   [Total=0.01223 MSE=0.01173 Smooth=0.00049]
Epoch 626/1000 | λ=4.73e-05 | LR=3.14e-05 | Train [Total=0.01165 MSE=0.01151 Smooth=0.00015] | Val   [Total=0.00655 MSE=0.00606 Smooth=0.00049]
Epoch 627/1000 | λ=4.72e-05 | LR=3.13e-05 | Train [Total=0.01056 MSE=0.01047 Smooth=0.00009] | Val   [Total=0.00593 MSE=0.00543 Smooth=0.00049]
Epoch 628/1000 | λ=4.70e-05 | LR=3.11e-05 | Train [Total=0.00953 MSE=0.00941 Smooth=0.00012] | Val   [Total=0.00625 MSE=0.00578 Smooth=0.00047]
Epoch 629/1000 | λ=4.69e-05 | LR=3.10e-05 | Train [Total=0.02008 MSE=0.01997 Smooth=0.00011] | Val   [Total=0.00583 MSE=0.00534 Smooth=0.00048]
Epoch 630/1000 | λ=4.68e-05 | LR=3.08e-05 | Train [Total=0.01011 MSE=0.01000 Smooth=0.00011] | Val   [Total=0.00580 MSE=0.00531 Smooth=0.00049]
Epoch 631/1000 | λ=4.67e-05 | LR=3.07e-05 | Train [Total=0.01816 MSE=0.01805 Smooth=0.00011] | Val   [Total=0.00616 MSE=0.00567 Smooth=0.00049]
Epoch 632/1000 | λ=4.65e-05 | LR=3.06e-05 | Train [Total=0.00891 MSE=0.00879 Smooth=0.00012] | Val   [Total=0.00623 MSE=0.00575 Smooth=0.00048]
Epoch 633/1000 | λ=4.64e-05 | LR=3.04e-05 | Train [Total=0.01226 MSE=0.01212 Smooth=0.00014] | Val   [Total=0.00629 MSE=0.00581 Smooth=0.00048]
Epoch 634/1000 | λ=4.63e-05 | LR=3.03e-05 | Train [Total=0.00686 MSE=0.00673 Smooth=0.00013] | Val   [Total=0.00551 MSE=0.00505 Smooth=0.00046]
Epoch 635/1000 | λ=4.62e-05 | LR=3.01e-05 | Train [Total=0.01553 MSE=0.01540 Smooth=0.00013] | Val   [Total=0.00556 MSE=0.00509 Smooth=0.00047]
Epoch 636/1000 | λ=4.60e-05 | LR=3.00e-05 | Train [Total=0.01488 MSE=0.01476 Smooth=0.00012] | Val   [Total=0.00580 MSE=0.00534 Smooth=0.00046]
Epoch 637/1000 | λ=4.59e-05 | LR=2.98e-05 | Train [Total=0.01174 MSE=0.01161 Smooth=0.00013] | Val   [Total=0.00587 MSE=0.00541 Smooth=0.00046]
Epoch 638/1000 | λ=4.58e-05 | LR=2.97e-05 | Train [Total=0.00856 MSE=0.00841 Smooth=0.00015] | Val   [Total=0.00527 MSE=0.00481 Smooth=0.00046]
Epoch 639/1000 | λ=4.57e-05 | LR=2.96e-05 | Train [Total=0.00789 MSE=0.00778 Smooth=0.00011] | Val   [Total=0.00560 MSE=0.00515 Smooth=0.00046]
Epoch 640/1000 | λ=4.56e-05 | LR=2.94e-05 | Train [Total=0.01017 MSE=0.01004 Smooth=0.00013] | Val   [Total=0.00636 MSE=0.00591 Smooth=0.00045]
Epoch 641/1000 | λ=4.54e-05 | LR=2.93e-05 | Train [Total=0.00721 MSE=0.00710 Smooth=0.00011] | Val   [Total=0.00585 MSE=0.00539 Smooth=0.00045]
Epoch 642/1000 | λ=4.53e-05 | LR=2.91e-05 | Train [Total=0.00773 MSE=0.00762 Smooth=0.00011] | Val   [Total=0.00568 MSE=0.00522 Smooth=0.00045]
Epoch 643/1000 | λ=4.52e-05 | LR=2.90e-05 | Train [Total=0.01240 MSE=0.01229 Smooth=0.00011] | Val   [Total=0.00570 MSE=0.00524 Smooth=0.00046]
Epoch 644/1000 | λ=4.51e-05 | LR=2.89e-05 | Train [Total=0.01337 MSE=0.01328 Smooth=0.00009] | Val   [Total=0.00563 MSE=0.00518 Smooth=0.00045]
Epoch 645/1000 | λ=4.49e-05 | LR=2.87e-05 | Train [Total=0.01263 MSE=0.01253 Smooth=0.00010] | Val   [Total=0.00778 MSE=0.00733 Smooth=0.00045]
Epoch 646/1000 | λ=4.48e-05 | LR=2.86e-05 | Train [Total=0.01202 MSE=0.01190 Smooth=0.00013] | Val   [Total=0.00587 MSE=0.00541 Smooth=0.00046]
Epoch 647/1000 | λ=4.47e-05 | LR=2.84e-05 | Train [Total=0.00917 MSE=0.00908 Smooth=0.00009] | Val   [Total=0.00616 MSE=0.00571 Smooth=0.00045]
Epoch 648/1000 | λ=4.46e-05 | LR=2.83e-05 | Train [Total=0.00892 MSE=0.00882 Smooth=0.00010] | Val   [Total=0.00639 MSE=0.00594 Smooth=0.00045]
Epoch 649/1000 | λ=4.44e-05 | LR=2.82e-05 | Train [Total=0.01138 MSE=0.01127 Smooth=0.00011] | Val   [Total=0.00613 MSE=0.00569 Smooth=0.00044]
Epoch 650/1000 | λ=4.43e-05 | LR=2.80e-05 | Train [Total=0.01216 MSE=0.01203 Smooth=0.00012] | Val   [Total=0.00583 MSE=0.00538 Smooth=0.00045]
Epoch 651/1000 | λ=4.42e-05 | LR=2.79e-05 | Train [Total=0.01107 MSE=0.01094 Smooth=0.00012] | Val   [Total=0.00604 MSE=0.00559 Smooth=0.00044]
Epoch 652/1000 | λ=4.41e-05 | LR=2.78e-05 | Train [Total=0.00646 MSE=0.00634 Smooth=0.00012] | Val   [Total=0.00571 MSE=0.00528 Smooth=0.00043]
Epoch 653/1000 | λ=4.39e-05 | LR=2.76e-05 | Train [Total=0.00877 MSE=0.00866 Smooth=0.00010] | Val   [Total=0.00587 MSE=0.00543 Smooth=0.00043]
Epoch 654/1000 | λ=4.38e-05 | LR=2.75e-05 | Train [Total=0.01003 MSE=0.00993 Smooth=0.00011] | Val   [Total=0.00608 MSE=0.00565 Smooth=0.00043]
Epoch 655/1000 | λ=4.37e-05 | LR=2.73e-05 | Train [Total=0.00850 MSE=0.00841 Smooth=0.00009] | Val   [Total=0.00634 MSE=0.00591 Smooth=0.00043]
Epoch 656/1000 | λ=4.36e-05 | LR=2.72e-05 | Train [Total=0.01536 MSE=0.01526 Smooth=0.00009] | Val   [Total=0.00648 MSE=0.00605 Smooth=0.00043]
Epoch 657/1000 | λ=4.34e-05 | LR=2.71e-05 | Train [Total=0.00965 MSE=0.00952 Smooth=0.00013] | Val   [Total=0.00654 MSE=0.00611 Smooth=0.00042]
Epoch 658/1000 | λ=4.33e-05 | LR=2.69e-05 | Train [Total=0.00926 MSE=0.00913 Smooth=0.00013] | Val   [Total=0.00559 MSE=0.00517 Smooth=0.00042]
Epoch 659/1000 | λ=4.32e-05 | LR=2.68e-05 | Train [Total=0.01235 MSE=0.01225 Smooth=0.00011] | Val   [Total=0.00652 MSE=0.00609 Smooth=0.00043]
Epoch 660/1000 | λ=4.31e-05 | LR=2.67e-05 | Train [Total=0.00788 MSE=0.00777 Smooth=0.00011] | Val   [Total=0.00579 MSE=0.00536 Smooth=0.00043]
Epoch 661/1000 | λ=4.30e-05 | LR=2.65e-05 | Train [Total=0.01309 MSE=0.01299 Smooth=0.00011] | Val   [Total=0.00604 MSE=0.00561 Smooth=0.00043]
Epoch 662/1000 | λ=4.28e-05 | LR=2.64e-05 | Train [Total=0.01091 MSE=0.01081 Smooth=0.00010] | Val   [Total=0.00585 MSE=0.00544 Smooth=0.00042]
Epoch 663/1000 | λ=4.27e-05 | LR=2.62e-05 | Train [Total=0.01654 MSE=0.01640 Smooth=0.00014] | Val   [Total=0.00603 MSE=0.00561 Smooth=0.00042]
Epoch 664/1000 | λ=4.26e-05 | LR=2.61e-05 | Train [Total=0.01438 MSE=0.01427 Smooth=0.00011] | Val   [Total=0.00664 MSE=0.00622 Smooth=0.00042]
Epoch 665/1000 | λ=4.25e-05 | LR=2.60e-05 | Train [Total=0.01635 MSE=0.01626 Smooth=0.00009] | Val   [Total=0.00590 MSE=0.00548 Smooth=0.00042]
Epoch 666/1000 | λ=4.23e-05 | LR=2.58e-05 | Train [Total=0.01074 MSE=0.01059 Smooth=0.00014] | Val   [Total=0.00619 MSE=0.00578 Smooth=0.00041]
Epoch 667/1000 | λ=4.22e-05 | LR=2.57e-05 | Train [Total=0.00874 MSE=0.00863 Smooth=0.00011] | Val   [Total=0.00560 MSE=0.00519 Smooth=0.00041]
Epoch 668/1000 | λ=4.21e-05 | LR=2.56e-05 | Train [Total=0.00811 MSE=0.00799 Smooth=0.00013] | Val   [Total=0.00549 MSE=0.00508 Smooth=0.00041]
Epoch 669/1000 | λ=4.20e-05 | LR=2.54e-05 | Train [Total=0.00701 MSE=0.00693 Smooth=0.00008] | Val   [Total=0.00597 MSE=0.00556 Smooth=0.00042]
Epoch 670/1000 | λ=4.18e-05 | LR=2.53e-05 | Train [Total=0.01347 MSE=0.01338 Smooth=0.00009] | Val   [Total=0.00550 MSE=0.00509 Smooth=0.00040]
Epoch 671/1000 | λ=4.17e-05 | LR=2.52e-05 | Train [Total=0.01041 MSE=0.01030 Smooth=0.00011] | Val   [Total=0.00601 MSE=0.00561 Smooth=0.00041]
Epoch 672/1000 | λ=4.16e-05 | LR=2.50e-05 | Train [Total=0.00840 MSE=0.00830 Smooth=0.00010] | Val   [Total=0.00576 MSE=0.00536 Smooth=0.00040]
Epoch 673/1000 | λ=4.15e-05 | LR=2.49e-05 | Train [Total=0.00883 MSE=0.00872 Smooth=0.00012] | Val   [Total=0.00564 MSE=0.00524 Smooth=0.00040]
Epoch 674/1000 | λ=4.13e-05 | LR=2.48e-05 | Train [Total=0.00972 MSE=0.00959 Smooth=0.00012] | Val   [Total=0.00533 MSE=0.00493 Smooth=0.00040]
Epoch 675/1000 | λ=4.12e-05 | LR=2.46e-05 | Train [Total=0.00966 MSE=0.00954 Smooth=0.00012] | Val   [Total=0.00579 MSE=0.00539 Smooth=0.00040]
Epoch 676/1000 | λ=4.11e-05 | LR=2.45e-05 | Train [Total=0.00682 MSE=0.00672 Smooth=0.00011] | Val   [Total=0.00545 MSE=0.00505 Smooth=0.00039]
Epoch 677/1000 | λ=4.10e-05 | LR=2.44e-05 | Train [Total=0.01372 MSE=0.01362 Smooth=0.00010] | Val   [Total=0.00585 MSE=0.00546 Smooth=0.00039]
Epoch 678/1000 | λ=4.08e-05 | LR=2.42e-05 | Train [Total=0.00883 MSE=0.00872 Smooth=0.00011] | Val   [Total=0.00562 MSE=0.00523 Smooth=0.00039]
Epoch 679/1000 | λ=4.07e-05 | LR=2.41e-05 | Train [Total=0.01267 MSE=0.01258 Smooth=0.00010] | Val   [Total=0.00598 MSE=0.00559 Smooth=0.00039]
Epoch 680/1000 | λ=4.06e-05 | LR=2.40e-05 | Train [Total=0.00538 MSE=0.00529 Smooth=0.00009] | Val   [Total=0.00591 MSE=0.00552 Smooth=0.00039]
Epoch 681/1000 | λ=4.05e-05 | LR=2.38e-05 | Train [Total=0.00931 MSE=0.00921 Smooth=0.00011] | Val   [Total=0.00536 MSE=0.00497 Smooth=0.00039]
Epoch 682/1000 | λ=4.04e-05 | LR=2.37e-05 | Train [Total=0.01371 MSE=0.01361 Smooth=0.00010] | Val   [Total=0.00661 MSE=0.00622 Smooth=0.00039]
Epoch 683/1000 | λ=4.02e-05 | LR=2.36e-05 | Train [Total=0.01121 MSE=0.01109 Smooth=0.00012] | Val   [Total=0.00557 MSE=0.00518 Smooth=0.00039]
Epoch 684/1000 | λ=4.01e-05 | LR=2.35e-05 | Train [Total=0.01209 MSE=0.01200 Smooth=0.00009] | Val   [Total=0.00548 MSE=0.00510 Smooth=0.00038]
Epoch 685/1000 | λ=4.00e-05 | LR=2.33e-05 | Train [Total=0.01661 MSE=0.01653 Smooth=0.00008] | Val   [Total=0.00656 MSE=0.00617 Smooth=0.00038]
Epoch 686/1000 | λ=3.99e-05 | LR=2.32e-05 | Train [Total=0.00817 MSE=0.00809 Smooth=0.00008] | Val   [Total=0.00575 MSE=0.00537 Smooth=0.00038]
Epoch 687/1000 | λ=3.97e-05 | LR=2.31e-05 | Train [Total=0.01131 MSE=0.01124 Smooth=0.00007] | Val   [Total=0.00616 MSE=0.00577 Smooth=0.00038]
Epoch 688/1000 | λ=3.96e-05 | LR=2.29e-05 | Train [Total=0.00784 MSE=0.00774 Smooth=0.00010] | Val   [Total=0.00585 MSE=0.00547 Smooth=0.00038]
Epoch 689/1000 | λ=3.95e-05 | LR=2.28e-05 | Train [Total=0.01052 MSE=0.01041 Smooth=0.00011] | Val   [Total=0.00551 MSE=0.00514 Smooth=0.00037]
Epoch 690/1000 | λ=3.94e-05 | LR=2.27e-05 | Train [Total=0.01181 MSE=0.01172 Smooth=0.00008] | Val   [Total=0.00568 MSE=0.00531 Smooth=0.00037]
Epoch 691/1000 | λ=3.92e-05 | LR=2.25e-05 | Train [Total=0.01044 MSE=0.01035 Smooth=0.00009] | Val   [Total=0.00580 MSE=0.00543 Smooth=0.00037]
Epoch 692/1000 | λ=3.91e-05 | LR=2.24e-05 | Train [Total=0.01136 MSE=0.01127 Smooth=0.00009] | Val   [Total=0.00590 MSE=0.00553 Smooth=0.00038]
Epoch 693/1000 | λ=3.90e-05 | LR=2.23e-05 | Train [Total=0.01060 MSE=0.01050 Smooth=0.00010] | Val   [Total=0.00595 MSE=0.00558 Smooth=0.00037]
Epoch 694/1000 | λ=3.89e-05 | LR=2.22e-05 | Train [Total=0.01026 MSE=0.01016 Smooth=0.00010] | Val   [Total=0.00639 MSE=0.00602 Smooth=0.00037]
Epoch 695/1000 | λ=3.87e-05 | LR=2.20e-05 | Train [Total=0.01076 MSE=0.01066 Smooth=0.00010] | Val   [Total=0.00571 MSE=0.00534 Smooth=0.00037]
Epoch 696/1000 | λ=3.86e-05 | LR=2.19e-05 | Train [Total=0.00978 MSE=0.00971 Smooth=0.00007] | Val   [Total=0.00593 MSE=0.00556 Smooth=0.00037]
Epoch 697/1000 | λ=3.85e-05 | LR=2.18e-05 | Train [Total=0.00535 MSE=0.00526 Smooth=0.00009] | Val   [Total=0.00570 MSE=0.00534 Smooth=0.00037]
Epoch 698/1000 | λ=3.84e-05 | LR=2.17e-05 | Train [Total=0.01283 MSE=0.01270 Smooth=0.00013] | Val   [Total=0.00564 MSE=0.00528 Smooth=0.00036]
Epoch 699/1000 | λ=3.82e-05 | LR=2.15e-05 | Train [Total=0.00774 MSE=0.00765 Smooth=0.00009] | Val   [Total=0.00553 MSE=0.00517 Smooth=0.00036]
Epoch 700/1000 | λ=3.81e-05 | LR=2.14e-05 | Train [Total=0.01518 MSE=0.01508 Smooth=0.00010] | Val   [Total=0.00608 MSE=0.00572 Smooth=0.00036]
Epoch 701/1000 | λ=3.80e-05 | LR=2.13e-05 | Train [Total=0.01038 MSE=0.01028 Smooth=0.00009] | Val   [Total=0.00555 MSE=0.00519 Smooth=0.00037]
Epoch 702/1000 | λ=3.79e-05 | LR=2.12e-05 | Train [Total=0.01005 MSE=0.00994 Smooth=0.00011] | Val   [Total=0.00522 MSE=0.00486 Smooth=0.00036]
Epoch 703/1000 | λ=3.78e-05 | LR=2.10e-05 | Train [Total=0.01007 MSE=0.00999 Smooth=0.00009] | Val   [Total=0.00573 MSE=0.00537 Smooth=0.00036]
Epoch 704/1000 | λ=3.76e-05 | LR=2.09e-05 | Train [Total=0.00840 MSE=0.00831 Smooth=0.00009] | Val   [Total=0.00579 MSE=0.00543 Smooth=0.00036]
Epoch 705/1000 | λ=3.75e-05 | LR=2.08e-05 | Train [Total=0.00591 MSE=0.00582 Smooth=0.00010] | Val   [Total=0.00548 MSE=0.00512 Smooth=0.00036]
Epoch 706/1000 | λ=3.74e-05 | LR=2.07e-05 | Train [Total=0.01016 MSE=0.01008 Smooth=0.00008] | Val   [Total=0.00565 MSE=0.00530 Smooth=0.00035]
Epoch 707/1000 | λ=3.73e-05 | LR=2.05e-05 | Train [Total=0.01134 MSE=0.01125 Smooth=0.00009] | Val   [Total=0.00632 MSE=0.00597 Smooth=0.00035]
Epoch 708/1000 | λ=3.71e-05 | LR=2.04e-05 | Train [Total=0.01492 MSE=0.01482 Smooth=0.00010] | Val   [Total=0.00619 MSE=0.00583 Smooth=0.00036]
Epoch 709/1000 | λ=3.70e-05 | LR=2.03e-05 | Train [Total=0.01647 MSE=0.01639 Smooth=0.00008] | Val   [Total=0.00637 MSE=0.00602 Smooth=0.00035]
Epoch 710/1000 | λ=3.69e-05 | LR=2.02e-05 | Train [Total=0.01146 MSE=0.01136 Smooth=0.00009] | Val   [Total=0.00596 MSE=0.00561 Smooth=0.00035]
Epoch 711/1000 | λ=3.68e-05 | LR=2.00e-05 | Train [Total=0.00857 MSE=0.00846 Smooth=0.00011] | Val   [Total=0.00540 MSE=0.00505 Smooth=0.00035]
Epoch 712/1000 | λ=3.66e-05 | LR=1.99e-05 | Train [Total=0.00727 MSE=0.00717 Smooth=0.00009] | Val   [Total=0.00576 MSE=0.00542 Smooth=0.00035]
Epoch 713/1000 | λ=3.65e-05 | LR=1.98e-05 | Train [Total=0.01225 MSE=0.01216 Smooth=0.00009] | Val   [Total=0.00559 MSE=0.00524 Smooth=0.00035]
Epoch 714/1000 | λ=3.64e-05 | LR=1.97e-05 | Train [Total=0.00865 MSE=0.00854 Smooth=0.00011] | Val   [Total=0.00571 MSE=0.00537 Smooth=0.00034]
Epoch 715/1000 | λ=3.63e-05 | LR=1.96e-05 | Train [Total=0.00983 MSE=0.00972 Smooth=0.00010] | Val   [Total=0.00565 MSE=0.00530 Smooth=0.00034]
Epoch 716/1000 | λ=3.61e-05 | LR=1.94e-05 | Train [Total=0.01259 MSE=0.01250 Smooth=0.00009] | Val   [Total=0.00570 MSE=0.00536 Smooth=0.00034]
Epoch 717/1000 | λ=3.60e-05 | LR=1.93e-05 | Train [Total=0.00933 MSE=0.00925 Smooth=0.00008] | Val   [Total=0.00568 MSE=0.00534 Smooth=0.00034]
Epoch 718/1000 | λ=3.59e-05 | LR=1.92e-05 | Train [Total=0.01405 MSE=0.01398 Smooth=0.00007] | Val   [Total=0.00595 MSE=0.00562 Smooth=0.00034]
Epoch 719/1000 | λ=3.58e-05 | LR=1.91e-05 | Train [Total=0.00662 MSE=0.00654 Smooth=0.00008] | Val   [Total=0.00597 MSE=0.00563 Smooth=0.00033]
Epoch 720/1000 | λ=3.56e-05 | LR=1.89e-05 | Train [Total=0.01497 MSE=0.01491 Smooth=0.00006] | Val   [Total=0.00684 MSE=0.00651 Smooth=0.00033]
Epoch 721/1000 | λ=3.55e-05 | LR=1.88e-05 | Train [Total=0.01079 MSE=0.01072 Smooth=0.00007] | Val   [Total=0.00574 MSE=0.00540 Smooth=0.00034]
Epoch 722/1000 | λ=3.54e-05 | LR=1.87e-05 | Train [Total=0.00974 MSE=0.00965 Smooth=0.00008] | Val   [Total=0.00601 MSE=0.00567 Smooth=0.00033]
Epoch 723/1000 | λ=3.53e-05 | LR=1.86e-05 | Train [Total=0.01056 MSE=0.01047 Smooth=0.00009] | Val   [Total=0.00556 MSE=0.00523 Smooth=0.00033]
Epoch 724/1000 | λ=3.52e-05 | LR=1.85e-05 | Train [Total=0.01165 MSE=0.01157 Smooth=0.00007] | Val   [Total=0.00651 MSE=0.00618 Smooth=0.00033]
Epoch 725/1000 | λ=3.50e-05 | LR=1.84e-05 | Train [Total=0.01258 MSE=0.01248 Smooth=0.00010] | Val   [Total=0.00586 MSE=0.00553 Smooth=0.00033]
Epoch 726/1000 | λ=3.49e-05 | LR=1.82e-05 | Train [Total=0.01162 MSE=0.01155 Smooth=0.00008] | Val   [Total=0.00594 MSE=0.00561 Smooth=0.00033]
Epoch 727/1000 | λ=3.48e-05 | LR=1.81e-05 | Train [Total=0.01143 MSE=0.01136 Smooth=0.00007] | Val   [Total=0.00601 MSE=0.00568 Smooth=0.00033]
Epoch 728/1000 | λ=3.47e-05 | LR=1.80e-05 | Train [Total=0.01042 MSE=0.01034 Smooth=0.00008] | Val   [Total=0.00613 MSE=0.00580 Smooth=0.00032]
Epoch 729/1000 | λ=3.45e-05 | LR=1.79e-05 | Train [Total=0.01273 MSE=0.01266 Smooth=0.00008] | Val   [Total=0.00641 MSE=0.00609 Smooth=0.00032]
Epoch 730/1000 | λ=3.44e-05 | LR=1.78e-05 | Train [Total=0.01188 MSE=0.01181 Smooth=0.00007] | Val   [Total=0.00648 MSE=0.00615 Smooth=0.00032]
Epoch 731/1000 | λ=3.43e-05 | LR=1.76e-05 | Train [Total=0.01572 MSE=0.01562 Smooth=0.00011] | Val   [Total=0.00600 MSE=0.00567 Smooth=0.00033]
Epoch 732/1000 | λ=3.42e-05 | LR=1.75e-05 | Train [Total=0.00741 MSE=0.00732 Smooth=0.00008] | Val   [Total=0.00601 MSE=0.00569 Smooth=0.00032]
Epoch 733/1000 | λ=3.40e-05 | LR=1.74e-05 | Train [Total=0.00712 MSE=0.00705 Smooth=0.00007] | Val   [Total=0.00563 MSE=0.00530 Smooth=0.00032]
Epoch 734/1000 | λ=3.39e-05 | LR=1.73e-05 | Train [Total=0.00933 MSE=0.00926 Smooth=0.00007] | Val   [Total=0.00585 MSE=0.00553 Smooth=0.00032]
Epoch 735/1000 | λ=3.38e-05 | LR=1.72e-05 | Train [Total=0.01491 MSE=0.01481 Smooth=0.00010] | Val   [Total=0.00606 MSE=0.00574 Smooth=0.00031]
Epoch 736/1000 | λ=3.37e-05 | LR=1.71e-05 | Train [Total=0.01554 MSE=0.01545 Smooth=0.00009] | Val   [Total=0.00616 MSE=0.00585 Smooth=0.00031]
Epoch 737/1000 | λ=3.35e-05 | LR=1.70e-05 | Train [Total=0.00869 MSE=0.00861 Smooth=0.00008] | Val   [Total=0.00583 MSE=0.00552 Smooth=0.00031]
Epoch 738/1000 | λ=3.34e-05 | LR=1.68e-05 | Train [Total=0.01324 MSE=0.01316 Smooth=0.00008] | Val   [Total=0.00602 MSE=0.00571 Smooth=0.00031]
Epoch 739/1000 | λ=3.33e-05 | LR=1.67e-05 | Train [Total=0.00598 MSE=0.00591 Smooth=0.00006] | Val   [Total=0.00579 MSE=0.00548 Smooth=0.00031]
Epoch 740/1000 | λ=3.32e-05 | LR=1.66e-05 | Train [Total=0.01214 MSE=0.01206 Smooth=0.00008] | Val   [Total=0.00593 MSE=0.00563 Smooth=0.00031]
Epoch 741/1000 | λ=3.31e-05 | LR=1.65e-05 | Train [Total=0.00433 MSE=0.00425 Smooth=0.00008] | Val   [Total=0.00635 MSE=0.00604 Smooth=0.00031]
Epoch 742/1000 | λ=3.29e-05 | LR=1.64e-05 | Train [Total=0.00802 MSE=0.00792 Smooth=0.00010] | Val   [Total=0.00591 MSE=0.00560 Smooth=0.00031]
Epoch 743/1000 | λ=3.28e-05 | LR=1.63e-05 | Train [Total=0.00715 MSE=0.00708 Smooth=0.00007] | Val   [Total=0.00562 MSE=0.00532 Smooth=0.00030]
Epoch 744/1000 | λ=3.27e-05 | LR=1.62e-05 | Train [Total=0.01158 MSE=0.01151 Smooth=0.00007] | Val   [Total=0.00588 MSE=0.00558 Smooth=0.00030]
Epoch 745/1000 | λ=3.26e-05 | LR=1.61e-05 | Train [Total=0.01119 MSE=0.01112 Smooth=0.00007] | Val   [Total=0.00564 MSE=0.00533 Smooth=0.00031]
Epoch 746/1000 | λ=3.24e-05 | LR=1.59e-05 | Train [Total=0.00927 MSE=0.00921 Smooth=0.00006] | Val   [Total=0.00530 MSE=0.00500 Smooth=0.00030]
Epoch 747/1000 | λ=3.23e-05 | LR=1.58e-05 | Train [Total=0.01326 MSE=0.01316 Smooth=0.00009] | Val   [Total=0.00595 MSE=0.00565 Smooth=0.00030]
Epoch 748/1000 | λ=3.22e-05 | LR=1.57e-05 | Train [Total=0.01165 MSE=0.01158 Smooth=0.00007] | Val   [Total=0.00626 MSE=0.00596 Smooth=0.00030]
Epoch 749/1000 | λ=3.21e-05 | LR=1.56e-05 | Train [Total=0.01094 MSE=0.01088 Smooth=0.00006] | Val   [Total=0.00656 MSE=0.00626 Smooth=0.00030]
Epoch 750/1000 | λ=3.19e-05 | LR=1.55e-05 | Train [Total=0.01641 MSE=0.01632 Smooth=0.00009] | Val   [Total=0.00617 MSE=0.00587 Smooth=0.00029]
Epoch 751/1000 | λ=3.18e-05 | LR=1.54e-05 | Train [Total=0.01045 MSE=0.01037 Smooth=0.00008] | Val   [Total=0.00623 MSE=0.00593 Smooth=0.00030]
Epoch 752/1000 | λ=3.17e-05 | LR=1.53e-05 | Train [Total=0.01082 MSE=0.01076 Smooth=0.00006] | Val   [Total=0.00628 MSE=0.00599 Smooth=0.00029]
Epoch 753/1000 | λ=3.16e-05 | LR=1.52e-05 | Train [Total=0.01346 MSE=0.01339 Smooth=0.00007] | Val   [Total=0.00606 MSE=0.00576 Smooth=0.00029]
Epoch 754/1000 | λ=3.14e-05 | LR=1.51e-05 | Train [Total=0.00907 MSE=0.00900 Smooth=0.00007] | Val   [Total=0.00634 MSE=0.00605 Smooth=0.00029]
Epoch 755/1000 | λ=3.13e-05 | LR=1.50e-05 | Train [Total=0.01415 MSE=0.01407 Smooth=0.00008] | Val   [Total=0.00612 MSE=0.00583 Smooth=0.00029]
Epoch 756/1000 | λ=3.12e-05 | LR=1.48e-05 | Train [Total=0.01031 MSE=0.01023 Smooth=0.00008] | Val   [Total=0.00589 MSE=0.00560 Smooth=0.00029]
Epoch 757/1000 | λ=3.11e-05 | LR=1.47e-05 | Train [Total=0.01179 MSE=0.01170 Smooth=0.00008] | Val   [Total=0.00610 MSE=0.00581 Smooth=0.00029]
Epoch 758/1000 | λ=3.09e-05 | LR=1.46e-05 | Train [Total=0.00763 MSE=0.00755 Smooth=0.00007] | Val   [Total=0.00617 MSE=0.00588 Smooth=0.00029]
Epoch 759/1000 | λ=3.08e-05 | LR=1.45e-05 | Train [Total=0.01408 MSE=0.01400 Smooth=0.00008] | Val   [Total=0.00609 MSE=0.00581 Smooth=0.00028]
Epoch 760/1000 | λ=3.07e-05 | LR=1.44e-05 | Train [Total=0.01103 MSE=0.01097 Smooth=0.00006] | Val   [Total=0.00586 MSE=0.00557 Smooth=0.00029]
Epoch 761/1000 | λ=3.06e-05 | LR=1.43e-05 | Train [Total=0.00826 MSE=0.00817 Smooth=0.00008] | Val   [Total=0.00639 MSE=0.00611 Smooth=0.00028]
Epoch 762/1000 | λ=3.05e-05 | LR=1.42e-05 | Train [Total=0.00940 MSE=0.00932 Smooth=0.00008] | Val   [Total=0.00636 MSE=0.00607 Smooth=0.00028]
Epoch 763/1000 | λ=3.03e-05 | LR=1.41e-05 | Train [Total=0.00884 MSE=0.00876 Smooth=0.00008] | Val   [Total=0.00617 MSE=0.00588 Smooth=0.00028]
Epoch 764/1000 | λ=3.02e-05 | LR=1.40e-05 | Train [Total=0.01807 MSE=0.01800 Smooth=0.00007] | Val   [Total=0.00594 MSE=0.00566 Smooth=0.00028]
Epoch 765/1000 | λ=3.01e-05 | LR=1.39e-05 | Train [Total=0.01014 MSE=0.01008 Smooth=0.00005] | Val   [Total=0.00592 MSE=0.00565 Smooth=0.00028]
Epoch 766/1000 | λ=3.00e-05 | LR=1.38e-05 | Train [Total=0.01019 MSE=0.01012 Smooth=0.00007] | Val   [Total=0.00571 MSE=0.00544 Smooth=0.00028]
Epoch 767/1000 | λ=2.98e-05 | LR=1.37e-05 | Train [Total=0.01353 MSE=0.01346 Smooth=0.00006] | Val   [Total=0.00643 MSE=0.00616 Smooth=0.00028]
Epoch 768/1000 | λ=2.97e-05 | LR=1.36e-05 | Train [Total=0.00841 MSE=0.00834 Smooth=0.00007] | Val   [Total=0.00571 MSE=0.00544 Smooth=0.00028]
Epoch 769/1000 | λ=2.96e-05 | LR=1.35e-05 | Train [Total=0.01047 MSE=0.01040 Smooth=0.00007] | Val   [Total=0.00584 MSE=0.00557 Smooth=0.00027]
Epoch 770/1000 | λ=2.95e-05 | LR=1.34e-05 | Train [Total=0.00887 MSE=0.00880 Smooth=0.00007] | Val   [Total=0.00566 MSE=0.00539 Smooth=0.00027]
Epoch 771/1000 | λ=2.93e-05 | LR=1.33e-05 | Train [Total=0.01292 MSE=0.01286 Smooth=0.00006] | Val   [Total=0.00569 MSE=0.00542 Smooth=0.00027]
Epoch 772/1000 | λ=2.92e-05 | LR=1.32e-05 | Train [Total=0.00801 MSE=0.00795 Smooth=0.00006] | Val   [Total=0.00567 MSE=0.00540 Smooth=0.00027]
Epoch 773/1000 | λ=2.91e-05 | LR=1.31e-05 | Train [Total=0.01016 MSE=0.01007 Smooth=0.00009] | Val   [Total=0.00579 MSE=0.00552 Smooth=0.00027]
Epoch 774/1000 | λ=2.90e-05 | LR=1.30e-05 | Train [Total=0.00795 MSE=0.00788 Smooth=0.00007] | Val   [Total=0.00578 MSE=0.00551 Smooth=0.00027]
Epoch 775/1000 | λ=2.88e-05 | LR=1.29e-05 | Train [Total=0.00969 MSE=0.00963 Smooth=0.00006] | Val   [Total=0.00576 MSE=0.00550 Smooth=0.00026]
Epoch 776/1000 | λ=2.87e-05 | LR=1.28e-05 | Train [Total=0.01280 MSE=0.01273 Smooth=0.00007] | Val   [Total=0.00636 MSE=0.00610 Smooth=0.00026]
Epoch 777/1000 | λ=2.86e-05 | LR=1.27e-05 | Train [Total=0.01804 MSE=0.01796 Smooth=0.00007] | Val   [Total=0.00659 MSE=0.00633 Smooth=0.00026]
Epoch 778/1000 | λ=2.85e-05 | LR=1.26e-05 | Train [Total=0.01151 MSE=0.01145 Smooth=0.00006] | Val   [Total=0.00631 MSE=0.00605 Smooth=0.00026]
Epoch 779/1000 | λ=2.83e-05 | LR=1.25e-05 | Train [Total=0.00961 MSE=0.00954 Smooth=0.00007] | Val   [Total=0.00595 MSE=0.00569 Smooth=0.00026]
Epoch 780/1000 | λ=2.82e-05 | LR=1.24e-05 | Train [Total=0.01094 MSE=0.01088 Smooth=0.00006] | Val   [Total=0.00621 MSE=0.00595 Smooth=0.00026]
Epoch 781/1000 | λ=2.81e-05 | LR=1.23e-05 | Train [Total=0.00771 MSE=0.00765 Smooth=0.00006] | Val   [Total=0.00661 MSE=0.00635 Smooth=0.00026]
Epoch 782/1000 | λ=2.80e-05 | LR=1.22e-05 | Train [Total=0.01325 MSE=0.01320 Smooth=0.00005] | Val   [Total=0.00600 MSE=0.00574 Smooth=0.00026]
Epoch 783/1000 | λ=2.79e-05 | LR=1.21e-05 | Train [Total=0.01398 MSE=0.01393 Smooth=0.00005] | Val   [Total=0.00613 MSE=0.00587 Smooth=0.00026]
Epoch 784/1000 | λ=2.77e-05 | LR=1.20e-05 | Train [Total=0.01378 MSE=0.01372 Smooth=0.00007] | Val   [Total=0.00592 MSE=0.00566 Smooth=0.00026]
Epoch 785/1000 | λ=2.76e-05 | LR=1.19e-05 | Train [Total=0.01362 MSE=0.01356 Smooth=0.00006] | Val   [Total=0.00585 MSE=0.00560 Smooth=0.00025]
Epoch 786/1000 | λ=2.75e-05 | LR=1.18e-05 | Train [Total=0.01265 MSE=0.01259 Smooth=0.00006] | Val   [Total=0.00562 MSE=0.00537 Smooth=0.00025]
Epoch 787/1000 | λ=2.74e-05 | LR=1.17e-05 | Train [Total=0.01266 MSE=0.01258 Smooth=0.00007] | Val   [Total=0.00567 MSE=0.00542 Smooth=0.00025]
Epoch 788/1000 | λ=2.72e-05 | LR=1.16e-05 | Train [Total=0.01095 MSE=0.01090 Smooth=0.00005] | Val   [Total=0.00632 MSE=0.00607 Smooth=0.00025]
Epoch 789/1000 | λ=2.71e-05 | LR=1.15e-05 | Train [Total=0.00893 MSE=0.00885 Smooth=0.00008] | Val   [Total=0.00593 MSE=0.00568 Smooth=0.00025]
Epoch 790/1000 | λ=2.70e-05 | LR=1.14e-05 | Train [Total=0.01162 MSE=0.01156 Smooth=0.00006] | Val   [Total=0.00596 MSE=0.00571 Smooth=0.00024]
Epoch 791/1000 | λ=2.69e-05 | LR=1.13e-05 | Train [Total=0.01205 MSE=0.01200 Smooth=0.00006] | Val   [Total=0.00604 MSE=0.00579 Smooth=0.00025]
Epoch 792/1000 | λ=2.67e-05 | LR=1.12e-05 | Train [Total=0.01022 MSE=0.01016 Smooth=0.00007] | Val   [Total=0.00608 MSE=0.00584 Smooth=0.00024]
Epoch 793/1000 | λ=2.66e-05 | LR=1.11e-05 | Train [Total=0.01044 MSE=0.01038 Smooth=0.00006] | Val   [Total=0.00591 MSE=0.00567 Smooth=0.00024]
Epoch 794/1000 | λ=2.65e-05 | LR=1.10e-05 | Train [Total=0.01262 MSE=0.01255 Smooth=0.00007] | Val   [Total=0.00598 MSE=0.00574 Smooth=0.00024]
Epoch 795/1000 | λ=2.64e-05 | LR=1.09e-05 | Train [Total=0.01120 MSE=0.01115 Smooth=0.00006] | Val   [Total=0.00618 MSE=0.00594 Smooth=0.00024]
Epoch 796/1000 | λ=2.62e-05 | LR=1.08e-05 | Train [Total=0.00810 MSE=0.00804 Smooth=0.00006] | Val   [Total=0.00604 MSE=0.00580 Smooth=0.00024]
Epoch 797/1000 | λ=2.61e-05 | LR=1.07e-05 | Train [Total=0.01040 MSE=0.01034 Smooth=0.00006] | Val   [Total=0.00639 MSE=0.00615 Smooth=0.00024]
Epoch 798/1000 | λ=2.60e-05 | LR=1.06e-05 | Train [Total=0.01322 MSE=0.01316 Smooth=0.00006] | Val   [Total=0.00658 MSE=0.00634 Smooth=0.00024]
Epoch 799/1000 | λ=2.59e-05 | LR=1.05e-05 | Train [Total=0.01874 MSE=0.01868 Smooth=0.00006] | Val   [Total=0.00670 MSE=0.00647 Smooth=0.00024]
Epoch 800/1000 | λ=2.58e-05 | LR=1.05e-05 | Train [Total=0.00708 MSE=0.00702 Smooth=0.00006] | Val   [Total=0.00613 MSE=0.00590 Smooth=0.00023]
Epoch 801/1000 | λ=2.56e-05 | LR=1.04e-05 | Train [Total=0.00930 MSE=0.00921 Smooth=0.00008] | Val   [Total=0.00624 MSE=0.00601 Smooth=0.00023]
Epoch 802/1000 | λ=2.55e-05 | LR=1.03e-05 | Train [Total=0.01293 MSE=0.01286 Smooth=0.00006] | Val   [Total=0.00650 MSE=0.00627 Smooth=0.00023]
Epoch 803/1000 | λ=2.54e-05 | LR=1.02e-05 | Train [Total=0.00786 MSE=0.00780 Smooth=0.00005] | Val   [Total=0.00597 MSE=0.00573 Smooth=0.00024]
Epoch 804/1000 | λ=2.53e-05 | LR=1.01e-05 | Train [Total=0.01055 MSE=0.01047 Smooth=0.00008] | Val   [Total=0.00591 MSE=0.00567 Smooth=0.00023]
Epoch 805/1000 | λ=2.51e-05 | LR=1.00e-05 | Train [Total=0.00654 MSE=0.00649 Smooth=0.00005] | Val   [Total=0.00663 MSE=0.00640 Smooth=0.00023]
Epoch 806/1000 | λ=2.50e-05 | LR=9.91e-06 | Train [Total=0.01118 MSE=0.01113 Smooth=0.00005] | Val   [Total=0.00612 MSE=0.00589 Smooth=0.00023]
Epoch 807/1000 | λ=2.49e-05 | LR=9.82e-06 | Train [Total=0.01230 MSE=0.01224 Smooth=0.00006] | Val   [Total=0.00616 MSE=0.00593 Smooth=0.00023]
Epoch 808/1000 | λ=2.48e-05 | LR=9.74e-06 | Train [Total=0.01043 MSE=0.01037 Smooth=0.00006] | Val   [Total=0.00618 MSE=0.00596 Smooth=0.00022]
Epoch 809/1000 | λ=2.46e-05 | LR=9.65e-06 | Train [Total=0.00987 MSE=0.00982 Smooth=0.00005] | Val   [Total=0.00609 MSE=0.00587 Smooth=0.00022]
Epoch 810/1000 | λ=2.45e-05 | LR=9.56e-06 | Train [Total=0.01148 MSE=0.01142 Smooth=0.00006] | Val   [Total=0.00641 MSE=0.00618 Smooth=0.00022]
Epoch 811/1000 | λ=2.44e-05 | LR=9.47e-06 | Train [Total=0.00995 MSE=0.00989 Smooth=0.00006] | Val   [Total=0.00624 MSE=0.00602 Smooth=0.00022]
Epoch 812/1000 | λ=2.43e-05 | LR=9.39e-06 | Train [Total=0.01246 MSE=0.01241 Smooth=0.00005] | Val   [Total=0.00611 MSE=0.00589 Smooth=0.00022]
Epoch 813/1000 | λ=2.41e-05 | LR=9.30e-06 | Train [Total=0.01074 MSE=0.01069 Smooth=0.00005] | Val   [Total=0.00630 MSE=0.00608 Smooth=0.00022]
Epoch 814/1000 | λ=2.40e-05 | LR=9.21e-06 | Train [Total=0.00822 MSE=0.00816 Smooth=0.00006] | Val   [Total=0.00589 MSE=0.00567 Smooth=0.00022]
Epoch 815/1000 | λ=2.39e-05 | LR=9.13e-06 | Train [Total=0.01310 MSE=0.01305 Smooth=0.00005] | Val   [Total=0.00604 MSE=0.00583 Smooth=0.00022]
Epoch 816/1000 | λ=2.38e-05 | LR=9.04e-06 | Train [Total=0.01114 MSE=0.01108 Smooth=0.00006] | Val   [Total=0.00641 MSE=0.00620 Smooth=0.00022]
Epoch 817/1000 | λ=2.36e-05 | LR=8.96e-06 | Train [Total=0.01066 MSE=0.01059 Smooth=0.00006] | Val   [Total=0.00615 MSE=0.00594 Smooth=0.00022]
Epoch 818/1000 | λ=2.35e-05 | LR=8.87e-06 | Train [Total=0.01031 MSE=0.01026 Smooth=0.00005] | Val   [Total=0.00601 MSE=0.00579 Smooth=0.00021]
Epoch 819/1000 | λ=2.34e-05 | LR=8.79e-06 | Train [Total=0.01614 MSE=0.01609 Smooth=0.00005] | Val   [Total=0.00615 MSE=0.00594 Smooth=0.00021]
Epoch 820/1000 | λ=2.33e-05 | LR=8.71e-06 | Train [Total=0.01832 MSE=0.01828 Smooth=0.00004] | Val   [Total=0.00641 MSE=0.00620 Smooth=0.00021]
Epoch 821/1000 | λ=2.32e-05 | LR=8.62e-06 | Train [Total=0.01746 MSE=0.01742 Smooth=0.00005] | Val   [Total=0.00638 MSE=0.00617 Smooth=0.00021]
Epoch 822/1000 | λ=2.30e-05 | LR=8.54e-06 | Train [Total=0.00938 MSE=0.00933 Smooth=0.00005] | Val   [Total=0.00676 MSE=0.00655 Smooth=0.00021]
Epoch 823/1000 | λ=2.29e-05 | LR=8.46e-06 | Train [Total=0.00961 MSE=0.00955 Smooth=0.00006] | Val   [Total=0.00629 MSE=0.00608 Smooth=0.00021]
Epoch 824/1000 | λ=2.28e-05 | LR=8.38e-06 | Train [Total=0.01022 MSE=0.01017 Smooth=0.00005] | Val   [Total=0.00623 MSE=0.00602 Smooth=0.00021]
Epoch 825/1000 | λ=2.27e-05 | LR=8.29e-06 | Train [Total=0.01346 MSE=0.01342 Smooth=0.00004] | Val   [Total=0.00626 MSE=0.00605 Smooth=0.00020]
Epoch 826/1000 | λ=2.25e-05 | LR=8.21e-06 | Train [Total=0.00752 MSE=0.00747 Smooth=0.00005] | Val   [Total=0.00627 MSE=0.00607 Smooth=0.00021]
Epoch 827/1000 | λ=2.24e-05 | LR=8.13e-06 | Train [Total=0.00644 MSE=0.00638 Smooth=0.00006] | Val   [Total=0.00625 MSE=0.00604 Smooth=0.00020]
Epoch 828/1000 | λ=2.23e-05 | LR=8.05e-06 | Train [Total=0.00450 MSE=0.00445 Smooth=0.00004] | Val   [Total=0.00591 MSE=0.00571 Smooth=0.00020]
Epoch 829/1000 | λ=2.22e-05 | LR=7.97e-06 | Train [Total=0.00717 MSE=0.00711 Smooth=0.00006] | Val   [Total=0.00590 MSE=0.00570 Smooth=0.00020]
Epoch 830/1000 | λ=2.20e-05 | LR=7.89e-06 | Train [Total=0.01184 MSE=0.01177 Smooth=0.00006] | Val   [Total=0.00604 MSE=0.00584 Smooth=0.00020]
Epoch 831/1000 | λ=2.19e-05 | LR=7.81e-06 | Train [Total=0.00638 MSE=0.00632 Smooth=0.00005] | Val   [Total=0.00595 MSE=0.00576 Smooth=0.00020]
Epoch 832/1000 | λ=2.18e-05 | LR=7.74e-06 | Train [Total=0.01619 MSE=0.01614 Smooth=0.00005] | Val   [Total=0.00629 MSE=0.00610 Smooth=0.00019]
Epoch 833/1000 | λ=2.17e-05 | LR=7.66e-06 | Train [Total=0.00986 MSE=0.00981 Smooth=0.00005] | Val   [Total=0.00632 MSE=0.00612 Smooth=0.00020]
Epoch 834/1000 | λ=2.15e-05 | LR=7.58e-06 | Train [Total=0.01057 MSE=0.01054 Smooth=0.00003] | Val   [Total=0.00604 MSE=0.00584 Smooth=0.00020]
Epoch 835/1000 | λ=2.14e-05 | LR=7.50e-06 | Train [Total=0.00955 MSE=0.00950 Smooth=0.00005] | Val   [Total=0.00597 MSE=0.00577 Smooth=0.00019]
Epoch 836/1000 | λ=2.13e-05 | LR=7.43e-06 | Train [Total=0.01264 MSE=0.01260 Smooth=0.00004] | Val   [Total=0.00619 MSE=0.00600 Smooth=0.00019]
Epoch 837/1000 | λ=2.12e-05 | LR=7.35e-06 | Train [Total=0.01169 MSE=0.01164 Smooth=0.00005] | Val   [Total=0.00610 MSE=0.00590 Smooth=0.00019]
Epoch 838/1000 | λ=2.10e-05 | LR=7.27e-06 | Train [Total=0.00860 MSE=0.00855 Smooth=0.00005] | Val   [Total=0.00595 MSE=0.00576 Smooth=0.00019]
Epoch 839/1000 | λ=2.09e-05 | LR=7.20e-06 | Train [Total=0.01308 MSE=0.01303 Smooth=0.00004] | Val   [Total=0.00639 MSE=0.00620 Smooth=0.00019]
Epoch 840/1000 | λ=2.08e-05 | LR=7.12e-06 | Train [Total=0.01010 MSE=0.01005 Smooth=0.00005] | Val   [Total=0.00604 MSE=0.00586 Smooth=0.00019]
Epoch 841/1000 | λ=2.07e-05 | LR=7.05e-06 | Train [Total=0.00854 MSE=0.00849 Smooth=0.00005] | Val   [Total=0.00611 MSE=0.00592 Smooth=0.00019]
Epoch 842/1000 | λ=2.06e-05 | LR=6.97e-06 | Train [Total=0.00652 MSE=0.00646 Smooth=0.00006] | Val   [Total=0.00610 MSE=0.00592 Smooth=0.00019]
Epoch 843/1000 | λ=2.04e-05 | LR=6.90e-06 | Train [Total=0.00779 MSE=0.00775 Smooth=0.00004] | Val   [Total=0.00603 MSE=0.00584 Smooth=0.00018]
Epoch 844/1000 | λ=2.03e-05 | LR=6.83e-06 | Train [Total=0.00468 MSE=0.00464 Smooth=0.00004] | Val   [Total=0.00571 MSE=0.00552 Smooth=0.00018]
Epoch 845/1000 | λ=2.02e-05 | LR=6.75e-06 | Train [Total=0.01255 MSE=0.01250 Smooth=0.00005] | Val   [Total=0.00616 MSE=0.00598 Smooth=0.00018]
Epoch 846/1000 | λ=2.01e-05 | LR=6.68e-06 | Train [Total=0.00812 MSE=0.00807 Smooth=0.00005] | Val   [Total=0.00610 MSE=0.00592 Smooth=0.00018]
Epoch 847/1000 | λ=1.99e-05 | LR=6.61e-06 | Train [Total=0.00625 MSE=0.00621 Smooth=0.00004] | Val   [Total=0.00633 MSE=0.00615 Smooth=0.00018]
Epoch 848/1000 | λ=1.98e-05 | LR=6.54e-06 | Train [Total=0.00749 MSE=0.00744 Smooth=0.00005] | Val   [Total=0.00626 MSE=0.00608 Smooth=0.00018]
Epoch 849/1000 | λ=1.97e-05 | LR=6.47e-06 | Train [Total=0.01217 MSE=0.01213 Smooth=0.00004] | Val   [Total=0.00593 MSE=0.00575 Smooth=0.00018]
Epoch 850/1000 | λ=1.96e-05 | LR=6.40e-06 | Train [Total=0.01257 MSE=0.01253 Smooth=0.00004] | Val   [Total=0.00593 MSE=0.00576 Smooth=0.00018]
Epoch 851/1000 | λ=1.94e-05 | LR=6.32e-06 | Train [Total=0.01633 MSE=0.01629 Smooth=0.00004] | Val   [Total=0.00630 MSE=0.00612 Smooth=0.00017]
Epoch 852/1000 | λ=1.93e-05 | LR=6.25e-06 | Train [Total=0.01203 MSE=0.01199 Smooth=0.00004] | Val   [Total=0.00610 MSE=0.00593 Smooth=0.00017]
Epoch 853/1000 | λ=1.92e-05 | LR=6.19e-06 | Train [Total=0.00737 MSE=0.00733 Smooth=0.00004] | Val   [Total=0.00611 MSE=0.00594 Smooth=0.00017]
Epoch 854/1000 | λ=1.91e-05 | LR=6.12e-06 | Train [Total=0.00841 MSE=0.00836 Smooth=0.00005] | Val   [Total=0.00605 MSE=0.00588 Smooth=0.00017]
Epoch 855/1000 | λ=1.89e-05 | LR=6.05e-06 | Train [Total=0.01138 MSE=0.01134 Smooth=0.00004] | Val   [Total=0.00601 MSE=0.00584 Smooth=0.00017]
Epoch 856/1000 | λ=1.88e-05 | LR=5.98e-06 | Train [Total=0.00945 MSE=0.00942 Smooth=0.00003] | Val   [Total=0.00600 MSE=0.00583 Smooth=0.00017]
Epoch 857/1000 | λ=1.87e-05 | LR=5.91e-06 | Train [Total=0.01749 MSE=0.01745 Smooth=0.00004] | Val   [Total=0.00616 MSE=0.00599 Smooth=0.00017]
Epoch 858/1000 | λ=1.86e-05 | LR=5.84e-06 | Train [Total=0.01248 MSE=0.01244 Smooth=0.00004] | Val   [Total=0.00616 MSE=0.00599 Smooth=0.00017]
Epoch 859/1000 | λ=1.84e-05 | LR=5.78e-06 | Train [Total=0.01096 MSE=0.01092 Smooth=0.00004] | Val   [Total=0.00612 MSE=0.00595 Smooth=0.00017]
Epoch 860/1000 | λ=1.83e-05 | LR=5.71e-06 | Train [Total=0.00815 MSE=0.00811 Smooth=0.00005] | Val   [Total=0.00607 MSE=0.00590 Smooth=0.00017]
Epoch 861/1000 | λ=1.82e-05 | LR=5.65e-06 | Train [Total=0.01243 MSE=0.01239 Smooth=0.00004] | Val   [Total=0.00609 MSE=0.00593 Smooth=0.00016]
Epoch 862/1000 | λ=1.81e-05 | LR=5.58e-06 | Train [Total=0.00677 MSE=0.00672 Smooth=0.00005] | Val   [Total=0.00630 MSE=0.00614 Smooth=0.00016]
Epoch 863/1000 | λ=1.80e-05 | LR=5.51e-06 | Train [Total=0.01103 MSE=0.01100 Smooth=0.00004] | Val   [Total=0.00608 MSE=0.00592 Smooth=0.00016]
Epoch 864/1000 | λ=1.78e-05 | LR=5.45e-06 | Train [Total=0.00754 MSE=0.00750 Smooth=0.00005] | Val   [Total=0.00627 MSE=0.00611 Smooth=0.00016]
Epoch 865/1000 | λ=1.77e-05 | LR=5.39e-06 | Train [Total=0.01038 MSE=0.01034 Smooth=0.00004] | Val   [Total=0.00628 MSE=0.00612 Smooth=0.00016]
Epoch 866/1000 | λ=1.76e-05 | LR=5.32e-06 | Train [Total=0.01112 MSE=0.01107 Smooth=0.00004] | Val   [Total=0.00626 MSE=0.00610 Smooth=0.00016]
Epoch 867/1000 | λ=1.75e-05 | LR=5.26e-06 | Train [Total=0.00672 MSE=0.00667 Smooth=0.00004] | Val   [Total=0.00599 MSE=0.00583 Smooth=0.00016]
Epoch 868/1000 | λ=1.73e-05 | LR=5.20e-06 | Train [Total=0.01373 MSE=0.01369 Smooth=0.00005] | Val   [Total=0.00606 MSE=0.00591 Smooth=0.00016]
Epoch 869/1000 | λ=1.72e-05 | LR=5.13e-06 | Train [Total=0.01614 MSE=0.01610 Smooth=0.00004] | Val   [Total=0.00624 MSE=0.00609 Smooth=0.00015]
Epoch 870/1000 | λ=1.71e-05 | LR=5.07e-06 | Train [Total=0.01217 MSE=0.01214 Smooth=0.00003] | Val   [Total=0.00615 MSE=0.00599 Smooth=0.00016]
Epoch 871/1000 | λ=1.70e-05 | LR=5.01e-06 | Train [Total=0.00965 MSE=0.00962 Smooth=0.00003] | Val   [Total=0.00580 MSE=0.00565 Smooth=0.00015]
Epoch 872/1000 | λ=1.68e-05 | LR=4.95e-06 | Train [Total=0.01632 MSE=0.01628 Smooth=0.00004] | Val   [Total=0.00579 MSE=0.00564 Smooth=0.00015]
Epoch 873/1000 | λ=1.67e-05 | LR=4.89e-06 | Train [Total=0.00668 MSE=0.00664 Smooth=0.00004] | Val   [Total=0.00581 MSE=0.00566 Smooth=0.00015]
Epoch 874/1000 | λ=1.66e-05 | LR=4.83e-06 | Train [Total=0.00771 MSE=0.00767 Smooth=0.00004] | Val   [Total=0.00588 MSE=0.00573 Smooth=0.00015]
Epoch 875/1000 | λ=1.65e-05 | LR=4.77e-06 | Train [Total=0.00723 MSE=0.00718 Smooth=0.00004] | Val   [Total=0.00597 MSE=0.00582 Smooth=0.00015]
Epoch 876/1000 | λ=1.63e-05 | LR=4.71e-06 | Train [Total=0.00970 MSE=0.00968 Smooth=0.00003] | Val   [Total=0.00604 MSE=0.00590 Smooth=0.00015]
Epoch 877/1000 | λ=1.62e-05 | LR=4.65e-06 | Train [Total=0.00462 MSE=0.00458 Smooth=0.00004] | Val   [Total=0.00601 MSE=0.00587 Smooth=0.00015]
Epoch 878/1000 | λ=1.61e-05 | LR=4.59e-06 | Train [Total=0.01347 MSE=0.01343 Smooth=0.00004] | Val   [Total=0.00602 MSE=0.00587 Smooth=0.00014]
Epoch 879/1000 | λ=1.60e-05 | LR=4.53e-06 | Train [Total=0.00655 MSE=0.00651 Smooth=0.00003] | Val   [Total=0.00608 MSE=0.00593 Smooth=0.00014]
Epoch 880/1000 | λ=1.59e-05 | LR=4.48e-06 | Train [Total=0.01233 MSE=0.01231 Smooth=0.00003] | Val   [Total=0.00597 MSE=0.00583 Smooth=0.00014]
Epoch 881/1000 | λ=1.57e-05 | LR=4.42e-06 | Train [Total=0.00788 MSE=0.00785 Smooth=0.00003] | Val   [Total=0.00591 MSE=0.00577 Smooth=0.00014]
Epoch 882/1000 | λ=1.56e-05 | LR=4.36e-06 | Train [Total=0.01017 MSE=0.01014 Smooth=0.00004] | Val   [Total=0.00585 MSE=0.00571 Smooth=0.00014]
Epoch 883/1000 | λ=1.55e-05 | LR=4.31e-06 | Train [Total=0.01171 MSE=0.01168 Smooth=0.00003] | Val   [Total=0.00594 MSE=0.00580 Smooth=0.00014]
Epoch 884/1000 | λ=1.54e-05 | LR=4.25e-06 | Train [Total=0.01777 MSE=0.01774 Smooth=0.00004] | Val   [Total=0.00607 MSE=0.00593 Smooth=0.00014]
Epoch 885/1000 | λ=1.52e-05 | LR=4.20e-06 | Train [Total=0.00912 MSE=0.00909 Smooth=0.00003] | Val   [Total=0.00616 MSE=0.00603 Smooth=0.00014]
Epoch 886/1000 | λ=1.51e-05 | LR=4.14e-06 | Train [Total=0.00960 MSE=0.00957 Smooth=0.00003] | Val   [Total=0.00611 MSE=0.00597 Smooth=0.00014]
Epoch 887/1000 | λ=1.50e-05 | LR=4.09e-06 | Train [Total=0.00937 MSE=0.00934 Smooth=0.00003] | Val   [Total=0.00605 MSE=0.00591 Smooth=0.00013]
Epoch 888/1000 | λ=1.49e-05 | LR=4.03e-06 | Train [Total=0.01172 MSE=0.01168 Smooth=0.00004] | Val   [Total=0.00598 MSE=0.00585 Smooth=0.00013]
Epoch 889/1000 | λ=1.47e-05 | LR=3.98e-06 | Train [Total=0.01158 MSE=0.01155 Smooth=0.00003] | Val   [Total=0.00617 MSE=0.00604 Smooth=0.00013]
Epoch 890/1000 | λ=1.46e-05 | LR=3.93e-06 | Train [Total=0.01019 MSE=0.01017 Smooth=0.00002] | Val   [Total=0.00616 MSE=0.00602 Smooth=0.00013]
Epoch 891/1000 | λ=1.45e-05 | LR=3.87e-06 | Train [Total=0.01057 MSE=0.01054 Smooth=0.00003] | Val   [Total=0.00629 MSE=0.00616 Smooth=0.00013]
Epoch 892/1000 | λ=1.44e-05 | LR=3.82e-06 | Train [Total=0.01160 MSE=0.01158 Smooth=0.00002] | Val   [Total=0.00611 MSE=0.00598 Smooth=0.00013]
Epoch 893/1000 | λ=1.42e-05 | LR=3.77e-06 | Train [Total=0.01177 MSE=0.01174 Smooth=0.00004] | Val   [Total=0.00606 MSE=0.00593 Smooth=0.00013]
Epoch 894/1000 | λ=1.41e-05 | LR=3.72e-06 | Train [Total=0.00743 MSE=0.00740 Smooth=0.00003] | Val   [Total=0.00591 MSE=0.00578 Smooth=0.00013]
Epoch 895/1000 | λ=1.40e-05 | LR=3.67e-06 | Train [Total=0.00873 MSE=0.00870 Smooth=0.00003] | Val   [Total=0.00612 MSE=0.00600 Smooth=0.00013]
Epoch 896/1000 | λ=1.39e-05 | LR=3.62e-06 | Train [Total=0.00561 MSE=0.00557 Smooth=0.00003] | Val   [Total=0.00614 MSE=0.00601 Smooth=0.00012]
Epoch 897/1000 | λ=1.37e-05 | LR=3.57e-06 | Train [Total=0.01092 MSE=0.01089 Smooth=0.00003] | Val   [Total=0.00593 MSE=0.00580 Smooth=0.00012]
Epoch 898/1000 | λ=1.36e-05 | LR=3.52e-06 | Train [Total=0.01570 MSE=0.01567 Smooth=0.00002] | Val   [Total=0.00613 MSE=0.00601 Smooth=0.00012]
Epoch 899/1000 | λ=1.35e-05 | LR=3.47e-06 | Train [Total=0.01220 MSE=0.01217 Smooth=0.00003] | Val   [Total=0.00616 MSE=0.00604 Smooth=0.00012]
Epoch 900/1000 | λ=1.34e-05 | LR=3.42e-06 | Train [Total=0.01045 MSE=0.01041 Smooth=0.00004] | Val   [Total=0.00608 MSE=0.00596 Smooth=0.00012]
Epoch 901/1000 | λ=1.33e-05 | LR=3.37e-06 | Train [Total=0.01064 MSE=0.01060 Smooth=0.00003] | Val   [Total=0.00613 MSE=0.00601 Smooth=0.00012]
Epoch 902/1000 | λ=1.31e-05 | LR=3.33e-06 | Train [Total=0.01071 MSE=0.01068 Smooth=0.00003] | Val   [Total=0.00608 MSE=0.00596 Smooth=0.00012]
Epoch 903/1000 | λ=1.30e-05 | LR=3.28e-06 | Train [Total=0.00795 MSE=0.00792 Smooth=0.00003] | Val   [Total=0.00601 MSE=0.00589 Smooth=0.00012]
Epoch 904/1000 | λ=1.29e-05 | LR=3.23e-06 | Train [Total=0.00761 MSE=0.00758 Smooth=0.00003] | Val   [Total=0.00606 MSE=0.00595 Smooth=0.00012]
Epoch 905/1000 | λ=1.28e-05 | LR=3.19e-06 | Train [Total=0.00791 MSE=0.00788 Smooth=0.00003] | Val   [Total=0.00595 MSE=0.00583 Smooth=0.00011]
Epoch 906/1000 | λ=1.26e-05 | LR=3.14e-06 | Train [Total=0.01004 MSE=0.01001 Smooth=0.00003] | Val   [Total=0.00606 MSE=0.00595 Smooth=0.00011]
Epoch 907/1000 | λ=1.25e-05 | LR=3.10e-06 | Train [Total=0.01292 MSE=0.01289 Smooth=0.00003] | Val   [Total=0.00619 MSE=0.00608 Smooth=0.00011]
Epoch 908/1000 | λ=1.24e-05 | LR=3.05e-06 | Train [Total=0.01000 MSE=0.00997 Smooth=0.00004] | Val   [Total=0.00620 MSE=0.00609 Smooth=0.00011]
Epoch 909/1000 | λ=1.23e-05 | LR=3.01e-06 | Train [Total=0.00906 MSE=0.00903 Smooth=0.00002] | Val   [Total=0.00601 MSE=0.00590 Smooth=0.00011]
Epoch 910/1000 | λ=1.21e-05 | LR=2.97e-06 | Train [Total=0.01340 MSE=0.01338 Smooth=0.00003] | Val   [Total=0.00611 MSE=0.00600 Smooth=0.00011]
Epoch 911/1000 | λ=1.20e-05 | LR=2.92e-06 | Train [Total=0.01091 MSE=0.01089 Smooth=0.00003] | Val   [Total=0.00610 MSE=0.00599 Smooth=0.00011]
Epoch 912/1000 | λ=1.19e-05 | LR=2.88e-06 | Train [Total=0.01297 MSE=0.01294 Smooth=0.00003] | Val   [Total=0.00626 MSE=0.00616 Smooth=0.00011]
Epoch 913/1000 | λ=1.18e-05 | LR=2.84e-06 | Train [Total=0.01365 MSE=0.01363 Smooth=0.00002] | Val   [Total=0.00633 MSE=0.00622 Smooth=0.00010]
Epoch 914/1000 | λ=1.16e-05 | LR=2.80e-06 | Train [Total=0.01298 MSE=0.01296 Smooth=0.00002] | Val   [Total=0.00621 MSE=0.00611 Smooth=0.00010]
Epoch 915/1000 | λ=1.15e-05 | LR=2.75e-06 | Train [Total=0.00791 MSE=0.00788 Smooth=0.00003] | Val   [Total=0.00614 MSE=0.00603 Smooth=0.00010]
Epoch 916/1000 | λ=1.14e-05 | LR=2.71e-06 | Train [Total=0.01335 MSE=0.01332 Smooth=0.00003] | Val   [Total=0.00611 MSE=0.00600 Smooth=0.00010]
Epoch 917/1000 | λ=1.13e-05 | LR=2.67e-06 | Train [Total=0.01048 MSE=0.01046 Smooth=0.00002] | Val   [Total=0.00614 MSE=0.00604 Smooth=0.00010]
Epoch 918/1000 | λ=1.11e-05 | LR=2.63e-06 | Train [Total=0.00824 MSE=0.00821 Smooth=0.00003] | Val   [Total=0.00619 MSE=0.00609 Smooth=0.00010]
Epoch 919/1000 | λ=1.10e-05 | LR=2.59e-06 | Train [Total=0.00567 MSE=0.00564 Smooth=0.00003] | Val   [Total=0.00621 MSE=0.00611 Smooth=0.00010]
Epoch 920/1000 | λ=1.09e-05 | LR=2.56e-06 | Train [Total=0.00812 MSE=0.00810 Smooth=0.00003] | Val   [Total=0.00618 MSE=0.00608 Smooth=0.00010]
Epoch 921/1000 | λ=1.08e-05 | LR=2.52e-06 | Train [Total=0.01042 MSE=0.01040 Smooth=0.00002] | Val   [Total=0.00618 MSE=0.00609 Smooth=0.00010]
Epoch 922/1000 | λ=1.07e-05 | LR=2.48e-06 | Train [Total=0.00698 MSE=0.00697 Smooth=0.00002] | Val   [Total=0.00615 MSE=0.00605 Smooth=0.00010]
Epoch 923/1000 | λ=1.05e-05 | LR=2.44e-06 | Train [Total=0.01310 MSE=0.01307 Smooth=0.00003] | Val   [Total=0.00617 MSE=0.00608 Smooth=0.00009]
Epoch 924/1000 | λ=1.04e-05 | LR=2.40e-06 | Train [Total=0.00776 MSE=0.00774 Smooth=0.00002] | Val   [Total=0.00608 MSE=0.00598 Smooth=0.00009]
Epoch 925/1000 | λ=1.03e-05 | LR=2.37e-06 | Train [Total=0.01088 MSE=0.01086 Smooth=0.00003] | Val   [Total=0.00603 MSE=0.00594 Smooth=0.00009]
Epoch 926/1000 | λ=1.02e-05 | LR=2.33e-06 | Train [Total=0.00837 MSE=0.00835 Smooth=0.00002] | Val   [Total=0.00601 MSE=0.00592 Smooth=0.00009]
Epoch 927/1000 | λ=1.00e-05 | LR=2.30e-06 | Train [Total=0.01041 MSE=0.01038 Smooth=0.00003] | Val   [Total=0.00595 MSE=0.00586 Smooth=0.00009]
Epoch 928/1000 | λ=9.91e-06 | LR=2.26e-06 | Train [Total=0.01000 MSE=0.00997 Smooth=0.00002] | Val   [Total=0.00592 MSE=0.00583 Smooth=0.00009]
Epoch 929/1000 | λ=9.79e-06 | LR=2.23e-06 | Train [Total=0.00856 MSE=0.00854 Smooth=0.00002] | Val   [Total=0.00604 MSE=0.00596 Smooth=0.00009]
Epoch 930/1000 | λ=9.66e-06 | LR=2.19e-06 | Train [Total=0.01576 MSE=0.01575 Smooth=0.00002] | Val   [Total=0.00613 MSE=0.00604 Smooth=0.00009]
Epoch 931/1000 | λ=9.54e-06 | LR=2.16e-06 | Train [Total=0.00802 MSE=0.00799 Smooth=0.00002] | Val   [Total=0.00612 MSE=0.00604 Smooth=0.00009]
Epoch 932/1000 | λ=9.42e-06 | LR=2.13e-06 | Train [Total=0.01579 MSE=0.01577 Smooth=0.00003] | Val   [Total=0.00616 MSE=0.00608 Smooth=0.00008]
Epoch 933/1000 | λ=9.29e-06 | LR=2.09e-06 | Train [Total=0.01383 MSE=0.01382 Smooth=0.00002] | Val   [Total=0.00627 MSE=0.00619 Smooth=0.00008]
Epoch 934/1000 | λ=9.17e-06 | LR=2.06e-06 | Train [Total=0.00810 MSE=0.00808 Smooth=0.00002] | Val   [Total=0.00619 MSE=0.00611 Smooth=0.00008]
Epoch 935/1000 | λ=9.04e-06 | LR=2.03e-06 | Train [Total=0.00815 MSE=0.00814 Smooth=0.00002] | Val   [Total=0.00622 MSE=0.00614 Smooth=0.00008]
Epoch 936/1000 | λ=8.92e-06 | LR=2.00e-06 | Train [Total=0.00989 MSE=0.00987 Smooth=0.00002] | Val   [Total=0.00625 MSE=0.00617 Smooth=0.00008]
Epoch 937/1000 | λ=8.80e-06 | LR=1.97e-06 | Train [Total=0.01271 MSE=0.01270 Smooth=0.00001] | Val   [Total=0.00624 MSE=0.00616 Smooth=0.00008]
Epoch 938/1000 | λ=8.67e-06 | LR=1.94e-06 | Train [Total=0.00844 MSE=0.00842 Smooth=0.00002] | Val   [Total=0.00619 MSE=0.00612 Smooth=0.00008]
Epoch 939/1000 | λ=8.55e-06 | LR=1.91e-06 | Train [Total=0.01327 MSE=0.01325 Smooth=0.00002] | Val   [Total=0.00617 MSE=0.00610 Smooth=0.00008]
Epoch 940/1000 | λ=8.43e-06 | LR=1.88e-06 | Train [Total=0.00814 MSE=0.00813 Smooth=0.00002] | Val   [Total=0.00614 MSE=0.00607 Smooth=0.00008]
Epoch 941/1000 | λ=8.30e-06 | LR=1.85e-06 | Train [Total=0.01291 MSE=0.01289 Smooth=0.00002] | Val   [Total=0.00621 MSE=0.00614 Smooth=0.00007]
Epoch 942/1000 | λ=8.18e-06 | LR=1.82e-06 | Train [Total=0.00955 MSE=0.00953 Smooth=0.00002] | Val   [Total=0.00622 MSE=0.00615 Smooth=0.00007]
Epoch 943/1000 | λ=8.05e-06 | LR=1.79e-06 | Train [Total=0.00964 MSE=0.00962 Smooth=0.00002] | Val   [Total=0.00624 MSE=0.00617 Smooth=0.00007]
Epoch 944/1000 | λ=7.93e-06 | LR=1.76e-06 | Train [Total=0.01357 MSE=0.01356 Smooth=0.00002] | Val   [Total=0.00623 MSE=0.00616 Smooth=0.00007]
Epoch 945/1000 | λ=7.81e-06 | LR=1.74e-06 | Train [Total=0.01292 MSE=0.01290 Smooth=0.00002] | Val   [Total=0.00622 MSE=0.00615 Smooth=0.00007]
Epoch 946/1000 | λ=7.68e-06 | LR=1.71e-06 | Train [Total=0.00881 MSE=0.00880 Smooth=0.00002] | Val   [Total=0.00616 MSE=0.00609 Smooth=0.00007]
Epoch 947/1000 | λ=7.56e-06 | LR=1.68e-06 | Train [Total=0.01118 MSE=0.01116 Smooth=0.00002] | Val   [Total=0.00619 MSE=0.00612 Smooth=0.00007]
Epoch 948/1000 | λ=7.43e-06 | LR=1.66e-06 | Train [Total=0.00913 MSE=0.00911 Smooth=0.00002] | Val   [Total=0.00616 MSE=0.00610 Smooth=0.00007]
Epoch 949/1000 | λ=7.31e-06 | LR=1.63e-06 | Train [Total=0.01394 MSE=0.01392 Smooth=0.00001] | Val   [Total=0.00617 MSE=0.00611 Smooth=0.00007]
Epoch 950/1000 | λ=7.19e-06 | LR=1.61e-06 | Train [Total=0.01253 MSE=0.01251 Smooth=0.00002] | Val   [Total=0.00618 MSE=0.00612 Smooth=0.00006]
Epoch 951/1000 | λ=7.06e-06 | LR=1.59e-06 | Train [Total=0.01310 MSE=0.01309 Smooth=0.00002] | Val   [Total=0.00615 MSE=0.00609 Smooth=0.00006]
Epoch 952/1000 | λ=6.94e-06 | LR=1.56e-06 | Train [Total=0.00638 MSE=0.00636 Smooth=0.00002] | Val   [Total=0.00616 MSE=0.00609 Smooth=0.00006]
Epoch 953/1000 | λ=6.82e-06 | LR=1.54e-06 | Train [Total=0.01075 MSE=0.01074 Smooth=0.00001] | Val   [Total=0.00619 MSE=0.00613 Smooth=0.00006]
Epoch 954/1000 | λ=6.69e-06 | LR=1.52e-06 | Train [Total=0.00864 MSE=0.00863 Smooth=0.00002] | Val   [Total=0.00619 MSE=0.00613 Smooth=0.00006]
Epoch 955/1000 | λ=6.57e-06 | LR=1.49e-06 | Train [Total=0.00677 MSE=0.00676 Smooth=0.00001] | Val   [Total=0.00619 MSE=0.00613 Smooth=0.00006]
Epoch 956/1000 | λ=6.44e-06 | LR=1.47e-06 | Train [Total=0.00962 MSE=0.00961 Smooth=0.00001] | Val   [Total=0.00620 MSE=0.00614 Smooth=0.00006]
Epoch 957/1000 | λ=6.32e-06 | LR=1.45e-06 | Train [Total=0.00724 MSE=0.00722 Smooth=0.00001] | Val   [Total=0.00621 MSE=0.00615 Smooth=0.00006]
Epoch 958/1000 | λ=6.20e-06 | LR=1.43e-06 | Train [Total=0.01133 MSE=0.01132 Smooth=0.00001] | Val   [Total=0.00625 MSE=0.00619 Smooth=0.00006]
Epoch 959/1000 | λ=6.07e-06 | LR=1.41e-06 | Train [Total=0.00763 MSE=0.00762 Smooth=0.00001] | Val   [Total=0.00613 MSE=0.00608 Smooth=0.00005]
Epoch 960/1000 | λ=5.95e-06 | LR=1.39e-06 | Train [Total=0.01384 MSE=0.01382 Smooth=0.00001] | Val   [Total=0.00609 MSE=0.00604 Smooth=0.00005]
Epoch 961/1000 | λ=5.83e-06 | LR=1.37e-06 | Train [Total=0.01297 MSE=0.01296 Smooth=0.00001] | Val   [Total=0.00608 MSE=0.00603 Smooth=0.00005]
Epoch 962/1000 | λ=5.70e-06 | LR=1.35e-06 | Train [Total=0.00666 MSE=0.00665 Smooth=0.00002] | Val   [Total=0.00611 MSE=0.00606 Smooth=0.00005]
Epoch 963/1000 | λ=5.58e-06 | LR=1.33e-06 | Train [Total=0.00923 MSE=0.00921 Smooth=0.00001] | Val   [Total=0.00612 MSE=0.00607 Smooth=0.00005]
Epoch 964/1000 | λ=5.45e-06 | LR=1.32e-06 | Train [Total=0.01235 MSE=0.01234 Smooth=0.00001] | Val   [Total=0.00610 MSE=0.00605 Smooth=0.00005]
Epoch 965/1000 | λ=5.33e-06 | LR=1.30e-06 | Train [Total=0.01341 MSE=0.01340 Smooth=0.00001] | Val   [Total=0.00613 MSE=0.00608 Smooth=0.00005]
Epoch 966/1000 | λ=5.21e-06 | LR=1.28e-06 | Train [Total=0.01358 MSE=0.01357 Smooth=0.00001] | Val   [Total=0.00614 MSE=0.00609 Smooth=0.00005]
Epoch 967/1000 | λ=5.08e-06 | LR=1.27e-06 | Train [Total=0.00766 MSE=0.00764 Smooth=0.00002] | Val   [Total=0.00613 MSE=0.00609 Smooth=0.00005]
Epoch 968/1000 | λ=4.96e-06 | LR=1.25e-06 | Train [Total=0.00985 MSE=0.00984 Smooth=0.00001] | Val   [Total=0.00615 MSE=0.00611 Smooth=0.00004]
Epoch 969/1000 | λ=4.84e-06 | LR=1.23e-06 | Train [Total=0.01292 MSE=0.01291 Smooth=0.00001] | Val   [Total=0.00620 MSE=0.00615 Smooth=0.00004]
Epoch 970/1000 | λ=4.71e-06 | LR=1.22e-06 | Train [Total=0.01084 MSE=0.01083 Smooth=0.00001] | Val   [Total=0.00620 MSE=0.00616 Smooth=0.00004]
Epoch 971/1000 | λ=4.59e-06 | LR=1.21e-06 | Train [Total=0.01104 MSE=0.01103 Smooth=0.00001] | Val   [Total=0.00623 MSE=0.00618 Smooth=0.00004]
Epoch 972/1000 | λ=4.47e-06 | LR=1.19e-06 | Train [Total=0.00990 MSE=0.00989 Smooth=0.00001] | Val   [Total=0.00615 MSE=0.00611 Smooth=0.00004]
Epoch 973/1000 | λ=4.34e-06 | LR=1.18e-06 | Train [Total=0.01140 MSE=0.01139 Smooth=0.00001] | Val   [Total=0.00610 MSE=0.00606 Smooth=0.00004]
Epoch 974/1000 | λ=4.22e-06 | LR=1.17e-06 | Train [Total=0.01049 MSE=0.01048 Smooth=0.00001] | Val   [Total=0.00610 MSE=0.00606 Smooth=0.00004]
Epoch 975/1000 | λ=4.09e-06 | LR=1.15e-06 | Train [Total=0.01290 MSE=0.01289 Smooth=0.00001] | Val   [Total=0.00614 MSE=0.00611 Smooth=0.00004]
Epoch 976/1000 | λ=3.97e-06 | LR=1.14e-06 | Train [Total=0.01139 MSE=0.01138 Smooth=0.00001] | Val   [Total=0.00608 MSE=0.00604 Smooth=0.00004]
Epoch 977/1000 | λ=3.85e-06 | LR=1.13e-06 | Train [Total=0.01091 MSE=0.01091 Smooth=0.00001] | Val   [Total=0.00610 MSE=0.00606 Smooth=0.00003]
Epoch 978/1000 | λ=3.72e-06 | LR=1.12e-06 | Train [Total=0.01244 MSE=0.01243 Smooth=0.00001] | Val   [Total=0.00608 MSE=0.00605 Smooth=0.00003]
Epoch 979/1000 | λ=3.60e-06 | LR=1.11e-06 | Train [Total=0.01364 MSE=0.01363 Smooth=0.00001] | Val   [Total=0.00607 MSE=0.00604 Smooth=0.00003]
Epoch 980/1000 | λ=3.48e-06 | LR=1.10e-06 | Train [Total=0.01061 MSE=0.01060 Smooth=0.00001] | Val   [Total=0.00608 MSE=0.00605 Smooth=0.00003]
Epoch 981/1000 | λ=3.35e-06 | LR=1.09e-06 | Train [Total=0.00896 MSE=0.00895 Smooth=0.00001] | Val   [Total=0.00606 MSE=0.00603 Smooth=0.00003]
Epoch 982/1000 | λ=3.23e-06 | LR=1.08e-06 | Train [Total=0.01167 MSE=0.01166 Smooth=0.00001] | Val   [Total=0.00610 MSE=0.00607 Smooth=0.00003]
Epoch 983/1000 | λ=3.10e-06 | LR=1.07e-06 | Train [Total=0.01272 MSE=0.01272 Smooth=0.00001] | Val   [Total=0.00616 MSE=0.00613 Smooth=0.00003]
Epoch 984/1000 | λ=2.98e-06 | LR=1.06e-06 | Train [Total=0.01389 MSE=0.01388 Smooth=0.00001] | Val   [Total=0.00616 MSE=0.00614 Smooth=0.00003]
Epoch 985/1000 | λ=2.86e-06 | LR=1.05e-06 | Train [Total=0.01038 MSE=0.01037 Smooth=0.00001] | Val   [Total=0.00621 MSE=0.00618 Smooth=0.00003]
Epoch 986/1000 | λ=2.73e-06 | LR=1.05e-06 | Train [Total=0.01250 MSE=0.01249 Smooth=0.00001] | Val   [Total=0.00615 MSE=0.00613 Smooth=0.00002]
Epoch 987/1000 | λ=2.61e-06 | LR=1.04e-06 | Train [Total=0.00871 MSE=0.00870 Smooth=0.00001] | Val   [Total=0.00615 MSE=0.00613 Smooth=0.00002]
Epoch 988/1000 | λ=2.49e-06 | LR=1.04e-06 | Train [Total=0.01159 MSE=0.01159 Smooth=0.00000] | Val   [Total=0.00617 MSE=0.00614 Smooth=0.00002]
Epoch 989/1000 | λ=2.36e-06 | LR=1.03e-06 | Train [Total=0.01160 MSE=0.01160 Smooth=0.00001] | Val   [Total=0.00616 MSE=0.00614 Smooth=0.00002]
Epoch 990/1000 | λ=2.24e-06 | LR=1.02e-06 | Train [Total=0.01383 MSE=0.01383 Smooth=0.00001] | Val   [Total=0.00611 MSE=0.00609 Smooth=0.00002]
Epoch 991/1000 | λ=2.11e-06 | LR=1.02e-06 | Train [Total=0.00832 MSE=0.00831 Smooth=0.00001] | Val   [Total=0.00615 MSE=0.00613 Smooth=0.00002]
Epoch 992/1000 | λ=1.99e-06 | LR=1.02e-06 | Train [Total=0.01097 MSE=0.01097 Smooth=0.00000] | Val   [Total=0.00619 MSE=0.00618 Smooth=0.00002]
Epoch 993/1000 | λ=1.87e-06 | LR=1.01e-06 | Train [Total=0.00676 MSE=0.00676 Smooth=0.00000] | Val   [Total=0.00621 MSE=0.00620 Smooth=0.00002]
Epoch 994/1000 | λ=1.74e-06 | LR=1.01e-06 | Train [Total=0.00839 MSE=0.00838 Smooth=0.00000] | Val   [Total=0.00618 MSE=0.00617 Smooth=0.00002]
Epoch 995/1000 | λ=1.62e-06 | LR=1.01e-06 | Train [Total=0.00850 MSE=0.00850 Smooth=0.00000] | Val   [Total=0.00613 MSE=0.00611 Smooth=0.00001]
Epoch 996/1000 | λ=1.49e-06 | LR=1.00e-06 | Train [Total=0.00979 MSE=0.00978 Smooth=0.00000] | Val   [Total=0.00618 MSE=0.00616 Smooth=0.00001]
Epoch 997/1000 | λ=1.37e-06 | LR=1.00e-06 | Train [Total=0.01548 MSE=0.01548 Smooth=0.00000] | Val   [Total=0.00618 MSE=0.00617 Smooth=0.00001]
Epoch 998/1000 | λ=1.25e-06 | LR=1.00e-06 | Train [Total=0.00879 MSE=0.00879 Smooth=0.00000] | Val   [Total=0.00623 MSE=0.00622 Smooth=0.00001]
Epoch 999/1000 | λ=1.12e-06 | LR=1.00e-06 | Train [Total=0.00917 MSE=0.00917 Smooth=0.00000] | Val   [Total=0.00621 MSE=0.00620 Smooth=0.00001]
Epoch 1000/1000 | λ=1.00e-06 | LR=1.00e-06 | Train [Total=0.01166 MSE=0.01166 Smooth=0.00000] | Val   [Total=0.00618 MSE=0.00617 Smooth=0.00001]
Training complete.
